2023-01-11T00:55:14.698+09:00,Hoseop Shin,Action,RevealIn,complex_class,Popup,C:/Users/hoseop/AppData/Roaming/JetBrains/CLion2022.3/plugins/activity-tracker/ide-events.csv,,0,0,Default task
2023-01-11T00:55:36.333+09:00,Hoseop Shin,KeyEvent,65535:17:2,complex_class,Project,C:/Users/hoseop/CLionProjects/complex_class/complex.h,,9,54,Default task
2023-01-11T00:55:36.436+09:00,Hoseop Shin,Action,$Copy,complex_class,Project,C:/Users/hoseop/CLionProjects/complex_class/complex.h,,9,54,Default task
2023-01-11T00:55:36.445+09:00,Hoseop Shin,KeyEvent,3:67:2,complex_class,Project,C:/Users/hoseop/CLionProjects/complex_class/complex.h,,9,54,Default task
2023-01-11T00:56:45.915+09:00,Hoseop Shin,Action,OpenFile,complex_class,Popup,C:/Users/hoseop/CLionProjects/complex_class/complex.h,,9,54,Default task
2023-01-11T00:56:49.440+09:00,Hoseop Shin,Action,CPP.CreateCMakeProject,complex_class,Popup,C:/Users/hoseop/CLionProjects/complex_class/complex.h,,9,54,Default task
2023-01-11T00:56:53.096+09:00,Hoseop Shin,KeyEvent,99:67:0,complex_class,Popup,C:/Users/hoseop/CLionProjects/complex_class/complex.h,,9,54,Default task
2023-01-11T00:56:53.166+09:00,Hoseop Shin,KeyEvent,111:79:0,complex_class,Popup,C:/Users/hoseop/CLionProjects/complex_class/complex.h,,9,54,Default task
2023-01-11T00:56:53.268+09:00,Hoseop Shin,KeyEvent,110:78:0,complex_class,Popup,C:/Users/hoseop/CLionProjects/complex_class/complex.h,,9,54,Default task
2023-01-11T00:56:53.340+09:00,Hoseop Shin,KeyEvent,115:83:0,complex_class,Popup,C:/Users/hoseop/CLionProjects/complex_class/complex.h,,9,54,Default task
2023-01-11T00:56:53.497+09:00,Hoseop Shin,KeyEvent,116:84:0,complex_class,Popup,C:/Users/hoseop/CLionProjects/complex_class/complex.h,,9,54,Default task
2023-01-11T00:56:54.550+09:00,Hoseop Shin,KeyEvent,114:82:0,complex_class,Popup,C:/Users/hoseop/CLionProjects/complex_class/complex.h,,9,54,Default task
2023-01-11T00:56:54.793+09:00,Hoseop Shin,KeyEvent,117:85:0,complex_class,Popup,C:/Users/hoseop/CLionProjects/complex_class/complex.h,,9,54,Default task
2023-01-11T00:56:55.074+09:00,Hoseop Shin,KeyEvent,99:67:0,complex_class,Popup,C:/Users/hoseop/CLionProjects/complex_class/complex.h,,9,54,Default task
2023-01-11T00:56:55.465+09:00,Hoseop Shin,KeyEvent,116:84:0,complex_class,Popup,C:/Users/hoseop/CLionProjects/complex_class/complex.h,,9,54,Default task
2023-01-11T00:56:55.666+09:00,Hoseop Shin,KeyEvent,111:79:0,complex_class,Popup,C:/Users/hoseop/CLionProjects/complex_class/complex.h,,9,54,Default task
2023-01-11T00:56:55.780+09:00,Hoseop Shin,KeyEvent,114:82:0,complex_class,Popup,C:/Users/hoseop/CLionProjects/complex_class/complex.h,,9,54,Default task
2023-01-11T00:57:36.299+09:00,Hoseop Shin,Action,RenameFile,constructor,Popup,C:/Users/hoseop/CLionProjects/constructor/main.cpp,,6,0,Default task
2023-01-11T00:57:39.755+09:00,Hoseop Shin,KeyEvent,65535:20:0,constructor,Popup,C:/Users/hoseop/CLionProjects/constructor/main.cpp,,6,0,Default task
2023-01-11T00:57:39.935+09:00,Hoseop Shin,KeyEvent,86:86:0,constructor,Popup,C:/Users/hoseop/CLionProjects/constructor/main.cpp,,6,0,Default task
2023-01-11T00:57:40.051+09:00,Hoseop Shin,KeyEvent,65535:20:0,constructor,Popup,C:/Users/hoseop/CLionProjects/constructor/main.cpp,,6,0,Default task
2023-01-11T00:57:40.204+09:00,Hoseop Shin,KeyEvent,101:69:0,constructor,Popup,C:/Users/hoseop/CLionProjects/constructor/main.cpp,,6,0,Default task
2023-01-11T00:57:41.278+09:00,Hoseop Shin,KeyEvent,104:72:0,constructor,Popup,C:/Users/hoseop/CLionProjects/constructor/main.cpp,,6,0,Default task
2023-01-11T00:57:41.368+09:00,Hoseop Shin,KeyEvent,105:73:0,constructor,Popup,C:/Users/hoseop/CLionProjects/constructor/main.cpp,,6,0,Default task
2023-01-11T00:57:41.598+09:00,Hoseop Shin,KeyEvent,99:67:0,constructor,Popup,C:/Users/hoseop/CLionProjects/constructor/main.cpp,,6,0,Default task
2023-01-11T00:57:41.691+09:00,Hoseop Shin,KeyEvent,108:76:0,constructor,Popup,C:/Users/hoseop/CLionProjects/constructor/main.cpp,,6,0,Default task
2023-01-11T00:57:41.796+09:00,Hoseop Shin,KeyEvent,101:69:0,constructor,Popup,C:/Users/hoseop/CLionProjects/constructor/main.cpp,,6,0,Default task
2023-01-11T00:57:42.690+09:00,Hoseop Shin,KeyEvent,65535:20:0,constructor,Popup,C:/Users/hoseop/CLionProjects/constructor/main.cpp,,6,0,Default task
2023-01-11T00:57:42.864+09:00,Hoseop Shin,KeyEvent,84:84:0,constructor,Popup,C:/Users/hoseop/CLionProjects/constructor/main.cpp,,6,0,Default task
2023-01-11T00:57:42.983+09:00,Hoseop Shin,KeyEvent,65535:20:0,constructor,Popup,C:/Users/hoseop/CLionProjects/constructor/main.cpp,,6,0,Default task
2023-01-11T00:57:43.132+09:00,Hoseop Shin,KeyEvent,101:69:0,constructor,Popup,C:/Users/hoseop/CLionProjects/constructor/main.cpp,,6,0,Default task
2023-01-11T00:57:43.339+09:00,Hoseop Shin,KeyEvent,115:83:0,constructor,Popup,C:/Users/hoseop/CLionProjects/constructor/main.cpp,,6,0,Default task
2023-01-11T00:57:43.458+09:00,Hoseop Shin,KeyEvent,116:84:0,constructor,Popup,C:/Users/hoseop/CLionProjects/constructor/main.cpp,,6,0,Default task
2023-01-11T00:57:56.434+09:00,Hoseop Shin,Action,CPP.NewCppFile,constructor,Popup,C:/Users/hoseop/CLionProjects/constructor/VehicleTest.cpp,,6,0,Default task
2023-01-11T00:57:58.618+09:00,Hoseop Shin,KeyEvent,118:86:0,constructor,Popup,C:/Users/hoseop/CLionProjects/constructor/VehicleTest.cpp,,6,0,Default task
2023-01-11T00:57:58.848+09:00,Hoseop Shin,KeyEvent,101:69:0,constructor,Popup,C:/Users/hoseop/CLionProjects/constructor/VehicleTest.cpp,,6,0,Default task
2023-01-11T00:57:59.796+09:00,Hoseop Shin,Action,EditorBackSpace,constructor,Popup,C:/Users/hoseop/CLionProjects/constructor/VehicleTest.cpp,,6,0,Default task
2023-01-11T00:57:59.821+09:00,Hoseop Shin,KeyEvent,8:8:0,constructor,Popup,C:/Users/hoseop/CLionProjects/constructor/VehicleTest.cpp,,6,0,Default task
2023-01-11T00:57:59.909+09:00,Hoseop Shin,Action,EditorBackSpace,constructor,Popup,C:/Users/hoseop/CLionProjects/constructor/VehicleTest.cpp,,6,0,Default task
2023-01-11T00:57:59.912+09:00,Hoseop Shin,KeyEvent,8:8:0,constructor,Popup,C:/Users/hoseop/CLionProjects/constructor/VehicleTest.cpp,,6,0,Default task
2023-01-11T00:57:59.989+09:00,Hoseop Shin,KeyEvent,65535:20:0,constructor,Popup,C:/Users/hoseop/CLionProjects/constructor/VehicleTest.cpp,,6,0,Default task
2023-01-11T00:58:00.132+09:00,Hoseop Shin,KeyEvent,86:86:0,constructor,Popup,C:/Users/hoseop/CLionProjects/constructor/VehicleTest.cpp,,6,0,Default task
2023-01-11T00:58:00.229+09:00,Hoseop Shin,KeyEvent,65535:20:0,constructor,Popup,C:/Users/hoseop/CLionProjects/constructor/VehicleTest.cpp,,6,0,Default task
2023-01-11T00:58:00.393+09:00,Hoseop Shin,KeyEvent,101:69:0,constructor,Popup,C:/Users/hoseop/CLionProjects/constructor/VehicleTest.cpp,,6,0,Default task
2023-01-11T00:58:01.219+09:00,Hoseop Shin,KeyEvent,104:72:0,constructor,Popup,C:/Users/hoseop/CLionProjects/constructor/VehicleTest.cpp,,6,0,Default task
2023-01-11T00:58:01.301+09:00,Hoseop Shin,KeyEvent,105:73:0,constructor,Popup,C:/Users/hoseop/CLionProjects/constructor/VehicleTest.cpp,,6,0,Default task
2023-01-11T00:58:01.573+09:00,Hoseop Shin,KeyEvent,99:67:0,constructor,Popup,C:/Users/hoseop/CLionProjects/constructor/VehicleTest.cpp,,6,0,Default task
2023-01-11T00:58:01.663+09:00,Hoseop Shin,KeyEvent,108:76:0,constructor,Popup,C:/Users/hoseop/CLionProjects/constructor/VehicleTest.cpp,,6,0,Default task
2023-01-11T00:58:01.744+09:00,Hoseop Shin,KeyEvent,101:69:0,constructor,Popup,C:/Users/hoseop/CLionProjects/constructor/VehicleTest.cpp,,6,0,Default task
2023-01-11T00:58:24.127+09:00,Hoseop Shin,KeyEvent,65535:17:2,constructor,Editor,C:/Users/hoseop/CLionProjects/constructor/VehicleTest.cpp,,2,0,Default task
2023-01-11T00:58:24.181+09:00,Hoseop Shin,Action,EditorPaste,constructor,Editor,C:/Users/hoseop/CLionProjects/constructor/VehicleTest.cpp,,2,0,Default task
2023-01-11T00:58:24.308+09:00,Hoseop Shin,KeyEvent,22:86:2,constructor,Editor,C:/Users/hoseop/CLionProjects/constructor/VehicleTest.cpp,,29,0,Default task
2023-01-11T00:58:41.989+09:00,Hoseop Shin,KeyEvent,65535:17:2,constructor,Editor,C:/Users/hoseop/CLionProjects/constructor/Vehicle.cpp,,4,0,Default task
2023-01-11T00:58:42.037+09:00,Hoseop Shin,Action,EditorPaste,constructor,Editor,C:/Users/hoseop/CLionProjects/constructor/Vehicle.cpp,,4,0,Default task
2023-01-11T00:58:42.120+09:00,Hoseop Shin,KeyEvent,22:86:2,constructor,Editor,C:/Users/hoseop/CLionProjects/constructor/Vehicle.cpp,,21,1,Default task
2023-01-11T00:58:52.648+09:00,Hoseop Shin,KeyEvent,65535:17:2,constructor,Editor,C:/Users/hoseop/CLionProjects/constructor/Vehicle.h,,4,0,Default task
2023-01-11T00:58:52.703+09:00,Hoseop Shin,Action,EditorPaste,constructor,Editor,C:/Users/hoseop/CLionProjects/constructor/Vehicle.h,,4,0,Default task
2023-01-11T00:58:52.737+09:00,Hoseop Shin,KeyEvent,22:86:2,constructor,Editor,C:/Users/hoseop/CLionProjects/constructor/Vehicle.h,,17,0,Default task
2023-01-11T00:59:26.165+09:00,Hoseop Shin,KeyEvent,65535:16:1,constructor,Editor,C:/Users/hoseop/CLionProjects/constructor/VehicleTest.cpp,,11,18,Default task
2023-01-11T00:59:26.279+09:00,Hoseop Shin,Action,Run,constructor,Editor,C:/Users/hoseop/CLionProjects/constructor/VehicleTest.cpp,,11,18,Default task
2023-01-11T00:59:26.288+09:00,Hoseop Shin,KeyEvent,65535:121:1,constructor,Editor,C:/Users/hoseop/CLionProjects/constructor/VehicleTest.cpp,,11,18,Default task
2023-01-11T00:59:31.486+09:00,Hoseop Shin,KeyEvent,65535:18:8,constructor,Editor,C:/Users/hoseop/CLionProjects/constructor/VehicleTest.cpp,,9,8,Default task
2023-01-11T00:59:31.578+09:00,Hoseop Shin,Action,ShowIntentionActions,constructor,Editor,C:/Users/hoseop/CLionProjects/constructor/VehicleTest.cpp,,9,8,Default task
2023-01-11T00:59:31.629+09:00,Hoseop Shin,KeyEvent,10:10:8,constructor,Editor,C:/Users/hoseop/CLionProjects/constructor/VehicleTest.cpp,,9,8,Default task
2023-01-11T00:59:49.902+09:00,Hoseop Shin,KeyEvent,27:27:0,,,,,-1,-1,
2023-01-11T01:00:34.075+09:00,Hoseop Shin,KeyEvent,65535:18:8,constructor,Project,C:/Users/hoseop/CLionProjects/constructor/VehicleTest.cpp,,4,15,Default task
2023-01-11T01:00:34.121+09:00,Hoseop Shin,Action,ActivateProjectToolWindow,constructor,Project,C:/Users/hoseop/CLionProjects/constructor/VehicleTest.cpp,,4,15,Default task
2023-01-11T01:00:34.130+09:00,Hoseop Shin,KeyEvent,49:49:8,constructor,Project,C:/Users/hoseop/CLionProjects/constructor/VehicleTest.cpp,,4,15,Default task
2023-01-11T01:03:30.621+09:00,Hoseop Shin,KeyEvent,65535:20:0,constructor,Editor,C:/Users/hoseop/CLionProjects/constructor/Vehicle.h,,7,4,Default task
2023-01-11T01:03:30.755+09:00,Hoseop Shin,KeyEvent,86:86:0,constructor,Editor,C:/Users/hoseop/CLionProjects/constructor/Vehicle.h,,7,4,Default task
2023-01-11T01:03:30.946+09:00,Hoseop Shin,KeyEvent,65535:20:0,constructor,Editor,C:/Users/hoseop/CLionProjects/constructor/Vehicle.h,,7,5,Default task
2023-01-11T01:03:31.035+09:00,Hoseop Shin,KeyEvent,101:69:0,constructor,Editor,C:/Users/hoseop/CLionProjects/constructor/Vehicle.h,,7,5,Default task
2023-01-11T01:03:31.216+09:00,Hoseop Shin,KeyEvent,108:76:0,constructor,Editor,C:/Users/hoseop/CLionProjects/constructor/Vehicle.h,,7,6,Default task
2023-01-11T01:03:31.643+09:00,Hoseop Shin,Action,EditorBackSpace,constructor,Editor,C:/Users/hoseop/CLionProjects/constructor/Vehicle.h,,7,7,Default task
2023-01-11T01:03:31.695+09:00,Hoseop Shin,KeyEvent,8:8:0,constructor,Editor,C:/Users/hoseop/CLionProjects/constructor/Vehicle.h,,7,6,Default task
2023-01-11T01:03:31.823+09:00,Hoseop Shin,KeyEvent,104:72:0,constructor,Editor,C:/Users/hoseop/CLionProjects/constructor/Vehicle.h,,7,6,Default task
2023-01-11T01:03:32.033+09:00,Hoseop Shin,KeyEvent,105:73:0,constructor,Editor,C:/Users/hoseop/CLionProjects/constructor/Vehicle.h,,7,7,Default task
2023-01-11T01:03:32.430+09:00,Hoseop Shin,KeyEvent,99:67:0,constructor,Editor,C:/Users/hoseop/CLionProjects/constructor/Vehicle.h,,7,8,Default task
2023-01-11T01:03:32.551+09:00,Hoseop Shin,KeyEvent,108:76:0,constructor,Editor,C:/Users/hoseop/CLionProjects/constructor/Vehicle.h,,7,9,Default task
2023-01-11T01:03:32.623+09:00,Hoseop Shin,KeyEvent,101:69:0,constructor,Editor,C:/Users/hoseop/CLionProjects/constructor/Vehicle.h,,7,10,Default task
2023-01-11T01:03:33.839+09:00,Hoseop Shin,KeyEvent,65535:16:1,constructor,Editor,C:/Users/hoseop/CLionProjects/constructor/Vehicle.h,,7,11,Default task
2023-01-11T01:03:33.908+09:00,Hoseop Shin,KeyEvent,40:57:1,constructor,Editor,C:/Users/hoseop/CLionProjects/constructor/Vehicle.h,,7,11,Default task
2023-01-11T01:03:34.534+09:00,Hoseop Shin,Action,EditorRight,constructor,Editor,C:/Users/hoseop/CLionProjects/constructor/Vehicle.h,,7,12,Default task
2023-01-11T01:03:34.536+09:00,Hoseop Shin,KeyEvent,65535:39:0,constructor,Editor,C:/Users/hoseop/CLionProjects/constructor/Vehicle.h,,7,13,Default task
2023-01-11T01:03:35.017+09:00,Hoseop Shin,KeyEvent,32:32:0,constructor,Editor,C:/Users/hoseop/CLionProjects/constructor/Vehicle.h,,7,13,Default task
2023-01-11T01:03:35.138+09:00,Hoseop Shin,KeyEvent,65535:16:1,constructor,Editor,C:/Users/hoseop/CLionProjects/constructor/Vehicle.h,,7,14,Default task
2023-01-11T01:03:35.177+09:00,Hoseop Shin,KeyEvent,123:91:1,constructor,Editor,C:/Users/hoseop/CLionProjects/constructor/Vehicle.h,,7,14,Default task
2023-01-11T01:03:36.018+09:00,Hoseop Shin,Action,EditorRight,constructor,Editor,C:/Users/hoseop/CLionProjects/constructor/Vehicle.h,,7,15,Default task
2023-01-11T01:03:36.021+09:00,Hoseop Shin,KeyEvent,65535:39:0,constructor,Editor,C:/Users/hoseop/CLionProjects/constructor/Vehicle.h,,7,16,Default task
2023-01-11T01:03:36.981+09:00,Hoseop Shin,KeyEvent,59:59:0,constructor,Editor,C:/Users/hoseop/CLionProjects/constructor/Vehicle.h,,7,16,Default task
2023-01-11T01:03:37.681+09:00,Hoseop Shin,Action,EditorBackSpace,constructor,Editor,C:/Users/hoseop/CLionProjects/constructor/Vehicle.h,,7,17,Default task
2023-01-11T01:03:37.694+09:00,Hoseop Shin,KeyEvent,8:8:0,constructor,Editor,C:/Users/hoseop/CLionProjects/constructor/Vehicle.h,,7,16,Default task
2023-01-11T01:03:44.697+09:00,Hoseop Shin,Action,EditorEnter,constructor,Editor,C:/Users/hoseop/CLionProjects/constructor/Vehicle.h,,7,16,Default task
2023-01-11T01:03:44.705+09:00,Hoseop Shin,KeyEvent,10:10:0,constructor,Editor,C:/Users/hoseop/CLionProjects/constructor/Vehicle.h,,8,4,Default task
2023-01-11T01:03:45.667+09:00,Hoseop Shin,KeyEvent,65535:20:0,constructor,Editor,C:/Users/hoseop/CLionProjects/constructor/Vehicle.h,,8,4,Default task
2023-01-11T01:03:46.327+09:00,Hoseop Shin,KeyEvent,86:86:0,constructor,Editor,C:/Users/hoseop/CLionProjects/constructor/Vehicle.h,,8,4,Default task
2023-01-11T01:03:46.705+09:00,Hoseop Shin,KeyEvent,65535:20:0,constructor,Editor,C:/Users/hoseop/CLionProjects/constructor/Vehicle.h,,8,5,Default task
2023-01-11T01:03:46.926+09:00,Hoseop Shin,KeyEvent,101:69:0,constructor,Editor,C:/Users/hoseop/CLionProjects/constructor/Vehicle.h,,8,5,Default task
2023-01-11T01:03:47.618+09:00,Hoseop Shin,KeyEvent,104:72:0,constructor,Editor,C:/Users/hoseop/CLionProjects/constructor/Vehicle.h,,8,6,Default task
2023-01-11T01:03:47.690+09:00,Hoseop Shin,KeyEvent,105:73:0,constructor,Editor,C:/Users/hoseop/CLionProjects/constructor/Vehicle.h,,8,7,Default task
2023-01-11T01:03:48.051+09:00,Hoseop Shin,KeyEvent,99:67:0,constructor,Editor,C:/Users/hoseop/CLionProjects/constructor/Vehicle.h,,8,8,Default task
2023-01-11T01:03:48.146+09:00,Hoseop Shin,KeyEvent,108:76:0,constructor,Editor,C:/Users/hoseop/CLionProjects/constructor/Vehicle.h,,8,9,Default task
2023-01-11T01:03:48.210+09:00,Hoseop Shin,KeyEvent,101:69:0,constructor,Editor,C:/Users/hoseop/CLionProjects/constructor/Vehicle.h,,8,10,Default task
2023-01-11T01:03:49.045+09:00,Hoseop Shin,KeyEvent,65535:16:1,constructor,Editor,C:/Users/hoseop/CLionProjects/constructor/Vehicle.h,,8,11,Default task
2023-01-11T01:03:49.144+09:00,Hoseop Shin,KeyEvent,40:57:1,constructor,Editor,C:/Users/hoseop/CLionProjects/constructor/Vehicle.h,,8,11,Default task
2023-01-11T01:03:49.672+09:00,Hoseop Shin,Action,EditorRight,constructor,Editor,C:/Users/hoseop/CLionProjects/constructor/Vehicle.h,,8,12,Default task
2023-01-11T01:03:49.675+09:00,Hoseop Shin,KeyEvent,65535:39:0,constructor,Editor,C:/Users/hoseop/CLionProjects/constructor/Vehicle.h,,8,13,Default task
2023-01-11T01:03:50.067+09:00,Hoseop Shin,Action,EditorUp,constructor,Editor,C:/Users/hoseop/CLionProjects/constructor/Vehicle.h,,8,13,Default task
2023-01-11T01:03:50.070+09:00,Hoseop Shin,KeyEvent,65535:38:0,constructor,Editor,C:/Users/hoseop/CLionProjects/constructor/Vehicle.h,,7,13,Default task
2023-01-11T01:04:12.680+09:00,Hoseop Shin,KeyEvent,115:83:0,constructor,Editor,C:/Users/hoseop/CLionProjects/constructor/Vehicle.h,,8,12,Default task
2023-01-11T01:04:12.812+09:00,Hoseop Shin,KeyEvent,116:84:0,constructor,Editor,C:/Users/hoseop/CLionProjects/constructor/Vehicle.h,,8,13,Default task
2023-01-11T01:04:12.943+09:00,Hoseop Shin,KeyEvent,114:82:0,constructor,Editor,C:/Users/hoseop/CLionProjects/constructor/Vehicle.h,,8,14,Default task
2023-01-11T01:04:13.136+09:00,Hoseop Shin,KeyEvent,105:73:0,constructor,Editor,C:/Users/hoseop/CLionProjects/constructor/Vehicle.h,,8,15,Default task
2023-01-11T01:04:13.225+09:00,Hoseop Shin,KeyEvent,110:78:0,constructor,Editor,C:/Users/hoseop/CLionProjects/constructor/Vehicle.h,,8,16,Default task
2023-01-11T01:04:13.282+09:00,Hoseop Shin,KeyEvent,103:71:0,constructor,Editor,C:/Users/hoseop/CLionProjects/constructor/Vehicle.h,,8,17,Default task
2023-01-11T01:04:14.705+09:00,Hoseop Shin,Action,EditorLeft,constructor,Editor,C:/Users/hoseop/CLionProjects/constructor/Vehicle.h,,8,18,Default task
2023-01-11T01:04:14.715+09:00,Hoseop Shin,KeyEvent,65535:37:0,constructor,Editor,C:/Users/hoseop/CLionProjects/constructor/Vehicle.h,,8,17,Default task
2023-01-11T01:04:15.239+09:00,Hoseop Shin,Action,EditorLeft,constructor,Editor,C:/Users/hoseop/CLionProjects/constructor/Vehicle.h,,8,17,Default task
2023-01-11T01:04:15.247+09:00,Hoseop Shin,KeyEvent,65535:37:0,constructor,Editor,C:/Users/hoseop/CLionProjects/constructor/Vehicle.h,,8,16,Default task
2023-01-11T01:04:15.248+09:00,Hoseop Shin,Action,EditorLeft,constructor,Editor,C:/Users/hoseop/CLionProjects/constructor/Vehicle.h,,8,16,Default task
2023-01-11T01:04:15.256+09:00,Hoseop Shin,KeyEvent,65535:37:0,constructor,Editor,C:/Users/hoseop/CLionProjects/constructor/Vehicle.h,,8,15,Default task
2023-01-11T01:04:15.445+09:00,Hoseop Shin,Action,EditorLeft,constructor,Editor,C:/Users/hoseop/CLionProjects/constructor/Vehicle.h,,8,15,Default task
2023-01-11T01:04:15.449+09:00,Hoseop Shin,KeyEvent,65535:37:0,constructor,Editor,C:/Users/hoseop/CLionProjects/constructor/Vehicle.h,,8,14,Default task
2023-01-11T01:04:15.596+09:00,Hoseop Shin,Action,EditorLeft,constructor,Editor,C:/Users/hoseop/CLionProjects/constructor/Vehicle.h,,8,14,Default task
2023-01-11T01:04:15.599+09:00,Hoseop Shin,KeyEvent,65535:37:0,constructor,Editor,C:/Users/hoseop/CLionProjects/constructor/Vehicle.h,,8,13,Default task
2023-01-11T01:04:16.151+09:00,Hoseop Shin,Action,EditorLeft,constructor,Editor,C:/Users/hoseop/CLionProjects/constructor/Vehicle.h,,8,13,Default task
2023-01-11T01:04:16.155+09:00,Hoseop Shin,KeyEvent,65535:37:0,constructor,Editor,C:/Users/hoseop/CLionProjects/constructor/Vehicle.h,,8,12,Default task
2023-01-11T01:04:16.486+09:00,Hoseop Shin,KeyEvent,115:83:0,constructor,Editor,C:/Users/hoseop/CLionProjects/constructor/Vehicle.h,,8,12,Default task
2023-01-11T01:04:16.578+09:00,Hoseop Shin,KeyEvent,116:84:0,constructor,Editor,C:/Users/hoseop/CLionProjects/constructor/Vehicle.h,,8,13,Default task
2023-01-11T01:04:16.931+09:00,Hoseop Shin,KeyEvent,100:68:0,constructor,Editor,C:/Users/hoseop/CLionProjects/constructor/Vehicle.h,,8,14,Default task
2023-01-11T01:04:17.147+09:00,Hoseop Shin,KeyEvent,65535:16:1,constructor,Editor,C:/Users/hoseop/CLionProjects/constructor/Vehicle.h,,8,15,Default task
2023-01-11T01:04:17.259+09:00,Hoseop Shin,KeyEvent,58:59:1,constructor,Editor,C:/Users/hoseop/CLionProjects/constructor/Vehicle.h,,8,15,Default task
2023-01-11T01:04:18.560+09:00,Hoseop Shin,KeyEvent,65535:16:1,constructor,Editor,C:/Users/hoseop/CLionProjects/constructor/Vehicle.h,,8,16,Default task
2023-01-11T01:04:18.659+09:00,Hoseop Shin,KeyEvent,58:59:1,constructor,Editor,C:/Users/hoseop/CLionProjects/constructor/Vehicle.h,,8,16,Default task
2023-01-11T01:04:19.146+09:00,Hoseop Shin,Action,EditorRight,constructor,Editor,C:/Users/hoseop/CLionProjects/constructor/Vehicle.h,,8,17,Default task
2023-01-11T01:04:19.149+09:00,Hoseop Shin,KeyEvent,65535:39:0,constructor,Editor,C:/Users/hoseop/CLionProjects/constructor/Vehicle.h,,8,18,Default task
2023-01-11T01:04:19.314+09:00,Hoseop Shin,Action,EditorRight,constructor,Editor,C:/Users/hoseop/CLionProjects/constructor/Vehicle.h,,8,18,Default task
2023-01-11T01:04:19.316+09:00,Hoseop Shin,KeyEvent,65535:39:0,constructor,Editor,C:/Users/hoseop/CLionProjects/constructor/Vehicle.h,,8,19,Default task
2023-01-11T01:04:19.456+09:00,Hoseop Shin,Action,EditorRight,constructor,Editor,C:/Users/hoseop/CLionProjects/constructor/Vehicle.h,,8,19,Default task
2023-01-11T01:04:19.458+09:00,Hoseop Shin,KeyEvent,65535:39:0,constructor,Editor,C:/Users/hoseop/CLionProjects/constructor/Vehicle.h,,8,20,Default task
2023-01-11T01:04:19.602+09:00,Hoseop Shin,Action,EditorRight,constructor,Editor,C:/Users/hoseop/CLionProjects/constructor/Vehicle.h,,8,20,Default task
2023-01-11T01:04:19.605+09:00,Hoseop Shin,KeyEvent,65535:39:0,constructor,Editor,C:/Users/hoseop/CLionProjects/constructor/Vehicle.h,,8,21,Default task
2023-01-11T01:04:19.747+09:00,Hoseop Shin,Action,EditorRight,constructor,Editor,C:/Users/hoseop/CLionProjects/constructor/Vehicle.h,,8,21,Default task
2023-01-11T01:04:19.749+09:00,Hoseop Shin,KeyEvent,65535:39:0,constructor,Editor,C:/Users/hoseop/CLionProjects/constructor/Vehicle.h,,8,22,Default task
2023-01-11T01:04:19.891+09:00,Hoseop Shin,Action,EditorRight,constructor,Editor,C:/Users/hoseop/CLionProjects/constructor/Vehicle.h,,8,22,Default task
2023-01-11T01:04:19.893+09:00,Hoseop Shin,KeyEvent,65535:39:0,constructor,Editor,C:/Users/hoseop/CLionProjects/constructor/Vehicle.h,,8,23,Default task
2023-01-11T01:04:22.944+09:00,Hoseop Shin,KeyEvent,32:32:0,constructor,Editor,C:/Users/hoseop/CLionProjects/constructor/Vehicle.h,,8,23,Default task
2023-01-11T01:04:24.779+09:00,Hoseop Shin,KeyEvent,110:78:0,constructor,Editor,C:/Users/hoseop/CLionProjects/constructor/Vehicle.h,,8,24,Default task
2023-01-11T01:04:24.935+09:00,Hoseop Shin,KeyEvent,97:65:0,constructor,Editor,C:/Users/hoseop/CLionProjects/constructor/Vehicle.h,,8,25,Default task
2023-01-11T01:04:26.400+09:00,Hoseop Shin,Action,EditorBackSpace,constructor,Editor,C:/Users/hoseop/CLionProjects/constructor/Vehicle.h,,8,26,Default task
2023-01-11T01:04:26.415+09:00,Hoseop Shin,KeyEvent,8:8:0,constructor,Editor,C:/Users/hoseop/CLionProjects/constructor/Vehicle.h,,8,25,Default task
2023-01-11T01:04:26.515+09:00,Hoseop Shin,Action,EditorBackSpace,constructor,Editor,C:/Users/hoseop/CLionProjects/constructor/Vehicle.h,,8,25,Default task
2023-01-11T01:04:26.530+09:00,Hoseop Shin,KeyEvent,8:8:0,constructor,Editor,C:/Users/hoseop/CLionProjects/constructor/Vehicle.h,,8,24,Default task
2023-01-11T01:04:27.626+09:00,Hoseop Shin,KeyEvent,110:78:0,constructor,Editor,C:/Users/hoseop/CLionProjects/constructor/Vehicle.h,,8,24,Default task
2023-01-11T01:04:28.389+09:00,Hoseop Shin,KeyEvent,44:44:0,constructor,Editor,C:/Users/hoseop/CLionProjects/constructor/Vehicle.h,,8,25,Default task
2023-01-11T01:04:29.868+09:00,Hoseop Shin,KeyEvent,105:73:0,constructor,Editor,C:/Users/hoseop/CLionProjects/constructor/Vehicle.h,,8,26,Default task
2023-01-11T01:04:29.958+09:00,Hoseop Shin,KeyEvent,110:78:0,constructor,Editor,C:/Users/hoseop/CLionProjects/constructor/Vehicle.h,,8,27,Default task
2023-01-11T01:04:30.025+09:00,Hoseop Shin,KeyEvent,116:84:0,constructor,Editor,C:/Users/hoseop/CLionProjects/constructor/Vehicle.h,,8,28,Default task
2023-01-11T01:04:30.720+09:00,Hoseop Shin,KeyEvent,32:32:0,constructor,Editor,C:/Users/hoseop/CLionProjects/constructor/Vehicle.h,,8,29,Default task
2023-01-11T01:04:30.961+09:00,Hoseop Shin,KeyEvent,114:82:0,constructor,Editor,C:/Users/hoseop/CLionProjects/constructor/Vehicle.h,,8,30,Default task
2023-01-11T01:04:31.109+09:00,Hoseop Shin,KeyEvent,97:65:0,constructor,Editor,C:/Users/hoseop/CLionProjects/constructor/Vehicle.h,,8,31,Default task
2023-01-11T01:04:31.567+09:00,Hoseop Shin,Action,EditorBackSpace,constructor,Editor,C:/Users/hoseop/CLionProjects/constructor/Vehicle.h,,8,32,Default task
2023-01-11T01:04:31.585+09:00,Hoseop Shin,KeyEvent,8:8:0,constructor,Editor,C:/Users/hoseop/CLionProjects/constructor/Vehicle.h,,8,31,Default task
2023-01-11T01:04:32.373+09:00,Hoseop Shin,KeyEvent,44:44:0,constructor,Editor,C:/Users/hoseop/CLionProjects/constructor/Vehicle.h,,8,31,Default task
2023-01-11T01:04:34.366+09:00,Hoseop Shin,KeyEvent,98:66:0,constructor,Editor,C:/Users/hoseop/CLionProjects/constructor/Vehicle.h,,8,32,Default task
2023-01-11T01:04:34.588+09:00,Hoseop Shin,KeyEvent,111:79:0,constructor,Editor,C:/Users/hoseop/CLionProjects/constructor/Vehicle.h,,8,33,Default task
2023-01-11T01:04:34.736+09:00,Hoseop Shin,KeyEvent,111:79:0,constructor,Editor,C:/Users/hoseop/CLionProjects/constructor/Vehicle.h,,8,34,Default task
2023-01-11T01:04:34.933+09:00,Hoseop Shin,KeyEvent,108:76:0,constructor,Editor,C:/Users/hoseop/CLionProjects/constructor/Vehicle.h,,8,35,Default task
2023-01-11T01:04:35.393+09:00,Hoseop Shin,KeyEvent,32:32:0,constructor,Editor,C:/Users/hoseop/CLionProjects/constructor/Vehicle.h,,8,36,Default task
2023-01-11T01:04:36.588+09:00,Hoseop Shin,KeyEvent,102:70:0,constructor,Editor,C:/Users/hoseop/CLionProjects/constructor/Vehicle.h,,8,37,Default task
2023-01-11T01:04:37.804+09:00,Hoseop Shin,KeyEvent,100:68:0,constructor,Editor,C:/Users/hoseop/CLionProjects/constructor/Vehicle.h,,8,38,Default task
2023-01-11T01:04:37.941+09:00,Hoseop Shin,KeyEvent,115:83:0,constructor,Editor,C:/Users/hoseop/CLionProjects/constructor/Vehicle.h,,8,39,Default task
2023-01-11T01:04:39.227+09:00,Hoseop Shin,KeyEvent,44:44:0,constructor,Editor,C:/Users/hoseop/CLionProjects/constructor/Vehicle.h,,8,40,Default task
2023-01-11T01:04:40.658+09:00,Hoseop Shin,KeyEvent,102:70:0,constructor,Editor,C:/Users/hoseop/CLionProjects/constructor/Vehicle.h,,8,41,Default task
2023-01-11T01:04:40.942+09:00,Hoseop Shin,KeyEvent,108:76:0,constructor,Editor,C:/Users/hoseop/CLionProjects/constructor/Vehicle.h,,8,42,Default task
2023-01-11T01:04:41.018+09:00,Hoseop Shin,KeyEvent,111:79:0,constructor,Editor,C:/Users/hoseop/CLionProjects/constructor/Vehicle.h,,8,43,Default task
2023-01-11T01:04:41.152+09:00,Hoseop Shin,KeyEvent,97:65:0,constructor,Editor,C:/Users/hoseop/CLionProjects/constructor/Vehicle.h,,8,44,Default task
2023-01-11T01:04:41.287+09:00,Hoseop Shin,KeyEvent,116:84:0,constructor,Editor,C:/Users/hoseop/CLionProjects/constructor/Vehicle.h,,8,45,Default task
2023-01-11T01:04:42.865+09:00,Hoseop Shin,KeyEvent,98:66:0,constructor,Editor,C:/Users/hoseop/CLionProjects/constructor/Vehicle.h,,8,46,Default task
2023-01-11T01:04:43.146+09:00,Hoseop Shin,KeyEvent,97:65:0,constructor,Editor,C:/Users/hoseop/CLionProjects/constructor/Vehicle.h,,8,47,Default task
2023-01-11T01:04:43.810+09:00,Hoseop Shin,Action,EditorBackSpace,constructor,Editor,C:/Users/hoseop/CLionProjects/constructor/Vehicle.h,,8,48,Default task
2023-01-11T01:04:43.837+09:00,Hoseop Shin,KeyEvent,8:8:0,constructor,Editor,C:/Users/hoseop/CLionProjects/constructor/Vehicle.h,,8,47,Default task
2023-01-11T01:04:43.925+09:00,Hoseop Shin,Action,EditorBackSpace,constructor,Editor,C:/Users/hoseop/CLionProjects/constructor/Vehicle.h,,8,47,Default task
2023-01-11T01:04:43.936+09:00,Hoseop Shin,KeyEvent,8:8:0,constructor,Editor,C:/Users/hoseop/CLionProjects/constructor/Vehicle.h,,8,46,Default task
2023-01-11T01:04:45.173+09:00,Hoseop Shin,KeyEvent,32:32:0,constructor,Editor,C:/Users/hoseop/CLionProjects/constructor/Vehicle.h,,8,46,Default task
2023-01-11T01:04:45.915+09:00,Hoseop Shin,KeyEvent,98:66:0,constructor,Editor,C:/Users/hoseop/CLionProjects/constructor/Vehicle.h,,8,47,Default task
2023-01-11T01:04:46.164+09:00,Hoseop Shin,KeyEvent,99:67:0,constructor,Editor,C:/Users/hoseop/CLionProjects/constructor/Vehicle.h,,8,48,Default task
2023-01-11T01:04:47.809+09:00,Hoseop Shin,Action,EditorLeft,constructor,Editor,C:/Users/hoseop/CLionProjects/constructor/Vehicle.h,,8,49,Default task
2023-01-11T01:04:47.811+09:00,Hoseop Shin,KeyEvent,65535:37:0,constructor,Editor,C:/Users/hoseop/CLionProjects/constructor/Vehicle.h,,8,48,Default task
2023-01-11T01:04:48.307+09:00,Hoseop Shin,Action,EditorLeft,constructor,Editor,C:/Users/hoseop/CLionProjects/constructor/Vehicle.h,,8,48,Default task
2023-01-11T01:04:48.310+09:00,Hoseop Shin,KeyEvent,65535:37:0,constructor,Editor,C:/Users/hoseop/CLionProjects/constructor/Vehicle.h,,8,47,Default task
2023-01-11T01:04:48.339+09:00,Hoseop Shin,Action,EditorLeft,constructor,Editor,C:/Users/hoseop/CLionProjects/constructor/Vehicle.h,,8,47,Default task
2023-01-11T01:04:48.393+09:00,Hoseop Shin,KeyEvent,65535:37:0,constructor,Editor,C:/Users/hoseop/CLionProjects/constructor/Vehicle.h,,8,46,Default task
2023-01-11T01:04:48.399+09:00,Hoseop Shin,Action,EditorLeft,constructor,Editor,C:/Users/hoseop/CLionProjects/constructor/Vehicle.h,,8,46,Default task
2023-01-11T01:04:48.402+09:00,Hoseop Shin,KeyEvent,65535:37:0,constructor,Editor,C:/Users/hoseop/CLionProjects/constructor/Vehicle.h,,8,45,Default task
2023-01-11T01:04:48.406+09:00,Hoseop Shin,Action,EditorLeft,constructor,Editor,C:/Users/hoseop/CLionProjects/constructor/Vehicle.h,,8,45,Default task
2023-01-11T01:04:48.409+09:00,Hoseop Shin,KeyEvent,65535:37:0,constructor,Editor,C:/Users/hoseop/CLionProjects/constructor/Vehicle.h,,8,44,Default task
2023-01-11T01:04:48.435+09:00,Hoseop Shin,Action,EditorLeft,constructor,Editor,C:/Users/hoseop/CLionProjects/constructor/Vehicle.h,,8,44,Default task
2023-01-11T01:04:48.438+09:00,Hoseop Shin,KeyEvent,65535:37:0,constructor,Editor,C:/Users/hoseop/CLionProjects/constructor/Vehicle.h,,8,43,Default task
2023-01-11T01:04:48.468+09:00,Hoseop Shin,Action,EditorLeft,constructor,Editor,C:/Users/hoseop/CLionProjects/constructor/Vehicle.h,,8,43,Default task
2023-01-11T01:04:48.470+09:00,Hoseop Shin,KeyEvent,65535:37:0,constructor,Editor,C:/Users/hoseop/CLionProjects/constructor/Vehicle.h,,8,42,Default task
2023-01-11T01:04:48.499+09:00,Hoseop Shin,Action,EditorLeft,constructor,Editor,C:/Users/hoseop/CLionProjects/constructor/Vehicle.h,,8,42,Default task
2023-01-11T01:04:48.502+09:00,Hoseop Shin,KeyEvent,65535:37:0,constructor,Editor,C:/Users/hoseop/CLionProjects/constructor/Vehicle.h,,8,41,Default task
2023-01-11T01:04:48.531+09:00,Hoseop Shin,Action,EditorLeft,constructor,Editor,C:/Users/hoseop/CLionProjects/constructor/Vehicle.h,,8,41,Default task
2023-01-11T01:04:48.534+09:00,Hoseop Shin,KeyEvent,65535:37:0,constructor,Editor,C:/Users/hoseop/CLionProjects/constructor/Vehicle.h,,8,40,Default task
2023-01-11T01:04:48.563+09:00,Hoseop Shin,Action,EditorLeft,constructor,Editor,C:/Users/hoseop/CLionProjects/constructor/Vehicle.h,,8,40,Default task
2023-01-11T01:04:48.566+09:00,Hoseop Shin,KeyEvent,65535:37:0,constructor,Editor,C:/Users/hoseop/CLionProjects/constructor/Vehicle.h,,8,39,Default task
2023-01-11T01:04:48.595+09:00,Hoseop Shin,Action,EditorLeft,constructor,Editor,C:/Users/hoseop/CLionProjects/constructor/Vehicle.h,,8,39,Default task
2023-01-11T01:04:48.598+09:00,Hoseop Shin,KeyEvent,65535:37:0,constructor,Editor,C:/Users/hoseop/CLionProjects/constructor/Vehicle.h,,8,38,Default task
2023-01-11T01:04:48.627+09:00,Hoseop Shin,Action,EditorLeft,constructor,Editor,C:/Users/hoseop/CLionProjects/constructor/Vehicle.h,,8,38,Default task
2023-01-11T01:04:48.630+09:00,Hoseop Shin,KeyEvent,65535:37:0,constructor,Editor,C:/Users/hoseop/CLionProjects/constructor/Vehicle.h,,8,37,Default task
2023-01-11T01:04:48.659+09:00,Hoseop Shin,Action,EditorLeft,constructor,Editor,C:/Users/hoseop/CLionProjects/constructor/Vehicle.h,,8,37,Default task
2023-01-11T01:04:48.661+09:00,Hoseop Shin,KeyEvent,65535:37:0,constructor,Editor,C:/Users/hoseop/CLionProjects/constructor/Vehicle.h,,8,36,Default task
2023-01-11T01:04:48.691+09:00,Hoseop Shin,Action,EditorLeft,constructor,Editor,C:/Users/hoseop/CLionProjects/constructor/Vehicle.h,,8,36,Default task
2023-01-11T01:04:48.694+09:00,Hoseop Shin,KeyEvent,65535:37:0,constructor,Editor,C:/Users/hoseop/CLionProjects/constructor/Vehicle.h,,8,35,Default task
2023-01-11T01:04:48.900+09:00,Hoseop Shin,Action,EditorLeft,constructor,Editor,C:/Users/hoseop/CLionProjects/constructor/Vehicle.h,,8,35,Default task
2023-01-11T01:04:48.903+09:00,Hoseop Shin,KeyEvent,65535:37:0,constructor,Editor,C:/Users/hoseop/CLionProjects/constructor/Vehicle.h,,8,34,Default task
2023-01-11T01:04:49.065+09:00,Hoseop Shin,Action,EditorLeft,constructor,Editor,C:/Users/hoseop/CLionProjects/constructor/Vehicle.h,,8,34,Default task
2023-01-11T01:04:49.068+09:00,Hoseop Shin,KeyEvent,65535:37:0,constructor,Editor,C:/Users/hoseop/CLionProjects/constructor/Vehicle.h,,8,33,Default task
2023-01-11T01:04:49.303+09:00,Hoseop Shin,Action,EditorLeft,constructor,Editor,C:/Users/hoseop/CLionProjects/constructor/Vehicle.h,,8,33,Default task
2023-01-11T01:04:49.306+09:00,Hoseop Shin,KeyEvent,65535:37:0,constructor,Editor,C:/Users/hoseop/CLionProjects/constructor/Vehicle.h,,8,32,Default task
2023-01-11T01:04:49.612+09:00,Hoseop Shin,Action,EditorRight,constructor,Editor,C:/Users/hoseop/CLionProjects/constructor/Vehicle.h,,8,32,Default task
2023-01-11T01:04:49.615+09:00,Hoseop Shin,KeyEvent,65535:39:0,constructor,Editor,C:/Users/hoseop/CLionProjects/constructor/Vehicle.h,,8,33,Default task
2023-01-11T01:04:50.109+09:00,Hoseop Shin,Action,EditorRight,constructor,Editor,C:/Users/hoseop/CLionProjects/constructor/Vehicle.h,,8,33,Default task
2023-01-11T01:04:50.112+09:00,Hoseop Shin,KeyEvent,65535:39:0,constructor,Editor,C:/Users/hoseop/CLionProjects/constructor/Vehicle.h,,8,34,Default task
2023-01-11T01:04:50.140+09:00,Hoseop Shin,Action,EditorRight,constructor,Editor,C:/Users/hoseop/CLionProjects/constructor/Vehicle.h,,8,34,Default task
2023-01-11T01:04:50.143+09:00,Hoseop Shin,KeyEvent,65535:39:0,constructor,Editor,C:/Users/hoseop/CLionProjects/constructor/Vehicle.h,,8,35,Default task
2023-01-11T01:04:50.199+09:00,Hoseop Shin,Action,EditorRight,constructor,Editor,C:/Users/hoseop/CLionProjects/constructor/Vehicle.h,,8,35,Default task
2023-01-11T01:04:50.201+09:00,Hoseop Shin,KeyEvent,65535:39:0,constructor,Editor,C:/Users/hoseop/CLionProjects/constructor/Vehicle.h,,8,36,Default task
2023-01-11T01:04:50.206+09:00,Hoseop Shin,Action,EditorRight,constructor,Editor,C:/Users/hoseop/CLionProjects/constructor/Vehicle.h,,8,36,Default task
2023-01-11T01:04:50.208+09:00,Hoseop Shin,KeyEvent,65535:39:0,constructor,Editor,C:/Users/hoseop/CLionProjects/constructor/Vehicle.h,,8,37,Default task
2023-01-11T01:04:50.236+09:00,Hoseop Shin,Action,EditorRight,constructor,Editor,C:/Users/hoseop/CLionProjects/constructor/Vehicle.h,,8,37,Default task
2023-01-11T01:04:50.239+09:00,Hoseop Shin,KeyEvent,65535:39:0,constructor,Editor,C:/Users/hoseop/CLionProjects/constructor/Vehicle.h,,8,38,Default task
2023-01-11T01:04:50.268+09:00,Hoseop Shin,Action,EditorRight,constructor,Editor,C:/Users/hoseop/CLionProjects/constructor/Vehicle.h,,8,38,Default task
2023-01-11T01:04:50.272+09:00,Hoseop Shin,KeyEvent,65535:39:0,constructor,Editor,C:/Users/hoseop/CLionProjects/constructor/Vehicle.h,,8,39,Default task
2023-01-11T01:04:50.652+09:00,Hoseop Shin,Action,EditorRight,constructor,Editor,C:/Users/hoseop/CLionProjects/constructor/Vehicle.h,,8,39,Default task
2023-01-11T01:04:50.654+09:00,Hoseop Shin,KeyEvent,65535:39:0,constructor,Editor,C:/Users/hoseop/CLionProjects/constructor/Vehicle.h,,8,40,Default task
2023-01-11T01:04:52.243+09:00,Hoseop Shin,KeyEvent,61:61:0,constructor,Editor,C:/Users/hoseop/CLionProjects/constructor/Vehicle.h,,8,40,Default task
2023-01-11T01:04:52.489+09:00,Hoseop Shin,KeyEvent,65535:20:0,constructor,Editor,C:/Users/hoseop/CLionProjects/constructor/Vehicle.h,,8,41,Default task
2023-01-11T01:04:53.090+09:00,Hoseop Shin,KeyEvent,65535:20:0,constructor,Editor,C:/Users/hoseop/CLionProjects/constructor/Vehicle.h,,8,41,Default task
2023-01-11T01:04:53.303+09:00,Hoseop Shin,KeyEvent,116:84:0,constructor,Editor,C:/Users/hoseop/CLionProjects/constructor/Vehicle.h,,8,41,Default task
2023-01-11T01:04:53.515+09:00,Hoseop Shin,KeyEvent,114:82:0,constructor,Editor,C:/Users/hoseop/CLionProjects/constructor/Vehicle.h,,8,42,Default task
2023-01-11T01:04:53.945+09:00,Hoseop Shin,KeyEvent,101:69:0,constructor,Editor,C:/Users/hoseop/CLionProjects/constructor/Vehicle.h,,8,43,Default task
2023-01-11T01:04:54.322+09:00,Hoseop Shin,Action,EditorBackSpace,constructor,Editor,C:/Users/hoseop/CLionProjects/constructor/Vehicle.h,,8,44,Default task
2023-01-11T01:04:54.335+09:00,Hoseop Shin,KeyEvent,8:8:0,constructor,Editor,C:/Users/hoseop/CLionProjects/constructor/Vehicle.h,,8,43,Default task
2023-01-11T01:04:54.531+09:00,Hoseop Shin,KeyEvent,117:85:0,constructor,Editor,C:/Users/hoseop/CLionProjects/constructor/Vehicle.h,,8,43,Default task
2023-01-11T01:04:54.625+09:00,Hoseop Shin,KeyEvent,101:69:0,constructor,Editor,C:/Users/hoseop/CLionProjects/constructor/Vehicle.h,,8,44,Default task
2023-01-11T01:04:55.339+09:00,Hoseop Shin,Action,EditorLineEnd,constructor,Editor,C:/Users/hoseop/CLionProjects/constructor/Vehicle.h,,8,45,Default task
2023-01-11T01:04:55.343+09:00,Hoseop Shin,KeyEvent,65535:35:0,constructor,Editor,C:/Users/hoseop/CLionProjects/constructor/Vehicle.h,,8,55,Default task
2023-01-11T01:04:56.294+09:00,Hoseop Shin,KeyEvent,65535:16:1,constructor,Editor,C:/Users/hoseop/CLionProjects/constructor/Vehicle.h,,8,55,Default task
2023-01-11T01:04:56.366+09:00,Hoseop Shin,KeyEvent,58:59:1,constructor,Editor,C:/Users/hoseop/CLionProjects/constructor/Vehicle.h,,8,55,Default task
2023-01-11T01:04:56.853+09:00,Hoseop Shin,Action,EditorBackSpace,constructor,Editor,C:/Users/hoseop/CLionProjects/constructor/Vehicle.h,,8,56,Default task
2023-01-11T01:04:56.862+09:00,Hoseop Shin,KeyEvent,8:8:0,constructor,Editor,C:/Users/hoseop/CLionProjects/constructor/Vehicle.h,,8,55,Default task
2023-01-11T01:04:57.011+09:00,Hoseop Shin,KeyEvent,32:32:0,constructor,Editor,C:/Users/hoseop/CLionProjects/constructor/Vehicle.h,,8,55,Default task
2023-01-11T01:04:57.104+09:00,Hoseop Shin,KeyEvent,65535:16:1,constructor,Editor,C:/Users/hoseop/CLionProjects/constructor/Vehicle.h,,8,56,Default task
2023-01-11T01:04:57.166+09:00,Hoseop Shin,KeyEvent,58:59:1,constructor,Editor,C:/Users/hoseop/CLionProjects/constructor/Vehicle.h,,8,56,Default task
2023-01-11T01:04:57.395+09:00,Hoseop Shin,KeyEvent,32:32:0,constructor,Editor,C:/Users/hoseop/CLionProjects/constructor/Vehicle.h,,8,57,Default task
2023-01-11T01:05:05.091+09:00,Hoseop Shin,KeyEvent,110:78:0,constructor,Editor,C:/Users/hoseop/CLionProjects/constructor/Vehicle.h,,8,58,Default task
2023-01-11T01:05:05.170+09:00,Hoseop Shin,KeyEvent,97:65:0,constructor,Editor,C:/Users/hoseop/CLionProjects/constructor/Vehicle.h,,8,59,Default task
2023-01-11T01:05:05.283+09:00,Hoseop Shin,KeyEvent,109:77:0,constructor,Editor,C:/Users/hoseop/CLionProjects/constructor/Vehicle.h,,8,60,Default task
2023-01-11T01:05:05.377+09:00,Hoseop Shin,KeyEvent,101:69:0,constructor,Editor,C:/Users/hoseop/CLionProjects/constructor/Vehicle.h,,8,61,Default task
2023-01-11T01:05:05.928+09:00,Hoseop Shin,KeyEvent,65535:16:1,constructor,Editor,C:/Users/hoseop/CLionProjects/constructor/Vehicle.h,,8,62,Default task
2023-01-11T01:05:06.102+09:00,Hoseop Shin,KeyEvent,40:57:1,constructor,Editor,C:/Users/hoseop/CLionProjects/constructor/Vehicle.h,,8,62,Default task
2023-01-11T01:05:06.800+09:00,Hoseop Shin,KeyEvent,110:78:0,constructor,Editor,C:/Users/hoseop/CLionProjects/constructor/Vehicle.h,,8,63,Default task
2023-01-11T01:05:07.256+09:00,Hoseop Shin,Action,EditorRight,constructor,Editor,C:/Users/hoseop/CLionProjects/constructor/Vehicle.h,,8,64,Default task
2023-01-11T01:05:07.264+09:00,Hoseop Shin,KeyEvent,65535:39:0,constructor,Editor,C:/Users/hoseop/CLionProjects/constructor/Vehicle.h,,8,65,Default task
2023-01-11T01:05:09.171+09:00,Hoseop Shin,KeyEvent,44:44:0,constructor,Editor,C:/Users/hoseop/CLionProjects/constructor/Vehicle.h,,8,65,Default task
2023-01-11T01:05:12.839+09:00,Hoseop Shin,KeyEvent,114:82:0,constructor,Editor,C:/Users/hoseop/CLionProjects/constructor/Vehicle.h,,8,66,Default task
2023-01-11T01:05:13.374+09:00,Hoseop Shin,Action,EditorBackSpace,constructor,Editor,C:/Users/hoseop/CLionProjects/constructor/Vehicle.h,,8,67,Default task
2023-01-11T01:05:13.392+09:00,Hoseop Shin,KeyEvent,8:8:0,constructor,Editor,C:/Users/hoseop/CLionProjects/constructor/Vehicle.h,,8,66,Default task
2023-01-11T01:05:13.678+09:00,Hoseop Shin,KeyEvent,114:82:0,constructor,Editor,C:/Users/hoseop/CLionProjects/constructor/Vehicle.h,,8,66,Default task
2023-01-11T01:05:14.061+09:00,Hoseop Shin,KeyEvent,97:65:0,constructor,Editor,C:/Users/hoseop/CLionProjects/constructor/Vehicle.h,,8,67,Default task
2023-01-11T01:05:14.192+09:00,Hoseop Shin,KeyEvent,110:78:0,constructor,Editor,C:/Users/hoseop/CLionProjects/constructor/Vehicle.h,,8,68,Default task
2023-01-11T01:05:14.435+09:00,Hoseop Shin,KeyEvent,103:71:0,constructor,Editor,C:/Users/hoseop/CLionProjects/constructor/Vehicle.h,,8,69,Default task
2023-01-11T01:05:14.712+09:00,Hoseop Shin,KeyEvent,101:69:0,constructor,Editor,C:/Users/hoseop/CLionProjects/constructor/Vehicle.h,,8,70,Default task
2023-01-11T01:05:14.984+09:00,Hoseop Shin,KeyEvent,65535:16:1,constructor,Editor,C:/Users/hoseop/CLionProjects/constructor/Vehicle.h,,8,71,Default task
2023-01-11T01:05:15.106+09:00,Hoseop Shin,KeyEvent,40:57:1,constructor,Editor,C:/Users/hoseop/CLionProjects/constructor/Vehicle.h,,8,71,Default task
2023-01-11T01:05:15.841+09:00,Hoseop Shin,KeyEvent,114:82:0,constructor,Editor,C:/Users/hoseop/CLionProjects/constructor/Vehicle.h,,8,72,Default task
2023-01-11T01:05:16.333+09:00,Hoseop Shin,Action,EditorRight,constructor,Editor,C:/Users/hoseop/CLionProjects/constructor/Vehicle.h,,8,73,Default task
2023-01-11T01:05:16.352+09:00,Hoseop Shin,KeyEvent,65535:39:0,constructor,Editor,C:/Users/hoseop/CLionProjects/constructor/Vehicle.h,,8,74,Default task
2023-01-11T01:05:16.930+09:00,Hoseop Shin,KeyEvent,44:44:0,constructor,Editor,C:/Users/hoseop/CLionProjects/constructor/Vehicle.h,,8,74,Default task
2023-01-11T01:05:23.395+09:00,Hoseop Shin,KeyEvent,104:72:0,constructor,Editor,C:/Users/hoseop/CLionProjects/constructor/Vehicle.h,,8,75,Default task
2023-01-11T01:05:23.511+09:00,Hoseop Shin,KeyEvent,97:65:0,constructor,Editor,C:/Users/hoseop/CLionProjects/constructor/Vehicle.h,,8,76,Default task
2023-01-11T01:05:23.763+09:00,Hoseop Shin,KeyEvent,115:83:0,constructor,Editor,C:/Users/hoseop/CLionProjects/constructor/Vehicle.h,,8,77,Default task
2023-01-11T01:05:25.082+09:00,Hoseop Shin,KeyEvent,65535:20:0,constructor,Editor,C:/Users/hoseop/CLionProjects/constructor/Vehicle.h,,8,78,Default task
2023-01-11T01:05:25.221+09:00,Hoseop Shin,KeyEvent,70:70:0,constructor,Editor,C:/Users/hoseop/CLionProjects/constructor/Vehicle.h,,8,78,Default task
2023-01-11T01:05:25.337+09:00,Hoseop Shin,KeyEvent,65535:20:0,constructor,Editor,C:/Users/hoseop/CLionProjects/constructor/Vehicle.h,,8,79,Default task
2023-01-11T01:05:25.552+09:00,Hoseop Shin,KeyEvent,100:68:0,constructor,Editor,C:/Users/hoseop/CLionProjects/constructor/Vehicle.h,,8,79,Default task
2023-01-11T01:05:26.197+09:00,Hoseop Shin,Action,EditorBackSpace,constructor,Editor,C:/Users/hoseop/CLionProjects/constructor/Vehicle.h,,8,80,Default task
2023-01-11T01:05:26.247+09:00,Hoseop Shin,KeyEvent,8:8:0,constructor,Editor,C:/Users/hoseop/CLionProjects/constructor/Vehicle.h,,8,79,Default task
2023-01-11T01:05:26.324+09:00,Hoseop Shin,KeyEvent,65535:20:0,constructor,Editor,C:/Users/hoseop/CLionProjects/constructor/Vehicle.h,,8,79,Default task
2023-01-11T01:05:26.560+09:00,Hoseop Shin,KeyEvent,68:68:0,constructor,Editor,C:/Users/hoseop/CLionProjects/constructor/Vehicle.h,,8,79,Default task
2023-01-11T01:05:26.832+09:00,Hoseop Shin,KeyEvent,83:83:0,constructor,Editor,C:/Users/hoseop/CLionProjects/constructor/Vehicle.h,,8,80,Default task
2023-01-11T01:05:27.255+09:00,Hoseop Shin,KeyEvent,65535:20:0,constructor,Editor,C:/Users/hoseop/CLionProjects/constructor/Vehicle.h,,8,81,Default task
2023-01-11T01:05:27.533+09:00,Hoseop Shin,KeyEvent,65535:16:1,constructor,Editor,C:/Users/hoseop/CLionProjects/constructor/Vehicle.h,,8,81,Default task
2023-01-11T01:05:27.640+09:00,Hoseop Shin,KeyEvent,40:57:1,constructor,Editor,C:/Users/hoseop/CLionProjects/constructor/Vehicle.h,,8,81,Default task
2023-01-11T01:05:29.061+09:00,Hoseop Shin,KeyEvent,102:70:0,constructor,Editor,C:/Users/hoseop/CLionProjects/constructor/Vehicle.h,,8,82,Default task
2023-01-11T01:05:29.404+09:00,Hoseop Shin,KeyEvent,100:68:0,constructor,Editor,C:/Users/hoseop/CLionProjects/constructor/Vehicle.h,,8,83,Default task
2023-01-11T01:05:29.588+09:00,Hoseop Shin,KeyEvent,115:83:0,constructor,Editor,C:/Users/hoseop/CLionProjects/constructor/Vehicle.h,,8,84,Default task
2023-01-11T01:05:30.055+09:00,Hoseop Shin,Action,EditorRight,constructor,Editor,C:/Users/hoseop/CLionProjects/constructor/Vehicle.h,,8,85,Default task
2023-01-11T01:05:30.058+09:00,Hoseop Shin,KeyEvent,65535:39:0,constructor,Editor,C:/Users/hoseop/CLionProjects/constructor/Vehicle.h,,8,86,Default task
2023-01-11T01:05:30.677+09:00,Hoseop Shin,KeyEvent,44:44:0,constructor,Editor,C:/Users/hoseop/CLionProjects/constructor/Vehicle.h,,8,86,Default task
2023-01-11T01:05:35.354+09:00,Hoseop Shin,KeyEvent,118:86:0,constructor,Editor,C:/Users/hoseop/CLionProjects/constructor/Vehicle.h,,8,87,Default task
2023-01-11T01:05:36.162+09:00,Hoseop Shin,Action,EditorBackSpace,constructor,Editor,C:/Users/hoseop/CLionProjects/constructor/Vehicle.h,,8,88,Default task
2023-01-11T01:05:36.202+09:00,Hoseop Shin,KeyEvent,8:8:0,constructor,Editor,C:/Users/hoseop/CLionProjects/constructor/Vehicle.h,,8,87,Default task
2023-01-11T01:05:36.552+09:00,Hoseop Shin,KeyEvent,98:66:0,constructor,Editor,C:/Users/hoseop/CLionProjects/constructor/Vehicle.h,,8,87,Default task
2023-01-11T01:05:36.772+09:00,Hoseop Shin,KeyEvent,99:67:0,constructor,Editor,C:/Users/hoseop/CLionProjects/constructor/Vehicle.h,,8,88,Default task
2023-01-11T01:05:38.471+09:00,Hoseop Shin,Action,EditorBackSpace,constructor,Editor,C:/Users/hoseop/CLionProjects/constructor/Vehicle.h,,8,89,Default task
2023-01-11T01:05:38.480+09:00,Hoseop Shin,KeyEvent,8:8:0,constructor,Editor,C:/Users/hoseop/CLionProjects/constructor/Vehicle.h,,8,88,Default task
2023-01-11T01:05:38.619+09:00,Hoseop Shin,Action,EditorBackSpace,constructor,Editor,C:/Users/hoseop/CLionProjects/constructor/Vehicle.h,,8,88,Default task
2023-01-11T01:05:38.639+09:00,Hoseop Shin,KeyEvent,8:8:0,constructor,Editor,C:/Users/hoseop/CLionProjects/constructor/Vehicle.h,,8,87,Default task
2023-01-11T01:05:39.973+09:00,Hoseop Shin,KeyEvent,98:66:0,constructor,Editor,C:/Users/hoseop/CLionProjects/constructor/Vehicle.h,,8,87,Default task
2023-01-11T01:05:40.188+09:00,Hoseop Shin,KeyEvent,97:65:0,constructor,Editor,C:/Users/hoseop/CLionProjects/constructor/Vehicle.h,,8,88,Default task
2023-01-11T01:05:40.585+09:00,Hoseop Shin,KeyEvent,116:84:0,constructor,Editor,C:/Users/hoseop/CLionProjects/constructor/Vehicle.h,,8,89,Default task
2023-01-11T01:05:40.755+09:00,Hoseop Shin,KeyEvent,116:84:0,constructor,Editor,C:/Users/hoseop/CLionProjects/constructor/Vehicle.h,,8,90,Default task
2023-01-11T01:05:40.914+09:00,Hoseop Shin,KeyEvent,101:69:0,constructor,Editor,C:/Users/hoseop/CLionProjects/constructor/Vehicle.h,,8,91,Default task
2023-01-11T01:05:41.029+09:00,Hoseop Shin,KeyEvent,114:82:0,constructor,Editor,C:/Users/hoseop/CLionProjects/constructor/Vehicle.h,,8,92,Default task
2023-01-11T01:05:42.652+09:00,Hoseop Shin,KeyEvent,121:89:0,constructor,Editor,C:/Users/hoseop/CLionProjects/constructor/Vehicle.h,,8,93,Default task
2023-01-11T01:05:42.976+09:00,Hoseop Shin,KeyEvent,65535:20:0,constructor,Editor,C:/Users/hoseop/CLionProjects/constructor/Vehicle.h,,8,94,Default task
2023-01-11T01:05:43.233+09:00,Hoseop Shin,KeyEvent,67:67:0,constructor,Editor,C:/Users/hoseop/CLionProjects/constructor/Vehicle.h,,8,94,Default task
2023-01-11T01:05:43.511+09:00,Hoseop Shin,KeyEvent,65535:20:0,constructor,Editor,C:/Users/hoseop/CLionProjects/constructor/Vehicle.h,,8,95,Default task
2023-01-11T01:05:43.752+09:00,Hoseop Shin,KeyEvent,97:65:0,constructor,Editor,C:/Users/hoseop/CLionProjects/constructor/Vehicle.h,,8,95,Default task
2023-01-11T01:05:44.039+09:00,Hoseop Shin,KeyEvent,112:80:0,constructor,Editor,C:/Users/hoseop/CLionProjects/constructor/Vehicle.h,,8,96,Default task
2023-01-11T01:05:44.174+09:00,Hoseop Shin,KeyEvent,97:65:0,constructor,Editor,C:/Users/hoseop/CLionProjects/constructor/Vehicle.h,,8,97,Default task
2023-01-11T01:05:44.920+09:00,Hoseop Shin,KeyEvent,99:67:0,constructor,Editor,C:/Users/hoseop/CLionProjects/constructor/Vehicle.h,,8,98,Default task
2023-01-11T01:05:45.277+09:00,Hoseop Shin,KeyEvent,105:73:0,constructor,Editor,C:/Users/hoseop/CLionProjects/constructor/Vehicle.h,,8,99,Default task
2023-01-11T01:05:45.495+09:00,Hoseop Shin,KeyEvent,116:84:0,constructor,Editor,C:/Users/hoseop/CLionProjects/constructor/Vehicle.h,,8,100,Default task
2023-01-11T01:05:45.604+09:00,Hoseop Shin,KeyEvent,121:89:0,constructor,Editor,C:/Users/hoseop/CLionProjects/constructor/Vehicle.h,,8,101,Default task
2023-01-11T01:05:46.177+09:00,Hoseop Shin,KeyEvent,65535:16:1,constructor,Editor,C:/Users/hoseop/CLionProjects/constructor/Vehicle.h,,8,102,Default task
2023-01-11T01:05:46.258+09:00,Hoseop Shin,KeyEvent,40:57:1,constructor,Editor,C:/Users/hoseop/CLionProjects/constructor/Vehicle.h,,8,102,Default task
2023-01-11T01:05:46.573+09:00,Hoseop Shin,KeyEvent,98:66:0,constructor,Editor,C:/Users/hoseop/CLionProjects/constructor/Vehicle.h,,8,103,Default task
2023-01-11T01:05:47.134+09:00,Hoseop Shin,KeyEvent,99:67:0,constructor,Editor,C:/Users/hoseop/CLionProjects/constructor/Vehicle.h,,8,104,Default task
2023-01-11T01:05:47.733+09:00,Hoseop Shin,Action,EditorRight,constructor,Editor,C:/Users/hoseop/CLionProjects/constructor/Vehicle.h,,8,105,Default task
2023-01-11T01:05:47.751+09:00,Hoseop Shin,KeyEvent,65535:39:0,constructor,Editor,C:/Users/hoseop/CLionProjects/constructor/Vehicle.h,,8,106,Default task
2023-01-11T01:05:48.348+09:00,Hoseop Shin,KeyEvent,32:32:0,constructor,Editor,C:/Users/hoseop/CLionProjects/constructor/Vehicle.h,,8,106,Default task
2023-01-11T01:05:48.539+09:00,Hoseop Shin,KeyEvent,65535:16:1,constructor,Editor,C:/Users/hoseop/CLionProjects/constructor/Vehicle.h,,8,107,Default task
2023-01-11T01:05:48.599+09:00,Hoseop Shin,KeyEvent,123:91:1,constructor,Editor,C:/Users/hoseop/CLionProjects/constructor/Vehicle.h,,8,107,Default task
2023-01-11T01:05:49.101+09:00,Hoseop Shin,Action,EditorRight,constructor,Editor,C:/Users/hoseop/CLionProjects/constructor/Vehicle.h,,8,108,Default task
2023-01-11T01:05:49.104+09:00,Hoseop Shin,KeyEvent,65535:39:0,constructor,Editor,C:/Users/hoseop/CLionProjects/constructor/Vehicle.h,,8,109,Default task
2023-01-11T01:05:50.183+09:00,Hoseop Shin,Action,EditorLineStart,constructor,Editor,C:/Users/hoseop/CLionProjects/constructor/Vehicle.h,,8,109,Default task
2023-01-11T01:05:50.187+09:00,Hoseop Shin,KeyEvent,65535:36:0,constructor,Editor,C:/Users/hoseop/CLionProjects/constructor/Vehicle.h,,8,4,Default task
2023-01-11T01:05:59.584+09:00,Hoseop Shin,KeyEvent,27:27:0,,,,,-1,-1,
2023-01-11T01:06:05.080+09:00,Hoseop Shin,KeyEvent,32:32:0,constructor,Editor,C:/Users/hoseop/CLionProjects/constructor/Vehicle.h,,8,46,Default task
2023-01-11T01:07:07.614+09:00,Hoseop Shin,KeyEvent,65535:16:1,constructor,Editor,C:/Users/hoseop/CLionProjects/constructor/Vehicle.h,,8,47,Default task
2023-01-11T01:07:07.745+09:00,Hoseop Shin,Action,Run,constructor,Editor,C:/Users/hoseop/CLionProjects/constructor/Vehicle.h,,8,47,Default task
2023-01-11T01:07:07.795+09:00,Hoseop Shin,KeyEvent,65535:121:1,constructor,Editor,C:/Users/hoseop/CLionProjects/constructor/Vehicle.h,,8,47,Default task
2023-01-11T01:07:59.359+09:00,Hoseop Shin,Action,EditorBackSpace,constructor,Editor,C:/Users/hoseop/CLionProjects/constructor/Vehicle.h,,8,40,Default task
2023-01-11T01:07:59.366+09:00,Hoseop Shin,KeyEvent,8:8:0,constructor,Editor,C:/Users/hoseop/CLionProjects/constructor/Vehicle.h,,8,40,Default task
2023-01-11T01:08:05.061+09:00,Hoseop Shin,KeyEvent,65535:18:8,constructor,Editor,C:/Users/hoseop/CLionProjects/constructor/VehicleTest.cpp,,4,16,Default task
2023-01-11T01:08:05.146+09:00,Hoseop Shin,Action,ShowIntentionActions,constructor,Editor,C:/Users/hoseop/CLionProjects/constructor/VehicleTest.cpp,,4,16,Default task
2023-01-11T01:08:05.193+09:00,Hoseop Shin,KeyEvent,10:10:8,constructor,Editor,C:/Users/hoseop/CLionProjects/constructor/VehicleTest.cpp,,4,16,Default task
2023-01-11T01:08:06.723+09:00,Hoseop Shin,KeyEvent,27:27:0,,,,,-1,-1,
2023-01-11T01:08:07.864+09:00,Hoseop Shin,KeyEvent,65535:18:8,constructor,Editor,C:/Users/hoseop/CLionProjects/constructor/VehicleTest.cpp,,5,23,Default task
2023-01-11T01:08:07.976+09:00,Hoseop Shin,Action,ShowIntentionActions,constructor,Editor,C:/Users/hoseop/CLionProjects/constructor/VehicleTest.cpp,,5,23,Default task
2023-01-11T01:08:08.023+09:00,Hoseop Shin,KeyEvent,10:10:8,constructor,Editor,C:/Users/hoseop/CLionProjects/constructor/VehicleTest.cpp,,5,23,Default task
2023-01-11T01:08:08.657+09:00,Hoseop Shin,KeyEvent,27:27:0,,,,,-1,-1,
2023-01-11T01:08:14.386+09:00,Hoseop Shin,KeyEvent,65535:17:2,constructor,Editor,C:/Users/hoseop/CLionProjects/constructor/Vehicle.h,,8,32,Default task
2023-01-11T01:08:14.489+09:00,Hoseop Shin,Action,EditorDuplicate,constructor,Editor,C:/Users/hoseop/CLionProjects/constructor/Vehicle.h,,8,32,Default task
2023-01-11T01:08:14.497+09:00,Hoseop Shin,KeyEvent,4:68:2,constructor,Editor,C:/Users/hoseop/CLionProjects/constructor/Vehicle.h,,9,4,Default task
2023-01-11T01:08:18.751+09:00,Hoseop Shin,Action,EditorBackSpace,constructor,Editor,C:/Users/hoseop/CLionProjects/constructor/Vehicle.h,,9,31,Default task
2023-01-11T01:08:18.765+09:00,Hoseop Shin,KeyEvent,8:8:0,constructor,Editor,C:/Users/hoseop/CLionProjects/constructor/Vehicle.h,,9,31,Default task
2023-01-11T01:08:25.380+09:00,Hoseop Shin,Action,EditorBackSpace,constructor,Editor,C:/Users/hoseop/CLionProjects/constructor/Vehicle.h,,9,72,Default task
2023-01-11T01:08:25.401+09:00,Hoseop Shin,KeyEvent,8:8:0,constructor,Editor,C:/Users/hoseop/CLionProjects/constructor/Vehicle.h,,9,71,Default task
2023-01-11T01:08:25.504+09:00,Hoseop Shin,Action,EditorBackSpace,constructor,Editor,C:/Users/hoseop/CLionProjects/constructor/Vehicle.h,,9,71,Default task
2023-01-11T01:08:25.508+09:00,Hoseop Shin,KeyEvent,8:8:0,constructor,Editor,C:/Users/hoseop/CLionProjects/constructor/Vehicle.h,,9,70,Default task
2023-01-11T01:08:25.626+09:00,Hoseop Shin,Action,EditorBackSpace,constructor,Editor,C:/Users/hoseop/CLionProjects/constructor/Vehicle.h,,9,70,Default task
2023-01-11T01:08:25.630+09:00,Hoseop Shin,KeyEvent,8:8:0,constructor,Editor,C:/Users/hoseop/CLionProjects/constructor/Vehicle.h,,9,69,Default task
2023-01-11T01:08:26.033+09:00,Hoseop Shin,KeyEvent,65535:20:0,constructor,Editor,C:/Users/hoseop/CLionProjects/constructor/Vehicle.h,,9,69,Default task
2023-01-11T01:08:26.163+09:00,Hoseop Shin,KeyEvent,84:84:0,constructor,Editor,C:/Users/hoseop/CLionProjects/constructor/Vehicle.h,,9,69,Default task
2023-01-11T01:08:26.290+09:00,Hoseop Shin,KeyEvent,65535:20:0,constructor,Editor,C:/Users/hoseop/CLionProjects/constructor/Vehicle.h,,9,70,Default task
2023-01-11T01:08:26.816+09:00,Hoseop Shin,Action,EditorBackSpace,constructor,Editor,C:/Users/hoseop/CLionProjects/constructor/Vehicle.h,,9,70,Default task
2023-01-11T01:08:26.829+09:00,Hoseop Shin,KeyEvent,8:8:0,constructor,Editor,C:/Users/hoseop/CLionProjects/constructor/Vehicle.h,,9,69,Default task
2023-01-11T01:08:27.139+09:00,Hoseop Shin,KeyEvent,65535:20:0,constructor,Editor,C:/Users/hoseop/CLionProjects/constructor/Vehicle.h,,9,69,Default task
2023-01-11T01:08:27.390+09:00,Hoseop Shin,KeyEvent,84:84:0,constructor,Editor,C:/Users/hoseop/CLionProjects/constructor/Vehicle.h,,9,69,Default task
2023-01-11T01:08:27.783+09:00,Hoseop Shin,KeyEvent,82:82:0,constructor,Editor,C:/Users/hoseop/CLionProjects/constructor/Vehicle.h,,9,70,Default task
2023-01-11T01:08:28.132+09:00,Hoseop Shin,Action,EditorBackSpace,constructor,Editor,C:/Users/hoseop/CLionProjects/constructor/Vehicle.h,,9,71,Default task
2023-01-11T01:08:28.162+09:00,Hoseop Shin,KeyEvent,8:8:0,constructor,Editor,C:/Users/hoseop/CLionProjects/constructor/Vehicle.h,,9,70,Default task
2023-01-11T01:08:28.235+09:00,Hoseop Shin,Action,EditorBackSpace,constructor,Editor,C:/Users/hoseop/CLionProjects/constructor/Vehicle.h,,9,70,Default task
2023-01-11T01:08:28.245+09:00,Hoseop Shin,KeyEvent,8:8:0,constructor,Editor,C:/Users/hoseop/CLionProjects/constructor/Vehicle.h,,9,69,Default task
2023-01-11T01:08:28.308+09:00,Hoseop Shin,KeyEvent,65535:20:0,constructor,Editor,C:/Users/hoseop/CLionProjects/constructor/Vehicle.h,,9,69,Default task
2023-01-11T01:08:28.437+09:00,Hoseop Shin,KeyEvent,116:84:0,constructor,Editor,C:/Users/hoseop/CLionProjects/constructor/Vehicle.h,,9,69,Default task
2023-01-11T01:08:28.668+09:00,Hoseop Shin,KeyEvent,114:82:0,constructor,Editor,C:/Users/hoseop/CLionProjects/constructor/Vehicle.h,,9,70,Default task
2023-01-11T01:08:28.863+09:00,Hoseop Shin,KeyEvent,117:85:0,constructor,Editor,C:/Users/hoseop/CLionProjects/constructor/Vehicle.h,,9,71,Default task
2023-01-11T01:08:29.075+09:00,Hoseop Shin,KeyEvent,101:69:0,constructor,Editor,C:/Users/hoseop/CLionProjects/constructor/Vehicle.h,,9,72,Default task
2023-01-11T01:08:32.128+09:00,Hoseop Shin,Action,EditorEscape,constructor,Editor,C:/Users/hoseop/CLionProjects/constructor/Vehicle.h,,9,73,Default task
2023-01-11T01:08:32.135+09:00,Hoseop Shin,KeyEvent,27:27:0,constructor,Editor,C:/Users/hoseop/CLionProjects/constructor/Vehicle.h,,9,73,Default task
2023-01-11T01:08:41.156+09:00,Hoseop Shin,KeyEvent,27:27:0,,,,,-1,-1,
2023-01-11T01:08:51.582+09:00,Hoseop Shin,KeyEvent,65535:17:2,constructor,Editor,C:/Users/hoseop/CLionProjects/constructor/Vehicle.h,,7,0,Default task
2023-01-11T01:08:51.702+09:00,Hoseop Shin,Action,CommentByLineComment,constructor,Editor,C:/Users/hoseop/CLionProjects/constructor/Vehicle.h,,7,0,Default task
2023-01-11T01:08:51.720+09:00,Hoseop Shin,KeyEvent,47:47:2,constructor,Editor,C:/Users/hoseop/CLionProjects/constructor/Vehicle.h,,7,0,Default task
2023-01-11T01:08:54.796+09:00,Hoseop Shin,KeyEvent,65535:17:2,constructor,Editor,C:/Users/hoseop/CLionProjects/constructor/Vehicle.h,,7,0,Default task
2023-01-11T01:08:54.896+09:00,Hoseop Shin,Action,CommentByLineComment,constructor,Editor,C:/Users/hoseop/CLionProjects/constructor/Vehicle.h,,7,0,Default task
2023-01-11T01:08:54.907+09:00,Hoseop Shin,KeyEvent,47:47:2,constructor,Editor,C:/Users/hoseop/CLionProjects/constructor/Vehicle.h,,7,0,Default task
2023-01-11T01:09:04.168+09:00,Hoseop Shin,KeyEvent,65535:16:1,constructor,Editor,C:/Users/hoseop/CLionProjects/constructor/Vehicle.h,,10,31,Default task
2023-01-11T01:09:04.284+09:00,Hoseop Shin,Action,Run,constructor,Editor,C:/Users/hoseop/CLionProjects/constructor/Vehicle.h,,10,31,Default task
2023-01-11T01:09:04.314+09:00,Hoseop Shin,KeyEvent,65535:121:1,constructor,Editor,C:/Users/hoseop/CLionProjects/constructor/Vehicle.h,,10,31,Default task
2023-01-11T01:12:03.587+09:00,Hoseop Shin,Action,EditorBackSpace,constructor,Editor,C:/Users/hoseop/CLionProjects/constructor/Vehicle.h,,9,62,Default task
2023-01-11T01:12:03.603+09:00,Hoseop Shin,KeyEvent,8:8:0,constructor,Editor,C:/Users/hoseop/CLionProjects/constructor/Vehicle.h,,9,62,Default task
2023-01-11T01:12:03.694+09:00,Hoseop Shin,Action,EditorBackSpace,constructor,Editor,C:/Users/hoseop/CLionProjects/constructor/Vehicle.h,,9,62,Default task
2023-01-11T01:12:03.697+09:00,Hoseop Shin,KeyEvent,8:8:0,constructor,Editor,C:/Users/hoseop/CLionProjects/constructor/Vehicle.h,,9,61,Default task
2023-01-11T01:12:20.061+09:00,Hoseop Shin,KeyEvent,27:27:0,,,,,-1,-1,
2023-01-11T01:13:18.463+09:00,Hoseop Shin,KeyEvent,65535:16:1,constructor,Editor,C:/Users/hoseop/CLionProjects/constructor/Vehicle.h,,8,4,Default task
2023-01-11T01:13:18.845+09:00,Hoseop Shin,Action,EditorLineEndWithSelection,constructor,Editor,C:/Users/hoseop/CLionProjects/constructor/Vehicle.h,,8,4,Default task
2023-01-11T01:13:18.854+09:00,Hoseop Shin,KeyEvent,65535:35:1,constructor,Editor,C:/Users/hoseop/CLionProjects/constructor/Vehicle.h,,8,105,Default task
2023-01-11T01:13:55.001+09:00,Hoseop Shin,KeyEvent,65535:20:0,constructor,Editor,C:/Users/hoseop/CLionProjects/constructor/Vehicle.h,,9,81,Default task
2023-01-11T01:13:55.214+09:00,Hoseop Shin,KeyEvent,86:86:0,constructor,Editor,C:/Users/hoseop/CLionProjects/constructor/Vehicle.h,,9,81,Default task
2023-01-11T01:13:55.338+09:00,Hoseop Shin,KeyEvent,65535:20:0,constructor,Editor,C:/Users/hoseop/CLionProjects/constructor/Vehicle.h,,9,46,Default task
2023-01-11T01:13:55.450+09:00,Hoseop Shin,KeyEvent,101:69:0,constructor,Editor,C:/Users/hoseop/CLionProjects/constructor/Vehicle.h,,9,46,Default task
2023-01-11T01:13:56.000+09:00,Hoseop Shin,KeyEvent,104:72:0,constructor,Editor,C:/Users/hoseop/CLionProjects/constructor/Vehicle.h,,9,47,Default task
2023-01-11T01:13:56.160+09:00,Hoseop Shin,KeyEvent,105:73:0,constructor,Editor,C:/Users/hoseop/CLionProjects/constructor/Vehicle.h,,9,48,Default task
2023-01-11T01:13:56.748+09:00,Hoseop Shin,KeyEvent,99:67:0,constructor,Editor,C:/Users/hoseop/CLionProjects/constructor/Vehicle.h,,9,49,Default task
2023-01-11T01:13:56.818+09:00,Hoseop Shin,KeyEvent,108:76:0,constructor,Editor,C:/Users/hoseop/CLionProjects/constructor/Vehicle.h,,9,50,Default task
2023-01-11T01:13:56.897+09:00,Hoseop Shin,KeyEvent,101:69:0,constructor,Editor,C:/Users/hoseop/CLionProjects/constructor/Vehicle.h,,9,51,Default task
2023-01-11T01:13:59.000+09:00,Hoseop Shin,KeyEvent,65535:16:1,constructor,Editor,C:/Users/hoseop/CLionProjects/constructor/Vehicle.h,,9,52,Default task
2023-01-11T01:13:59.112+09:00,Hoseop Shin,KeyEvent,40:57:1,constructor,Editor,C:/Users/hoseop/CLionProjects/constructor/Vehicle.h,,9,52,Default task
2023-01-11T01:14:00.437+09:00,Hoseop Shin,KeyEvent,115:83:0,constructor,Editor,C:/Users/hoseop/CLionProjects/constructor/Vehicle.h,,9,53,Default task
2023-01-11T01:14:00.598+09:00,Hoseop Shin,KeyEvent,116:84:0,constructor,Editor,C:/Users/hoseop/CLionProjects/constructor/Vehicle.h,,9,54,Default task
2023-01-11T01:14:00.838+09:00,Hoseop Shin,KeyEvent,100:68:0,constructor,Editor,C:/Users/hoseop/CLionProjects/constructor/Vehicle.h,,9,55,Default task
2023-01-11T01:14:01.511+09:00,Hoseop Shin,Action,EditorBackSpace,constructor,Editor,C:/Users/hoseop/CLionProjects/constructor/Vehicle.h,,9,56,Default task
2023-01-11T01:14:01.517+09:00,Hoseop Shin,KeyEvent,8:8:0,constructor,Editor,C:/Users/hoseop/CLionProjects/constructor/Vehicle.h,,9,55,Default task
2023-01-11T01:14:01.671+09:00,Hoseop Shin,Action,EditorBackSpace,constructor,Editor,C:/Users/hoseop/CLionProjects/constructor/Vehicle.h,,9,55,Default task
2023-01-11T01:14:01.685+09:00,Hoseop Shin,KeyEvent,8:8:0,constructor,Editor,C:/Users/hoseop/CLionProjects/constructor/Vehicle.h,,9,54,Default task
2023-01-11T01:14:01.803+09:00,Hoseop Shin,Action,EditorBackSpace,constructor,Editor,C:/Users/hoseop/CLionProjects/constructor/Vehicle.h,,9,54,Default task
2023-01-11T01:14:01.824+09:00,Hoseop Shin,KeyEvent,8:8:0,constructor,Editor,C:/Users/hoseop/CLionProjects/constructor/Vehicle.h,,9,53,Default task
2023-01-11T01:14:11.205+09:00,Hoseop Shin,KeyEvent,110:78:0,constructor,Editor,C:/Users/hoseop/CLionProjects/constructor/Vehicle.h,,9,53,Default task
2023-01-11T01:14:12.009+09:00,Hoseop Shin,KeyEvent,44:44:0,constructor,Editor,C:/Users/hoseop/CLionProjects/constructor/Vehicle.h,,9,54,Default task
2023-01-11T01:14:13.327+09:00,Hoseop Shin,KeyEvent,114:82:0,constructor,Editor,C:/Users/hoseop/CLionProjects/constructor/Vehicle.h,,9,55,Default task
2023-01-11T01:14:14.026+09:00,Hoseop Shin,KeyEvent,44:44:0,constructor,Editor,C:/Users/hoseop/CLionProjects/constructor/Vehicle.h,,9,56,Default task
2023-01-11T01:14:36.125+09:00,Hoseop Shin,KeyEvent,116:84:0,constructor,Editor,C:/Users/hoseop/CLionProjects/constructor/Vehicle.h,,9,57,Default task
2023-01-11T01:14:36.735+09:00,Hoseop Shin,KeyEvent,114:82:0,constructor,Editor,C:/Users/hoseop/CLionProjects/constructor/Vehicle.h,,9,58,Default task
2023-01-11T01:14:36.908+09:00,Hoseop Shin,KeyEvent,117:85:0,constructor,Editor,C:/Users/hoseop/CLionProjects/constructor/Vehicle.h,,9,59,Default task
2023-01-11T01:14:37.038+09:00,Hoseop Shin,KeyEvent,101:69:0,constructor,Editor,C:/Users/hoseop/CLionProjects/constructor/Vehicle.h,,9,60,Default task
2023-01-11T01:14:37.833+09:00,Hoseop Shin,KeyEvent,44:44:0,constructor,Editor,C:/Users/hoseop/CLionProjects/constructor/Vehicle.h,,9,61,Default task
2023-01-11T01:14:48.488+09:00,Hoseop Shin,KeyEvent,98:66:0,constructor,Editor,C:/Users/hoseop/CLionProjects/constructor/Vehicle.h,,9,62,Default task
2023-01-11T01:14:48.797+09:00,Hoseop Shin,KeyEvent,99:67:0,constructor,Editor,C:/Users/hoseop/CLionProjects/constructor/Vehicle.h,,9,63,Default task
2023-01-11T01:15:07.172+09:00,Hoseop Shin,KeyEvent,65535:16:1,constructor,Editor,C:/Users/hoseop/CLionProjects/constructor/VehicleTest.cpp,,7,27,Default task
2023-01-11T01:15:07.254+09:00,Hoseop Shin,Action,Run,constructor,Editor,C:/Users/hoseop/CLionProjects/constructor/VehicleTest.cpp,,7,27,Default task
2023-01-11T01:15:07.287+09:00,Hoseop Shin,KeyEvent,65535:121:1,constructor,Editor,C:/Users/hoseop/CLionProjects/constructor/VehicleTest.cpp,,7,27,Default task
2023-01-11T01:17:15.272+09:00,Hoseop Shin,Action,EditorBackSpace,constructor,Editor,C:/Users/hoseop/CLionProjects/constructor/Vehicle.h,,9,61,Default task
2023-01-11T01:17:15.281+09:00,Hoseop Shin,KeyEvent,8:8:0,constructor,Editor,C:/Users/hoseop/CLionProjects/constructor/Vehicle.h,,9,60,Default task
2023-01-11T01:17:15.382+09:00,Hoseop Shin,Action,EditorBackSpace,constructor,Editor,C:/Users/hoseop/CLionProjects/constructor/Vehicle.h,,9,60,Default task
2023-01-11T01:17:15.394+09:00,Hoseop Shin,KeyEvent,8:8:0,constructor,Editor,C:/Users/hoseop/CLionProjects/constructor/Vehicle.h,,9,59,Default task
2023-01-11T01:17:15.534+09:00,Hoseop Shin,Action,EditorBackSpace,constructor,Editor,C:/Users/hoseop/CLionProjects/constructor/Vehicle.h,,9,59,Default task
2023-01-11T01:17:15.548+09:00,Hoseop Shin,KeyEvent,8:8:0,constructor,Editor,C:/Users/hoseop/CLionProjects/constructor/Vehicle.h,,9,58,Default task
2023-01-11T01:17:15.764+09:00,Hoseop Shin,Action,EditorBackSpace,constructor,Editor,C:/Users/hoseop/CLionProjects/constructor/Vehicle.h,,9,58,Default task
2023-01-11T01:17:15.776+09:00,Hoseop Shin,KeyEvent,8:8:0,constructor,Editor,C:/Users/hoseop/CLionProjects/constructor/Vehicle.h,,9,57,Default task
2023-01-11T01:17:16.205+09:00,Hoseop Shin,KeyEvent,102:70:0,constructor,Editor,C:/Users/hoseop/CLionProjects/constructor/Vehicle.h,,9,57,Default task
2023-01-11T01:17:16.492+09:00,Hoseop Shin,KeyEvent,97:65:0,constructor,Editor,C:/Users/hoseop/CLionProjects/constructor/Vehicle.h,,9,58,Default task
2023-01-11T01:17:16.587+09:00,Hoseop Shin,KeyEvent,108:76:0,constructor,Editor,C:/Users/hoseop/CLionProjects/constructor/Vehicle.h,,9,59,Default task
2023-01-11T01:17:16.776+09:00,Hoseop Shin,KeyEvent,115:83:0,constructor,Editor,C:/Users/hoseop/CLionProjects/constructor/Vehicle.h,,9,60,Default task
2023-01-11T01:17:16.906+09:00,Hoseop Shin,KeyEvent,101:69:0,constructor,Editor,C:/Users/hoseop/CLionProjects/constructor/Vehicle.h,,9,61,Default task
2023-01-11T01:17:18.038+09:00,Hoseop Shin,Action,EditorEscape,constructor,Editor,C:/Users/hoseop/CLionProjects/constructor/Vehicle.h,,9,62,Default task
2023-01-11T01:17:18.045+09:00,Hoseop Shin,KeyEvent,27:27:0,constructor,Editor,C:/Users/hoseop/CLionProjects/constructor/Vehicle.h,,9,62,Default task
2023-01-11T01:18:30.180+09:00,Hoseop Shin,Action,EditorRight,constructor,Editor,C:/Users/hoseop/CLionProjects/constructor/Vehicle.h,,7,12,Default task
2023-01-11T01:18:30.187+09:00,Hoseop Shin,KeyEvent,65535:39:0,constructor,Editor,C:/Users/hoseop/CLionProjects/constructor/Vehicle.h,,7,13,Default task
2023-01-11T01:18:31.213+09:00,Hoseop Shin,Action,EditorRight,constructor,Editor,C:/Users/hoseop/CLionProjects/constructor/Vehicle.h,,7,13,Default task
2023-01-11T01:18:31.215+09:00,Hoseop Shin,KeyEvent,65535:39:0,constructor,Editor,C:/Users/hoseop/CLionProjects/constructor/Vehicle.h,,7,14,Default task
2023-01-11T01:18:31.797+09:00,Hoseop Shin,Action,EditorLeft,constructor,Editor,C:/Users/hoseop/CLionProjects/constructor/Vehicle.h,,7,14,Default task
2023-01-11T01:18:31.801+09:00,Hoseop Shin,KeyEvent,65535:37:0,constructor,Editor,C:/Users/hoseop/CLionProjects/constructor/Vehicle.h,,7,13,Default task
2023-01-11T01:18:33.704+09:00,Hoseop Shin,KeyEvent,32:32:0,constructor,Editor,C:/Users/hoseop/CLionProjects/constructor/Vehicle.h,,7,13,Default task
2023-01-11T01:18:33.855+09:00,Hoseop Shin,KeyEvent,65535:16:1,constructor,Editor,C:/Users/hoseop/CLionProjects/constructor/Vehicle.h,,7,14,Default task
2023-01-11T01:18:33.921+09:00,Hoseop Shin,KeyEvent,58:59:1,constructor,Editor,C:/Users/hoseop/CLionProjects/constructor/Vehicle.h,,7,14,Default task
2023-01-11T01:18:36.110+09:00,Hoseop Shin,KeyEvent,32:32:0,constructor,Editor,C:/Users/hoseop/CLionProjects/constructor/Vehicle.h,,7,15,Default task
2023-01-11T01:18:42.653+09:00,Hoseop Shin,KeyEvent,110:78:0,constructor,Editor,C:/Users/hoseop/CLionProjects/constructor/Vehicle.h,,7,16,Default task
2023-01-11T01:18:42.701+09:00,Hoseop Shin,KeyEvent,97:65:0,constructor,Editor,C:/Users/hoseop/CLionProjects/constructor/Vehicle.h,,7,17,Default task
2023-01-11T01:18:42.853+09:00,Hoseop Shin,KeyEvent,109:77:0,constructor,Editor,C:/Users/hoseop/CLionProjects/constructor/Vehicle.h,,7,18,Default task
2023-01-11T01:18:42.933+09:00,Hoseop Shin,KeyEvent,101:69:0,constructor,Editor,C:/Users/hoseop/CLionProjects/constructor/Vehicle.h,,7,19,Default task
2023-01-11T01:18:43.420+09:00,Hoseop Shin,KeyEvent,65535:16:1,constructor,Editor,C:/Users/hoseop/CLionProjects/constructor/Vehicle.h,,7,20,Default task
2023-01-11T01:18:43.509+09:00,Hoseop Shin,KeyEvent,40:57:1,constructor,Editor,C:/Users/hoseop/CLionProjects/constructor/Vehicle.h,,7,20,Default task
2023-01-11T01:18:46.112+09:00,Hoseop Shin,KeyEvent,65535:16:1,constructor,Editor,C:/Users/hoseop/CLionProjects/constructor/Vehicle.h,,7,21,Default task
2023-01-11T01:18:46.175+09:00,Hoseop Shin,KeyEvent,34:222:1,constructor,Editor,C:/Users/hoseop/CLionProjects/constructor/Vehicle.h,,7,21,Default task
2023-01-11T01:18:46.711+09:00,Hoseop Shin,KeyEvent,65535:20:0,constructor,Editor,C:/Users/hoseop/CLionProjects/constructor/Vehicle.h,,7,22,Default task
2023-01-11T01:18:46.976+09:00,Hoseop Shin,KeyEvent,77:77:0,constructor,Editor,C:/Users/hoseop/CLionProjects/constructor/Vehicle.h,,7,22,Default task
2023-01-11T01:18:47.681+09:00,Hoseop Shin,KeyEvent,65535:20:0,constructor,Editor,C:/Users/hoseop/CLionProjects/constructor/Vehicle.h,,7,23,Default task
2023-01-11T01:18:47.936+09:00,Hoseop Shin,KeyEvent,111:79:0,constructor,Editor,C:/Users/hoseop/CLionProjects/constructor/Vehicle.h,,7,23,Default task
2023-01-11T01:18:48.374+09:00,Hoseop Shin,KeyEvent,100:68:0,constructor,Editor,C:/Users/hoseop/CLionProjects/constructor/Vehicle.h,,7,24,Default task
2023-01-11T01:18:48.596+09:00,Hoseop Shin,KeyEvent,101:69:0,constructor,Editor,C:/Users/hoseop/CLionProjects/constructor/Vehicle.h,,7,25,Default task
2023-01-11T01:18:48.765+09:00,Hoseop Shin,KeyEvent,108:76:0,constructor,Editor,C:/Users/hoseop/CLionProjects/constructor/Vehicle.h,,7,26,Default task
2023-01-11T01:18:49.807+09:00,Hoseop Shin,KeyEvent,32:32:0,constructor,Editor,C:/Users/hoseop/CLionProjects/constructor/Vehicle.h,,7,27,Default task
2023-01-11T01:18:49.974+09:00,Hoseop Shin,KeyEvent,65535:20:0,constructor,Editor,C:/Users/hoseop/CLionProjects/constructor/Vehicle.h,,7,28,Default task
2023-01-11T01:18:50.202+09:00,Hoseop Shin,KeyEvent,89:89:0,constructor,Editor,C:/Users/hoseop/CLionProjects/constructor/Vehicle.h,,7,28,Default task
2023-01-11T01:18:50.316+09:00,Hoseop Shin,KeyEvent,65535:20:0,constructor,Editor,C:/Users/hoseop/CLionProjects/constructor/Vehicle.h,,7,29,Default task
2023-01-11T01:18:59.020+09:00,Hoseop Shin,KeyEvent,32:32:0,constructor,Editor,C:/Users/hoseop/CLionProjects/constructor/Vehicle.h,,7,29,Default task
2023-01-11T01:18:59.353+09:00,Hoseop Shin,KeyEvent,65535:20:0,constructor,Editor,C:/Users/hoseop/CLionProjects/constructor/Vehicle.h,,7,30,Default task
2023-01-11T01:18:59.555+09:00,Hoseop Shin,KeyEvent,76:76:0,constructor,Editor,C:/Users/hoseop/CLionProjects/constructor/Vehicle.h,,7,30,Default task
2023-01-11T01:18:59.700+09:00,Hoseop Shin,KeyEvent,82:82:0,constructor,Editor,C:/Users/hoseop/CLionProjects/constructor/Vehicle.h,,7,31,Default task
2023-01-11T01:19:00.101+09:00,Hoseop Shin,KeyEvent,65535:20:0,constructor,Editor,C:/Users/hoseop/CLionProjects/constructor/Vehicle.h,,7,32,Default task
2023-01-11T01:25:25.274+09:00,Hoseop Shin,Action,EditorRight,constructor,Editor,C:/Users/hoseop/CLionProjects/constructor/Vehicle.h,,7,33,Default task
2023-01-11T01:25:25.294+09:00,Hoseop Shin,KeyEvent,65535:39:0,constructor,Editor,C:/Users/hoseop/CLionProjects/constructor/Vehicle.h,,7,34,Default task
2023-01-11T01:25:26.832+09:00,Hoseop Shin,KeyEvent,44:44:0,constructor,Editor,C:/Users/hoseop/CLionProjects/constructor/Vehicle.h,,7,34,Default task
2023-01-11T01:25:28.242+09:00,Hoseop Shin,KeyEvent,114:82:0,constructor,Editor,C:/Users/hoseop/CLionProjects/constructor/Vehicle.h,,7,35,Default task
2023-01-11T01:25:28.401+09:00,Hoseop Shin,KeyEvent,97:65:0,constructor,Editor,C:/Users/hoseop/CLionProjects/constructor/Vehicle.h,,7,36,Default task
2023-01-11T01:25:28.638+09:00,Hoseop Shin,KeyEvent,103:71:0,constructor,Editor,C:/Users/hoseop/CLionProjects/constructor/Vehicle.h,,7,37,Default task
2023-01-11T01:25:28.890+09:00,Hoseop Shin,KeyEvent,101:69:0,constructor,Editor,C:/Users/hoseop/CLionProjects/constructor/Vehicle.h,,7,38,Default task
2023-01-11T01:25:29.042+09:00,Hoseop Shin,KeyEvent,116:84:0,constructor,Editor,C:/Users/hoseop/CLionProjects/constructor/Vehicle.h,,7,39,Default task
2023-01-11T01:25:29.553+09:00,Hoseop Shin,Action,EditorBackSpace,constructor,Editor,C:/Users/hoseop/CLionProjects/constructor/Vehicle.h,,7,40,Default task
2023-01-11T01:25:29.570+09:00,Hoseop Shin,KeyEvent,8:8:0,constructor,Editor,C:/Users/hoseop/CLionProjects/constructor/Vehicle.h,,7,39,Default task
2023-01-11T01:25:29.737+09:00,Hoseop Shin,Action,EditorBackSpace,constructor,Editor,C:/Users/hoseop/CLionProjects/constructor/Vehicle.h,,7,39,Default task
2023-01-11T01:25:29.754+09:00,Hoseop Shin,KeyEvent,8:8:0,constructor,Editor,C:/Users/hoseop/CLionProjects/constructor/Vehicle.h,,7,38,Default task
2023-01-11T01:25:29.876+09:00,Hoseop Shin,Action,EditorBackSpace,constructor,Editor,C:/Users/hoseop/CLionProjects/constructor/Vehicle.h,,7,38,Default task
2023-01-11T01:25:29.892+09:00,Hoseop Shin,KeyEvent,8:8:0,constructor,Editor,C:/Users/hoseop/CLionProjects/constructor/Vehicle.h,,7,37,Default task
2023-01-11T01:25:30.147+09:00,Hoseop Shin,KeyEvent,110:78:0,constructor,Editor,C:/Users/hoseop/CLionProjects/constructor/Vehicle.h,,7,37,Default task
2023-01-11T01:25:30.284+09:00,Hoseop Shin,KeyEvent,97:65:0,constructor,Editor,C:/Users/hoseop/CLionProjects/constructor/Vehicle.h,,7,38,Default task
2023-01-11T01:25:30.562+09:00,Hoseop Shin,KeyEvent,103:71:0,constructor,Editor,C:/Users/hoseop/CLionProjects/constructor/Vehicle.h,,7,39,Default task
2023-01-11T01:25:30.971+09:00,Hoseop Shin,Action,EditorBackSpace,constructor,Editor,C:/Users/hoseop/CLionProjects/constructor/Vehicle.h,,7,40,Default task
2023-01-11T01:25:30.988+09:00,Hoseop Shin,KeyEvent,8:8:0,constructor,Editor,C:/Users/hoseop/CLionProjects/constructor/Vehicle.h,,7,39,Default task
2023-01-11T01:25:31.072+09:00,Hoseop Shin,Action,EditorBackSpace,constructor,Editor,C:/Users/hoseop/CLionProjects/constructor/Vehicle.h,,7,39,Default task
2023-01-11T01:25:31.080+09:00,Hoseop Shin,KeyEvent,8:8:0,constructor,Editor,C:/Users/hoseop/CLionProjects/constructor/Vehicle.h,,7,38,Default task
2023-01-11T01:25:31.412+09:00,Hoseop Shin,KeyEvent,103:71:0,constructor,Editor,C:/Users/hoseop/CLionProjects/constructor/Vehicle.h,,7,38,Default task
2023-01-11T01:25:31.511+09:00,Hoseop Shin,KeyEvent,101:69:0,constructor,Editor,C:/Users/hoseop/CLionProjects/constructor/Vehicle.h,,7,39,Default task
2023-01-11T01:25:33.296+09:00,Hoseop Shin,KeyEvent,65535:16:1,constructor,Editor,C:/Users/hoseop/CLionProjects/constructor/Vehicle.h,,7,40,Default task
2023-01-11T01:25:33.484+09:00,Hoseop Shin,KeyEvent,40:57:1,constructor,Editor,C:/Users/hoseop/CLionProjects/constructor/Vehicle.h,,7,40,Default task
2023-01-11T01:25:37.959+09:00,Hoseop Shin,KeyEvent,53:53:0,constructor,Editor,C:/Users/hoseop/CLionProjects/constructor/Vehicle.h,,7,41,Default task
2023-01-11T01:25:38.140+09:00,Hoseop Shin,KeyEvent,49:49:0,constructor,Editor,C:/Users/hoseop/CLionProjects/constructor/Vehicle.h,,7,42,Default task
2023-01-11T01:25:38.287+09:00,Hoseop Shin,KeyEvent,49:49:0,constructor,Editor,C:/Users/hoseop/CLionProjects/constructor/Vehicle.h,,7,43,Default task
2023-01-11T01:25:40.057+09:00,Hoseop Shin,KeyEvent,44:44:0,constructor,Editor,C:/Users/hoseop/CLionProjects/constructor/Vehicle.h,,7,45,Default task
2023-01-11T01:25:52.037+09:00,Hoseop Shin,KeyEvent,104:72:0,constructor,Editor,C:/Users/hoseop/CLionProjects/constructor/Vehicle.h,,7,46,Default task
2023-01-11T01:25:52.155+09:00,Hoseop Shin,KeyEvent,97:65:0,constructor,Editor,C:/Users/hoseop/CLionProjects/constructor/Vehicle.h,,7,47,Default task
2023-01-11T01:25:52.242+09:00,Hoseop Shin,KeyEvent,115:83:0,constructor,Editor,C:/Users/hoseop/CLionProjects/constructor/Vehicle.h,,7,48,Default task
2023-01-11T01:25:52.820+09:00,Hoseop Shin,KeyEvent,65535:20:0,constructor,Editor,C:/Users/hoseop/CLionProjects/constructor/Vehicle.h,,7,49,Default task
2023-01-11T01:25:53.839+09:00,Hoseop Shin,Action,EditorChooseLookupItem,constructor,Editor,C:/Users/hoseop/CLionProjects/constructor/Vehicle.h,,7,49,Default task
2023-01-11T01:25:53.859+09:00,Hoseop Shin,KeyEvent,10:10:0,constructor,Editor,C:/Users/hoseop/CLionProjects/constructor/Vehicle.h,,7,52,Default task
2023-01-11T01:25:54.648+09:00,Hoseop Shin,KeyEvent,65535:16:1,constructor,Editor,C:/Users/hoseop/CLionProjects/constructor/Vehicle.h,,7,52,Default task
2023-01-11T01:25:54.695+09:00,Hoseop Shin,KeyEvent,40:57:1,constructor,Editor,C:/Users/hoseop/CLionProjects/constructor/Vehicle.h,,7,52,Default task
2023-01-11T01:25:55.847+09:00,Hoseop Shin,KeyEvent,70:70:0,constructor,Editor,C:/Users/hoseop/CLionProjects/constructor/Vehicle.h,,7,53,Default task
2023-01-11T01:25:56.077+09:00,Hoseop Shin,KeyEvent,65:65:0,constructor,Editor,C:/Users/hoseop/CLionProjects/constructor/Vehicle.h,,7,54,Default task
2023-01-11T01:25:56.757+09:00,Hoseop Shin,Action,EditorBackSpace,constructor,Editor,C:/Users/hoseop/CLionProjects/constructor/Vehicle.h,,7,55,Default task
2023-01-11T01:25:56.775+09:00,Hoseop Shin,KeyEvent,8:8:0,constructor,Editor,C:/Users/hoseop/CLionProjects/constructor/Vehicle.h,,7,54,Default task
2023-01-11T01:25:56.902+09:00,Hoseop Shin,Action,EditorBackSpace,constructor,Editor,C:/Users/hoseop/CLionProjects/constructor/Vehicle.h,,7,54,Default task
2023-01-11T01:25:56.917+09:00,Hoseop Shin,KeyEvent,8:8:0,constructor,Editor,C:/Users/hoseop/CLionProjects/constructor/Vehicle.h,,7,53,Default task
2023-01-11T01:25:56.982+09:00,Hoseop Shin,KeyEvent,65535:20:0,constructor,Editor,C:/Users/hoseop/CLionProjects/constructor/Vehicle.h,,7,53,Default task
2023-01-11T01:25:57.161+09:00,Hoseop Shin,KeyEvent,102:70:0,constructor,Editor,C:/Users/hoseop/CLionProjects/constructor/Vehicle.h,,7,53,Default task
2023-01-11T01:25:57.334+09:00,Hoseop Shin,KeyEvent,97:65:0,constructor,Editor,C:/Users/hoseop/CLionProjects/constructor/Vehicle.h,,7,54,Default task
2023-01-11T01:25:57.473+09:00,Hoseop Shin,KeyEvent,108:76:0,constructor,Editor,C:/Users/hoseop/CLionProjects/constructor/Vehicle.h,,7,55,Default task
2023-01-11T01:25:57.728+09:00,Hoseop Shin,KeyEvent,115:83:0,constructor,Editor,C:/Users/hoseop/CLionProjects/constructor/Vehicle.h,,7,56,Default task
2023-01-11T01:25:57.790+09:00,Hoseop Shin,KeyEvent,115:83:0,constructor,Editor,C:/Users/hoseop/CLionProjects/constructor/Vehicle.h,,7,57,Default task
2023-01-11T01:25:57.965+09:00,Hoseop Shin,KeyEvent,101:69:0,constructor,Editor,C:/Users/hoseop/CLionProjects/constructor/Vehicle.h,,7,58,Default task
2023-01-11T01:25:58.781+09:00,Hoseop Shin,Action,EditorBackSpace,constructor,Editor,C:/Users/hoseop/CLionProjects/constructor/Vehicle.h,,7,59,Default task
2023-01-11T01:25:58.797+09:00,Hoseop Shin,KeyEvent,8:8:0,constructor,Editor,C:/Users/hoseop/CLionProjects/constructor/Vehicle.h,,7,58,Default task
2023-01-11T01:25:58.881+09:00,Hoseop Shin,Action,EditorBackSpace,constructor,Editor,C:/Users/hoseop/CLionProjects/constructor/Vehicle.h,,7,58,Default task
2023-01-11T01:25:58.887+09:00,Hoseop Shin,KeyEvent,8:8:0,constructor,Editor,C:/Users/hoseop/CLionProjects/constructor/Vehicle.h,,7,57,Default task
2023-01-11T01:25:59.526+09:00,Hoseop Shin,KeyEvent,101:69:0,constructor,Editor,C:/Users/hoseop/CLionProjects/constructor/Vehicle.h,,7,57,Default task
2023-01-11T01:25:59.995+09:00,Hoseop Shin,Action,EditorRight,constructor,Editor,C:/Users/hoseop/CLionProjects/constructor/Vehicle.h,,7,58,Default task
2023-01-11T01:26:00.014+09:00,Hoseop Shin,KeyEvent,65535:39:0,constructor,Editor,C:/Users/hoseop/CLionProjects/constructor/Vehicle.h,,7,59,Default task
2023-01-11T01:26:00.729+09:00,Hoseop Shin,KeyEvent,44:44:0,constructor,Editor,C:/Users/hoseop/CLionProjects/constructor/Vehicle.h,,7,59,Default task
2023-01-11T01:26:04.683+09:00,Hoseop Shin,KeyEvent,98:66:0,constructor,Editor,C:/Users/hoseop/CLionProjects/constructor/Vehicle.h,,7,60,Default task
2023-01-11T01:26:04.932+09:00,Hoseop Shin,KeyEvent,97:65:0,constructor,Editor,C:/Users/hoseop/CLionProjects/constructor/Vehicle.h,,7,61,Default task
2023-01-11T01:26:05.195+09:00,Hoseop Shin,KeyEvent,116:84:0,constructor,Editor,C:/Users/hoseop/CLionProjects/constructor/Vehicle.h,,7,62,Default task
2023-01-11T01:26:05.341+09:00,Hoseop Shin,KeyEvent,116:84:0,constructor,Editor,C:/Users/hoseop/CLionProjects/constructor/Vehicle.h,,7,63,Default task
2023-01-11T01:26:05.844+09:00,Hoseop Shin,Action,EditorChooseLookupItem,constructor,Editor,C:/Users/hoseop/CLionProjects/constructor/Vehicle.h,,7,64,Default task
2023-01-11T01:26:05.869+09:00,Hoseop Shin,KeyEvent,10:10:0,constructor,Editor,C:/Users/hoseop/CLionProjects/constructor/Vehicle.h,,7,75,Default task
2023-01-11T01:26:06.955+09:00,Hoseop Shin,KeyEvent,65535:16:1,constructor,Editor,C:/Users/hoseop/CLionProjects/constructor/Vehicle.h,,7,75,Default task
2023-01-11T01:26:07.123+09:00,Hoseop Shin,KeyEvent,40:57:1,constructor,Editor,C:/Users/hoseop/CLionProjects/constructor/Vehicle.h,,7,75,Default task
2023-01-11T01:26:14.231+09:00,Hoseop Shin,KeyEvent,56:56:0,constructor,Editor,C:/Users/hoseop/CLionProjects/constructor/Vehicle.h,,7,76,Default task
2023-01-11T01:26:14.355+09:00,Hoseop Shin,KeyEvent,53:53:0,constructor,Editor,C:/Users/hoseop/CLionProjects/constructor/Vehicle.h,,7,77,Default task
2023-01-11T01:26:19.179+09:00,Hoseop Shin,KeyEvent,65535:16:1,constructor,Editor,C:/Users/hoseop/CLionProjects/constructor/Vehicle.h,,7,31,Default task
2023-01-11T01:26:19.325+09:00,Hoseop Shin,Action,Run,constructor,Editor,C:/Users/hoseop/CLionProjects/constructor/Vehicle.h,,7,31,Default task
2023-01-11T01:26:19.367+09:00,Hoseop Shin,KeyEvent,65535:121:1,constructor,Editor,C:/Users/hoseop/CLionProjects/constructor/Vehicle.h,,7,31,Default task
2023-01-11T01:28:45.908+09:00,Hoseop Shin,KeyEvent,65535:17:2,constructor,Editor,C:/Users/hoseop/CLionProjects/constructor/Vehicle.cpp,,13,0,Default task
2023-01-11T01:28:46.102+09:00,Hoseop Shin,KeyEvent,65535:18:10,constructor,Editor,C:/Users/hoseop/CLionProjects/constructor/Vehicle.cpp,,13,0,Default task
2023-01-11T01:28:46.266+09:00,Hoseop Shin,KeyEvent,65535:16:11,constructor,Editor,C:/Users/hoseop/CLionProjects/constructor/Vehicle.cpp,,13,0,Default task
2023-01-11T01:28:46.512+09:00,Hoseop Shin,Action,ActivityTracker-Popup,constructor,Editor,C:/Users/hoseop/CLionProjects/constructor/Vehicle.cpp,,13,0,Default task
2023-01-11T01:28:46.555+09:00,Hoseop Shin,KeyEvent,65535:79:11,constructor,Editor,C:/Users/hoseop/CLionProjects/constructor/Vehicle.cpp,,13,0,Default task
2023-01-11T01:28:52.817+09:00,Hoseop Shin,Action,RevealIn,constructor,Popup,C:/Users/hoseop/AppData/Roaming/JetBrains/CLion2022.3/plugins/activity-tracker/ide-events.csv,,0,0,Default task
