2023-01-10T03:29:54.098+09:00,Hoseop Shin,KeyEvent,65535:17:2,class_map,Project,C:/Users/hoseop/AppData/Roaming/JetBrains/CLion2022.3/plugins/activity-tracker/ide-events.csv,,0,0,Default task
2023-01-10T03:29:54.184+09:00,Hoseop Shin,Action,$Copy,class_map,Project,C:/Users/hoseop/AppData/Roaming/JetBrains/CLion2022.3/plugins/activity-tracker/ide-events.csv,,0,0,Default task
2023-01-10T03:29:54.193+09:00,Hoseop Shin,KeyEvent,3:67:2,class_map,Project,C:/Users/hoseop/AppData/Roaming/JetBrains/CLion2022.3/plugins/activity-tracker/ide-events.csv,,0,0,Default task
2023-01-10T03:29:57.414+09:00,Hoseop Shin,KeyEvent,65535:17:2,class_map,Project,C:/Users/hoseop/AppData/Roaming/JetBrains/CLion2022.3/plugins/activity-tracker/ide-events.csv,,0,0,Default task
2023-01-10T03:29:57.507+09:00,Hoseop Shin,Action,$Copy,class_map,Project,C:/Users/hoseop/AppData/Roaming/JetBrains/CLion2022.3/plugins/activity-tracker/ide-events.csv,,0,0,Default task
2023-01-10T03:29:57.515+09:00,Hoseop Shin,KeyEvent,3:67:2,class_map,Project,C:/Users/hoseop/AppData/Roaming/JetBrains/CLion2022.3/plugins/activity-tracker/ide-events.csv,,0,0,Default task
2023-01-10T03:30:00.389+09:00,Hoseop Shin,KeyEvent,65535:17:2,class_map,Project,C:/Users/hoseop/AppData/Roaming/JetBrains/CLion2022.3/plugins/activity-tracker/ide-events.csv,,0,0,Default task
2023-01-10T03:30:00.471+09:00,Hoseop Shin,Action,$Copy,class_map,Project,C:/Users/hoseop/AppData/Roaming/JetBrains/CLion2022.3/plugins/activity-tracker/ide-events.csv,,0,0,Default task
2023-01-10T03:30:00.477+09:00,Hoseop Shin,KeyEvent,3:67:2,class_map,Project,C:/Users/hoseop/AppData/Roaming/JetBrains/CLion2022.3/plugins/activity-tracker/ide-events.csv,,0,0,Default task
2023-01-10T03:30:04.192+09:00,Hoseop Shin,KeyEvent,65535:18:8,class_map,Project,C:/Users/hoseop/AppData/Roaming/JetBrains/CLion2022.3/plugins/activity-tracker/ide-events.csv,,0,0,Default task
2023-01-10T03:30:05.104+09:00,Hoseop Shin,KeyEvent,65535:18:8,,,,,-1,-1,
2023-01-10T03:34:34.270+09:00,Hoseop Shin,Action,CPP.CreateCMakeProject,class_map,Editor,C:/Users/hoseop/CLionProjects/class&map/PersonTest.cpp,,14,19,Default task
2023-01-10T03:34:41.932+09:00,Hoseop Shin,KeyEvent,115:83:0,class_map,Editor,C:/Users/hoseop/CLionProjects/class&map/PersonTest.cpp,,14,19,Default task
2023-01-10T03:34:42.014+09:00,Hoseop Shin,KeyEvent,105:73:0,class_map,Editor,C:/Users/hoseop/CLionProjects/class&map/PersonTest.cpp,,14,19,Default task
2023-01-10T03:34:42.067+09:00,Hoseop Shin,KeyEvent,110:78:0,class_map,Editor,C:/Users/hoseop/CLionProjects/class&map/PersonTest.cpp,,14,19,Default task
2023-01-10T03:34:43.017+09:00,Hoseop Shin,KeyEvent,103:71:0,class_map,Editor,C:/Users/hoseop/CLionProjects/class&map/PersonTest.cpp,,14,19,Default task
2023-01-10T03:34:43.134+09:00,Hoseop Shin,KeyEvent,101:69:0,class_map,Editor,C:/Users/hoseop/CLionProjects/class&map/PersonTest.cpp,,14,19,Default task
2023-01-10T03:34:43.428+09:00,Hoseop Shin,KeyEvent,108:76:0,class_map,Editor,C:/Users/hoseop/CLionProjects/class&map/PersonTest.cpp,,14,19,Default task
2023-01-10T03:34:43.724+09:00,Hoseop Shin,Action,EditorBackSpace,class_map,Editor,C:/Users/hoseop/CLionProjects/class&map/PersonTest.cpp,,14,19,Default task
2023-01-10T03:34:43.728+09:00,Hoseop Shin,KeyEvent,8:8:0,class_map,Editor,C:/Users/hoseop/CLionProjects/class&map/PersonTest.cpp,,14,19,Default task
2023-01-10T03:34:43.868+09:00,Hoseop Shin,Action,EditorBackSpace,class_map,Editor,C:/Users/hoseop/CLionProjects/class&map/PersonTest.cpp,,14,19,Default task
2023-01-10T03:34:43.874+09:00,Hoseop Shin,KeyEvent,8:8:0,class_map,Editor,C:/Users/hoseop/CLionProjects/class&map/PersonTest.cpp,,14,19,Default task
2023-01-10T03:34:44.100+09:00,Hoseop Shin,KeyEvent,108:76:0,class_map,Editor,C:/Users/hoseop/CLionProjects/class&map/PersonTest.cpp,,14,19,Default task
2023-01-10T03:34:44.188+09:00,Hoseop Shin,KeyEvent,101:69:0,class_map,Editor,C:/Users/hoseop/CLionProjects/class&map/PersonTest.cpp,,14,19,Default task
2023-01-10T03:34:44.871+09:00,Hoseop Shin,KeyEvent,116:84:0,class_map,Editor,C:/Users/hoseop/CLionProjects/class&map/PersonTest.cpp,,14,19,Default task
2023-01-10T03:34:44.983+09:00,Hoseop Shin,KeyEvent,111:79:0,class_map,Editor,C:/Users/hoseop/CLionProjects/class&map/PersonTest.cpp,,14,19,Default task
2023-01-10T03:34:45.033+09:00,Hoseop Shin,KeyEvent,110:78:0,class_map,Editor,C:/Users/hoseop/CLionProjects/class&map/PersonTest.cpp,,14,19,Default task
2023-01-10T03:34:45.225+09:00,Hoseop Shin,KeyEvent,32:32:0,class_map,Editor,C:/Users/hoseop/CLionProjects/class&map/PersonTest.cpp,,14,19,Default task
2023-01-10T03:34:45.641+09:00,Hoseop Shin,KeyEvent,61:61:0,class_map,Editor,C:/Users/hoseop/CLionProjects/class&map/PersonTest.cpp,,14,19,Default task
2023-01-10T03:34:45.969+09:00,Hoseop Shin,Action,EditorBackSpace,class_map,Editor,C:/Users/hoseop/CLionProjects/class&map/PersonTest.cpp,,14,19,Default task
2023-01-10T03:34:45.973+09:00,Hoseop Shin,KeyEvent,8:8:0,class_map,Editor,C:/Users/hoseop/CLionProjects/class&map/PersonTest.cpp,,14,19,Default task
2023-01-10T03:34:46.114+09:00,Hoseop Shin,Action,EditorBackSpace,class_map,Editor,C:/Users/hoseop/CLionProjects/class&map/PersonTest.cpp,,14,19,Default task
2023-01-10T03:34:46.120+09:00,Hoseop Shin,KeyEvent,8:8:0,class_map,Editor,C:/Users/hoseop/CLionProjects/class&map/PersonTest.cpp,,14,19,Default task
2023-01-10T03:34:46.607+09:00,Hoseop Shin,KeyEvent,65535:16:1,class_map,Editor,C:/Users/hoseop/CLionProjects/class&map/PersonTest.cpp,,14,19,Default task
2023-01-10T03:34:46.725+09:00,Hoseop Shin,KeyEvent,95:45:1,class_map,Editor,C:/Users/hoseop/CLionProjects/class&map/PersonTest.cpp,,14,19,Default task
2023-01-10T03:34:47.048+09:00,Hoseop Shin,KeyEvent,99:67:0,class_map,Editor,C:/Users/hoseop/CLionProjects/class&map/PersonTest.cpp,,14,19,Default task
2023-01-10T03:34:47.123+09:00,Hoseop Shin,KeyEvent,108:76:0,class_map,Editor,C:/Users/hoseop/CLionProjects/class&map/PersonTest.cpp,,14,19,Default task
2023-01-10T03:34:47.246+09:00,Hoseop Shin,KeyEvent,97:65:0,class_map,Editor,C:/Users/hoseop/CLionProjects/class&map/PersonTest.cpp,,14,19,Default task
2023-01-10T03:34:47.387+09:00,Hoseop Shin,KeyEvent,115:83:0,class_map,Editor,C:/Users/hoseop/CLionProjects/class&map/PersonTest.cpp,,14,19,Default task
2023-01-10T03:34:47.545+09:00,Hoseop Shin,KeyEvent,115:83:0,class_map,Editor,C:/Users/hoseop/CLionProjects/class&map/PersonTest.cpp,,14,19,Default task
2023-01-10T03:35:24.741+09:00,Hoseop Shin,KeyEvent,65535:17:2,singleton_class,Editor,C:/Users/hoseop/CLionProjects/singleton_class/main.cpp,,2,0,Default task
2023-01-10T03:35:24.792+09:00,Hoseop Shin,Action,EditorPaste,singleton_class,Editor,C:/Users/hoseop/CLionProjects/singleton_class/main.cpp,,2,0,Default task
2023-01-10T03:35:24.868+09:00,Hoseop Shin,KeyEvent,22:86:2,singleton_class,Editor,C:/Users/hoseop/CLionProjects/singleton_class/main.cpp,,8,1,Default task
2023-01-10T03:35:28.270+09:00,Hoseop Shin,Action,EditorBackSpace,singleton_class,Editor,C:/Users/hoseop/CLionProjects/singleton_class/main.cpp,,6,4,Default task
2023-01-10T03:35:28.278+09:00,Hoseop Shin,KeyEvent,8:8:0,singleton_class,Editor,C:/Users/hoseop/CLionProjects/singleton_class/main.cpp,,5,4,Default task
2023-01-10T03:35:29.220+09:00,Hoseop Shin,Action,EditorBackSpace,singleton_class,Editor,C:/Users/hoseop/CLionProjects/singleton_class/main.cpp,,4,4,Default task
2023-01-10T03:35:29.242+09:00,Hoseop Shin,KeyEvent,8:8:0,singleton_class,Editor,C:/Users/hoseop/CLionProjects/singleton_class/main.cpp,,3,4,Default task
2023-01-10T03:35:30.067+09:00,Hoseop Shin,Action,EditorBackSpace,singleton_class,Editor,C:/Users/hoseop/CLionProjects/singleton_class/main.cpp,,5,0,Default task
2023-01-10T03:35:30.080+09:00,Hoseop Shin,KeyEvent,8:8:0,singleton_class,Editor,C:/Users/hoseop/CLionProjects/singleton_class/main.cpp,,4,18,Default task
2023-01-10T03:35:36.917+09:00,Hoseop Shin,Action,CPP.NewCppFile,singleton_class,Popup,C:/Users/hoseop/CLionProjects/singleton_class/main.cpp,,4,18,Default task
2023-01-10T03:35:40.679+09:00,Hoseop Shin,KeyEvent,65535:20:0,singleton_class,Popup,C:/Users/hoseop/CLionProjects/singleton_class/main.cpp,,4,18,Default task
2023-01-10T03:35:40.863+09:00,Hoseop Shin,KeyEvent,87:87:0,singleton_class,Popup,C:/Users/hoseop/CLionProjects/singleton_class/main.cpp,,4,18,Default task
2023-01-10T03:35:41.014+09:00,Hoseop Shin,KeyEvent,65535:20:0,singleton_class,Popup,C:/Users/hoseop/CLionProjects/singleton_class/main.cpp,,4,18,Default task
2023-01-10T03:35:41.207+09:00,Hoseop Shin,KeyEvent,111:79:0,singleton_class,Popup,C:/Users/hoseop/CLionProjects/singleton_class/main.cpp,,4,18,Default task
2023-01-10T03:35:41.331+09:00,Hoseop Shin,KeyEvent,114:82:0,singleton_class,Popup,C:/Users/hoseop/CLionProjects/singleton_class/main.cpp,,4,18,Default task
2023-01-10T03:35:42.432+09:00,Hoseop Shin,KeyEvent,107:75:0,singleton_class,Popup,C:/Users/hoseop/CLionProjects/singleton_class/main.cpp,,4,18,Default task
2023-01-10T03:35:42.781+09:00,Hoseop Shin,KeyEvent,101:69:0,singleton_class,Popup,C:/Users/hoseop/CLionProjects/singleton_class/main.cpp,,4,18,Default task
2023-01-10T03:35:42.941+09:00,Hoseop Shin,KeyEvent,114:82:0,singleton_class,Popup,C:/Users/hoseop/CLionProjects/singleton_class/main.cpp,,4,18,Default task
2023-01-10T03:35:43.542+09:00,Hoseop Shin,KeyEvent,32:32:0,singleton_class,Popup,C:/Users/hoseop/CLionProjects/singleton_class/main.cpp,,4,18,Default task
2023-01-10T03:35:43.789+09:00,Hoseop Shin,KeyEvent,65535:20:0,singleton_class,Popup,C:/Users/hoseop/CLionProjects/singleton_class/main.cpp,,4,18,Default task
2023-01-10T03:35:43.949+09:00,Hoseop Shin,KeyEvent,84:84:0,singleton_class,Popup,C:/Users/hoseop/CLionProjects/singleton_class/main.cpp,,4,18,Default task
2023-01-10T03:35:44.555+09:00,Hoseop Shin,Action,EditorBackSpace,singleton_class,Popup,C:/Users/hoseop/CLionProjects/singleton_class/main.cpp,,4,18,Default task
2023-01-10T03:35:44.557+09:00,Hoseop Shin,KeyEvent,8:8:0,singleton_class,Popup,C:/Users/hoseop/CLionProjects/singleton_class/main.cpp,,4,18,Default task
2023-01-10T03:35:44.702+09:00,Hoseop Shin,Action,EditorBackSpace,singleton_class,Popup,C:/Users/hoseop/CLionProjects/singleton_class/main.cpp,,4,18,Default task
2023-01-10T03:35:44.706+09:00,Hoseop Shin,KeyEvent,8:8:0,singleton_class,Popup,C:/Users/hoseop/CLionProjects/singleton_class/main.cpp,,4,18,Default task
2023-01-10T03:35:44.860+09:00,Hoseop Shin,KeyEvent,65535:20:0,singleton_class,Popup,C:/Users/hoseop/CLionProjects/singleton_class/main.cpp,,4,18,Default task
2023-01-10T03:35:45.040+09:00,Hoseop Shin,KeyEvent,116:84:0,singleton_class,Popup,C:/Users/hoseop/CLionProjects/singleton_class/main.cpp,,4,18,Default task
2023-01-10T03:35:45.185+09:00,Hoseop Shin,KeyEvent,65535:20:0,singleton_class,Popup,C:/Users/hoseop/CLionProjects/singleton_class/main.cpp,,4,18,Default task
2023-01-10T03:35:45.419+09:00,Hoseop Shin,KeyEvent,82:82:0,singleton_class,Popup,C:/Users/hoseop/CLionProjects/singleton_class/main.cpp,,4,18,Default task
2023-01-10T03:35:45.627+09:00,Hoseop Shin,KeyEvent,69:69:0,singleton_class,Popup,C:/Users/hoseop/CLionProjects/singleton_class/main.cpp,,4,18,Default task
2023-01-10T03:35:46.409+09:00,Hoseop Shin,Action,EditorBackSpace,singleton_class,Popup,C:/Users/hoseop/CLionProjects/singleton_class/main.cpp,,4,18,Default task
2023-01-10T03:35:46.411+09:00,Hoseop Shin,KeyEvent,8:8:0,singleton_class,Popup,C:/Users/hoseop/CLionProjects/singleton_class/main.cpp,,4,18,Default task
2023-01-10T03:35:46.556+09:00,Hoseop Shin,Action,EditorBackSpace,singleton_class,Popup,C:/Users/hoseop/CLionProjects/singleton_class/main.cpp,,4,18,Default task
2023-01-10T03:35:46.559+09:00,Hoseop Shin,KeyEvent,8:8:0,singleton_class,Popup,C:/Users/hoseop/CLionProjects/singleton_class/main.cpp,,4,18,Default task
2023-01-10T03:35:46.722+09:00,Hoseop Shin,Action,EditorBackSpace,singleton_class,Popup,C:/Users/hoseop/CLionProjects/singleton_class/main.cpp,,4,18,Default task
2023-01-10T03:35:46.724+09:00,Hoseop Shin,KeyEvent,8:8:0,singleton_class,Popup,C:/Users/hoseop/CLionProjects/singleton_class/main.cpp,,4,18,Default task
2023-01-10T03:35:46.902+09:00,Hoseop Shin,KeyEvent,65535:20:0,singleton_class,Popup,C:/Users/hoseop/CLionProjects/singleton_class/main.cpp,,4,18,Default task
2023-01-10T03:35:47.049+09:00,Hoseop Shin,KeyEvent,116:84:0,singleton_class,Popup,C:/Users/hoseop/CLionProjects/singleton_class/main.cpp,,4,18,Default task
2023-01-10T03:35:47.143+09:00,Hoseop Shin,KeyEvent,65535:20:0,singleton_class,Popup,C:/Users/hoseop/CLionProjects/singleton_class/main.cpp,,4,18,Default task
2023-01-10T03:35:47.350+09:00,Hoseop Shin,KeyEvent,82:82:0,singleton_class,Popup,C:/Users/hoseop/CLionProjects/singleton_class/main.cpp,,4,18,Default task
2023-01-10T03:35:47.753+09:00,Hoseop Shin,Action,EditorBackSpace,singleton_class,Popup,C:/Users/hoseop/CLionProjects/singleton_class/main.cpp,,4,18,Default task
2023-01-10T03:35:47.755+09:00,Hoseop Shin,KeyEvent,8:8:0,singleton_class,Popup,C:/Users/hoseop/CLionProjects/singleton_class/main.cpp,,4,18,Default task
2023-01-10T03:35:48.001+09:00,Hoseop Shin,Action,EditorBackSpace,singleton_class,Popup,C:/Users/hoseop/CLionProjects/singleton_class/main.cpp,,4,18,Default task
2023-01-10T03:35:48.003+09:00,Hoseop Shin,KeyEvent,8:8:0,singleton_class,Popup,C:/Users/hoseop/CLionProjects/singleton_class/main.cpp,,4,18,Default task
2023-01-10T03:35:48.300+09:00,Hoseop Shin,KeyEvent,84:84:0,singleton_class,Popup,C:/Users/hoseop/CLionProjects/singleton_class/main.cpp,,4,18,Default task
2023-01-10T03:35:48.811+09:00,Hoseop Shin,KeyEvent,65535:20:0,singleton_class,Popup,C:/Users/hoseop/CLionProjects/singleton_class/main.cpp,,4,18,Default task
2023-01-10T03:35:48.972+09:00,Hoseop Shin,KeyEvent,114:82:0,singleton_class,Popup,C:/Users/hoseop/CLionProjects/singleton_class/main.cpp,,4,18,Default task
2023-01-10T03:35:51.026+09:00,Hoseop Shin,Action,EditorBackSpace,singleton_class,Popup,C:/Users/hoseop/CLionProjects/singleton_class/main.cpp,,4,18,Default task
2023-01-10T03:35:51.028+09:00,Hoseop Shin,KeyEvent,8:8:0,singleton_class,Popup,C:/Users/hoseop/CLionProjects/singleton_class/main.cpp,,4,18,Default task
2023-01-10T03:35:51.254+09:00,Hoseop Shin,KeyEvent,104:72:0,singleton_class,Popup,C:/Users/hoseop/CLionProjects/singleton_class/main.cpp,,4,18,Default task
2023-01-10T03:35:51.477+09:00,Hoseop Shin,KeyEvent,101:69:0,singleton_class,Popup,C:/Users/hoseop/CLionProjects/singleton_class/main.cpp,,4,18,Default task
2023-01-10T03:35:51.919+09:00,Hoseop Shin,Action,EditorBackSpace,singleton_class,Popup,C:/Users/hoseop/CLionProjects/singleton_class/main.cpp,,4,18,Default task
2023-01-10T03:35:51.921+09:00,Hoseop Shin,KeyEvent,8:8:0,singleton_class,Popup,C:/Users/hoseop/CLionProjects/singleton_class/main.cpp,,4,18,Default task
2023-01-10T03:35:52.020+09:00,Hoseop Shin,KeyEvent,114:82:0,singleton_class,Popup,C:/Users/hoseop/CLionProjects/singleton_class/main.cpp,,4,18,Default task
2023-01-10T03:35:52.105+09:00,Hoseop Shin,KeyEvent,101:69:0,singleton_class,Popup,C:/Users/hoseop/CLionProjects/singleton_class/main.cpp,,4,18,Default task
2023-01-10T03:35:52.266+09:00,Hoseop Shin,KeyEvent,97:65:0,singleton_class,Popup,C:/Users/hoseop/CLionProjects/singleton_class/main.cpp,,4,18,Default task
2023-01-10T03:35:52.874+09:00,Hoseop Shin,KeyEvent,100:68:0,singleton_class,Popup,C:/Users/hoseop/CLionProjects/singleton_class/main.cpp,,4,18,Default task
2023-01-10T03:36:53.841+09:00,Hoseop Shin,Action,CMake.ReloadCMakeProject,singleton_class,Editor,C:/Users/hoseop/CLionProjects/singleton_class/CMakeLists.txt,,0,0,Default task
2023-01-10T03:37:01.174+09:00,Hoseop Shin,Action,CPP.NewHeaderFile,singleton_class,Popup,C:/Users/hoseop/CLionProjects/singleton_class/main.cpp,,4,18,Default task
2023-01-10T03:37:02.830+09:00,Hoseop Shin,KeyEvent,65535:20:0,singleton_class,Popup,C:/Users/hoseop/CLionProjects/singleton_class/main.cpp,,4,18,Default task
2023-01-10T03:37:02.987+09:00,Hoseop Shin,KeyEvent,83:83:0,singleton_class,Popup,C:/Users/hoseop/CLionProjects/singleton_class/main.cpp,,4,18,Default task
2023-01-10T03:37:03.104+09:00,Hoseop Shin,KeyEvent,65535:20:0,singleton_class,Popup,C:/Users/hoseop/CLionProjects/singleton_class/main.cpp,,4,18,Default task
2023-01-10T03:37:03.590+09:00,Hoseop Shin,KeyEvent,104:72:0,singleton_class,Popup,C:/Users/hoseop/CLionProjects/singleton_class/main.cpp,,4,18,Default task
2023-01-10T03:37:03.690+09:00,Hoseop Shin,KeyEvent,97:65:0,singleton_class,Popup,C:/Users/hoseop/CLionProjects/singleton_class/main.cpp,,4,18,Default task
2023-01-10T03:37:03.821+09:00,Hoseop Shin,KeyEvent,114:82:0,singleton_class,Popup,C:/Users/hoseop/CLionProjects/singleton_class/main.cpp,,4,18,Default task
2023-01-10T03:37:04.000+09:00,Hoseop Shin,KeyEvent,101:69:0,singleton_class,Popup,C:/Users/hoseop/CLionProjects/singleton_class/main.cpp,,4,18,Default task
2023-01-10T03:37:04.236+09:00,Hoseop Shin,KeyEvent,100:68:0,singleton_class,Popup,C:/Users/hoseop/CLionProjects/singleton_class/main.cpp,,4,18,Default task
2023-01-10T03:37:05.598+09:00,Hoseop Shin,KeyEvent,65535:20:0,singleton_class,Popup,C:/Users/hoseop/CLionProjects/singleton_class/main.cpp,,4,18,Default task
2023-01-10T03:37:06.074+09:00,Hoseop Shin,KeyEvent,80:80:0,singleton_class,Popup,C:/Users/hoseop/CLionProjects/singleton_class/main.cpp,,4,18,Default task
2023-01-10T03:37:06.254+09:00,Hoseop Shin,KeyEvent,65535:20:0,singleton_class,Popup,C:/Users/hoseop/CLionProjects/singleton_class/main.cpp,,4,18,Default task
2023-01-10T03:37:06.473+09:00,Hoseop Shin,KeyEvent,114:82:0,singleton_class,Popup,C:/Users/hoseop/CLionProjects/singleton_class/main.cpp,,4,18,Default task
2023-01-10T03:37:06.600+09:00,Hoseop Shin,KeyEvent,101:69:0,singleton_class,Popup,C:/Users/hoseop/CLionProjects/singleton_class/main.cpp,,4,18,Default task
2023-01-10T03:37:06.876+09:00,Hoseop Shin,KeyEvent,102:70:0,singleton_class,Popup,C:/Users/hoseop/CLionProjects/singleton_class/main.cpp,,4,18,Default task
2023-01-10T03:37:07.074+09:00,Hoseop Shin,KeyEvent,101:69:0,singleton_class,Popup,C:/Users/hoseop/CLionProjects/singleton_class/main.cpp,,4,18,Default task
2023-01-10T03:37:07.245+09:00,Hoseop Shin,KeyEvent,114:82:0,singleton_class,Popup,C:/Users/hoseop/CLionProjects/singleton_class/main.cpp,,4,18,Default task
2023-01-10T03:37:07.552+09:00,Hoseop Shin,KeyEvent,110:78:0,singleton_class,Popup,C:/Users/hoseop/CLionProjects/singleton_class/main.cpp,,4,18,Default task
2023-01-10T03:37:07.844+09:00,Hoseop Shin,Action,EditorBackSpace,singleton_class,Popup,C:/Users/hoseop/CLionProjects/singleton_class/main.cpp,,4,18,Default task
2023-01-10T03:37:07.847+09:00,Hoseop Shin,KeyEvent,8:8:0,singleton_class,Popup,C:/Users/hoseop/CLionProjects/singleton_class/main.cpp,,4,18,Default task
2023-01-10T03:37:07.940+09:00,Hoseop Shin,KeyEvent,101:69:0,singleton_class,Popup,C:/Users/hoseop/CLionProjects/singleton_class/main.cpp,,4,18,Default task
2023-01-10T03:37:08.060+09:00,Hoseop Shin,KeyEvent,110:78:0,singleton_class,Popup,C:/Users/hoseop/CLionProjects/singleton_class/main.cpp,,4,18,Default task
2023-01-10T03:37:08.717+09:00,Hoseop Shin,KeyEvent,99:67:0,singleton_class,Popup,C:/Users/hoseop/CLionProjects/singleton_class/main.cpp,,4,18,Default task
2023-01-10T03:37:08.913+09:00,Hoseop Shin,KeyEvent,101:69:0,singleton_class,Popup,C:/Users/hoseop/CLionProjects/singleton_class/main.cpp,,4,18,Default task
2023-01-10T03:37:09.119+09:00,Hoseop Shin,KeyEvent,115:83:0,singleton_class,Popup,C:/Users/hoseop/CLionProjects/singleton_class/main.cpp,,4,18,Default task
2023-01-10T03:37:31.689+09:00,Hoseop Shin,KeyEvent,65535:17:2,singleton_class,Editor,C:/Users/hoseop/CLionProjects/singleton_class/SharedPreferences.h,,4,0,Default task
2023-01-10T03:37:31.735+09:00,Hoseop Shin,Action,EditorPaste,singleton_class,Editor,C:/Users/hoseop/CLionProjects/singleton_class/SharedPreferences.h,,4,0,Default task
2023-01-10T03:37:31.750+09:00,Hoseop Shin,KeyEvent,22:86:2,singleton_class,Editor,C:/Users/hoseop/CLionProjects/singleton_class/SharedPreferences.h,,19,0,Default task
2023-01-10T03:37:47.476+09:00,Hoseop Shin,Action,EditorEnter,singleton_class,Editor,C:/Users/hoseop/CLionProjects/singleton_class/WorkerThread.cpp,,5,0,Default task
2023-01-10T03:37:47.484+09:00,Hoseop Shin,KeyEvent,10:10:0,singleton_class,Editor,C:/Users/hoseop/CLionProjects/singleton_class/WorkerThread.cpp,,6,0,Default task
2023-01-10T03:37:47.722+09:00,Hoseop Shin,KeyEvent,65535:17:2,singleton_class,Editor,C:/Users/hoseop/CLionProjects/singleton_class/WorkerThread.cpp,,6,0,Default task
2023-01-10T03:37:47.775+09:00,Hoseop Shin,Action,EditorPaste,singleton_class,Editor,C:/Users/hoseop/CLionProjects/singleton_class/WorkerThread.cpp,,6,0,Default task
2023-01-10T03:37:47.806+09:00,Hoseop Shin,KeyEvent,22:86:2,singleton_class,Editor,C:/Users/hoseop/CLionProjects/singleton_class/WorkerThread.cpp,,39,1,Default task
2023-01-10T03:37:53.056+09:00,Hoseop Shin,Action,TabList,singleton_class,Editor,C:/Users/hoseop/CLionProjects/singleton_class/WorkerThread.cpp,,39,1,Default task
2023-01-10T03:37:59.645+09:00,Hoseop Shin,KeyEvent,65535:17:2,singleton_class,Editor,C:/Users/hoseop/CLionProjects/singleton_class/WorkerThread.h,,4,0,Default task
2023-01-10T03:37:59.708+09:00,Hoseop Shin,Action,EditorPaste,singleton_class,Editor,C:/Users/hoseop/CLionProjects/singleton_class/WorkerThread.h,,4,0,Default task
2023-01-10T03:37:59.720+09:00,Hoseop Shin,KeyEvent,22:86:2,singleton_class,Editor,C:/Users/hoseop/CLionProjects/singleton_class/WorkerThread.h,,12,2,Default task
2023-01-10T03:38:07.945+09:00,Hoseop Shin,KeyEvent,65535:18:8,singleton_class,Editor,C:/Users/hoseop/CLionProjects/singleton_class/WorkerThread.h,,10,6,Default task
2023-01-10T03:38:08.058+09:00,Hoseop Shin,Action,ShowIntentionActions,singleton_class,Editor,C:/Users/hoseop/CLionProjects/singleton_class/WorkerThread.h,,10,6,Default task
2023-01-10T03:38:08.647+09:00,Hoseop Shin,KeyEvent,10:10:8,singleton_class,Editor,C:/Users/hoseop/CLionProjects/singleton_class/WorkerThread.h,,12,6,Default task
2023-01-10T03:38:11.494+09:00,Hoseop Shin,KeyEvent,65535:18:8,singleton_class,Editor,C:/Users/hoseop/CLionProjects/singleton_class/WorkerThread.h,,12,6,Default task
2023-01-10T03:38:11.622+09:00,Hoseop Shin,Action,ShowIntentionActions,singleton_class,Editor,C:/Users/hoseop/CLionProjects/singleton_class/WorkerThread.h,,12,6,Default task
2023-01-10T03:38:11.656+09:00,Hoseop Shin,KeyEvent,10:10:8,singleton_class,Editor,C:/Users/hoseop/CLionProjects/singleton_class/WorkerThread.h,,13,6,Default task
2023-01-10T03:38:14.304+09:00,Hoseop Shin,KeyEvent,65535:18:8,singleton_class,Editor,C:/Users/hoseop/CLionProjects/singleton_class/WorkerThread.h,,14,26,Default task
2023-01-10T03:38:14.422+09:00,Hoseop Shin,Action,ShowIntentionActions,singleton_class,Editor,C:/Users/hoseop/CLionProjects/singleton_class/WorkerThread.h,,14,26,Default task
2023-01-10T03:38:14.460+09:00,Hoseop Shin,KeyEvent,10:10:8,singleton_class,Editor,C:/Users/hoseop/CLionProjects/singleton_class/WorkerThread.h,,15,26,Default task
2023-01-10T03:38:19.976+09:00,Hoseop Shin,Action,TabList,singleton_class,Editor,C:/Users/hoseop/CLionProjects/singleton_class/WorkerThread.h,,15,26,Default task
2023-01-10T03:38:23.232+09:00,Hoseop Shin,Action,TabList,singleton_class,Editor,C:/Users/hoseop/CLionProjects/singleton_class/WorkerThread.h,,15,26,Default task
2023-01-10T03:38:27.064+09:00,Hoseop Shin,KeyEvent,65535:18:8,singleton_class,Editor,C:/Users/hoseop/CLionProjects/singleton_class/WorkerThread.cpp,,27,30,Default task
2023-01-10T03:38:27.218+09:00,Hoseop Shin,KeyEvent,10:10:8,singleton_class,Editor,C:/Users/hoseop/CLionProjects/singleton_class/WorkerThread.cpp,,27,30,Default task
2023-01-10T03:38:32.063+09:00,Hoseop Shin,KeyEvent,10:10:0,,,,,-1,-1,
2023-01-10T03:38:42.608+09:00,Hoseop Shin,KeyEvent,65535:18:8,singleton_class,Editor,C:/Users/hoseop/CLionProjects/singleton_class/WorkerThread.cpp,,36,15,Default task
2023-01-10T03:38:42.705+09:00,Hoseop Shin,Action,ShowIntentionActions,singleton_class,Editor,C:/Users/hoseop/CLionProjects/singleton_class/WorkerThread.cpp,,36,15,Default task
2023-01-10T03:38:42.762+09:00,Hoseop Shin,KeyEvent,10:10:8,singleton_class,Editor,C:/Users/hoseop/CLionProjects/singleton_class/WorkerThread.cpp,,36,15,Default task
2023-01-10T03:38:45.086+09:00,Hoseop Shin,KeyEvent,10:10:0,,,,,-1,-1,
2023-01-10T03:38:49.485+09:00,Hoseop Shin,KeyEvent,65535:18:8,singleton_class,Editor,C:/Users/hoseop/CLionProjects/singleton_class/WorkerThread.cpp,,38,16,Default task
2023-01-10T03:38:49.600+09:00,Hoseop Shin,Action,ShowIntentionActions,singleton_class,Editor,C:/Users/hoseop/CLionProjects/singleton_class/WorkerThread.cpp,,38,16,Default task
2023-01-10T03:38:49.671+09:00,Hoseop Shin,KeyEvent,10:10:8,singleton_class,Editor,C:/Users/hoseop/CLionProjects/singleton_class/WorkerThread.cpp,,38,16,Default task
2023-01-10T03:39:06.012+09:00,Hoseop Shin,KeyEvent,65535:18:8,singleton_class,Editor,C:/Users/hoseop/CLionProjects/singleton_class/SharedPreferences.h,,7,6,Default task
2023-01-10T03:39:06.157+09:00,Hoseop Shin,Action,ShowIntentionActions,singleton_class,Editor,C:/Users/hoseop/CLionProjects/singleton_class/SharedPreferences.h,,7,6,Default task
2023-01-10T03:39:06.445+09:00,Hoseop Shin,KeyEvent,10:10:8,singleton_class,Editor,C:/Users/hoseop/CLionProjects/singleton_class/SharedPreferences.h,,7,6,Default task
2023-01-10T03:39:11.645+09:00,Hoseop Shin,KeyEvent,65535:18:8,singleton_class,Editor,C:/Users/hoseop/CLionProjects/singleton_class/SharedPreferences.h,,7,11,Default task
2023-01-10T03:39:11.763+09:00,Hoseop Shin,Action,ShowIntentionActions,singleton_class,Editor,C:/Users/hoseop/CLionProjects/singleton_class/SharedPreferences.h,,7,11,Default task
2023-01-10T03:39:11.800+09:00,Hoseop Shin,KeyEvent,10:10:8,singleton_class,Editor,C:/Users/hoseop/CLionProjects/singleton_class/SharedPreferences.h,,9,11,Default task
2023-01-10T03:39:14.037+09:00,Hoseop Shin,KeyEvent,65535:18:8,singleton_class,Editor,C:/Users/hoseop/CLionProjects/singleton_class/SharedPreferences.h,,9,36,Default task
2023-01-10T03:39:14.138+09:00,Hoseop Shin,Action,ShowIntentionActions,singleton_class,Editor,C:/Users/hoseop/CLionProjects/singleton_class/SharedPreferences.h,,9,36,Default task
2023-01-10T03:39:15.250+09:00,Hoseop Shin,KeyEvent,10:10:8,singleton_class,Popup,C:/Users/hoseop/CLionProjects/singleton_class/SharedPreferences.h,,9,36,Default task
2023-01-10T03:39:17.169+09:00,Hoseop Shin,KeyEvent,27:27:0,,,,,-1,-1,
2023-01-10T03:39:23.717+09:00,Hoseop Shin,KeyEvent,65535:18:8,singleton_class,Editor,C:/Users/hoseop/CLionProjects/singleton_class/main.cpp,,3,14,Default task
2023-01-10T03:39:23.805+09:00,Hoseop Shin,Action,ShowIntentionActions,singleton_class,Editor,C:/Users/hoseop/CLionProjects/singleton_class/main.cpp,,3,14,Default task
2023-01-10T03:39:23.856+09:00,Hoseop Shin,KeyEvent,10:10:8,singleton_class,Editor,C:/Users/hoseop/CLionProjects/singleton_class/main.cpp,,4,14,Default task
2023-01-10T03:39:34.187+09:00,Hoseop Shin,KeyEvent,65535:16:1,singleton_class,Editor,C:/Users/hoseop/CLionProjects/singleton_class/WorkerThread.cpp,,4,14,Default task
2023-01-10T03:39:34.395+09:00,Hoseop Shin,Action,Run,singleton_class,Editor,C:/Users/hoseop/CLionProjects/singleton_class/WorkerThread.cpp,,4,14,Default task
2023-01-10T03:39:34.425+09:00,Hoseop Shin,KeyEvent,65535:121:1,singleton_class,Editor,C:/Users/hoseop/CLionProjects/singleton_class/WorkerThread.cpp,,4,14,Default task
2023-01-10T03:40:25.542+09:00,Hoseop Shin,KeyEvent,65535:17:2,singleton_class,Editor,C:/Users/hoseop/CLionProjects/singleton_class/WorkerThread.cpp,,27,10,Default task
2023-01-10T03:40:25.620+09:00,Hoseop Shin,Action,CommentByLineComment,singleton_class,Editor,C:/Users/hoseop/CLionProjects/singleton_class/WorkerThread.cpp,,27,10,Default task
2023-01-10T03:40:25.626+09:00,Hoseop Shin,KeyEvent,47:47:2,singleton_class,Editor,C:/Users/hoseop/CLionProjects/singleton_class/WorkerThread.cpp,,28,8,Default task
2023-01-10T03:40:27.644+09:00,Hoseop Shin,Action,EditorBackSpace,singleton_class,Editor,C:/Users/hoseop/CLionProjects/singleton_class/WorkerThread.cpp,,27,5,Default task
2023-01-10T03:40:27.654+09:00,Hoseop Shin,KeyEvent,8:8:0,singleton_class,Editor,C:/Users/hoseop/CLionProjects/singleton_class/WorkerThread.cpp,,27,4,Default task
2023-01-10T03:40:29.740+09:00,Hoseop Shin,KeyEvent,65535:17:2,singleton_class,Editor,C:/Users/hoseop/CLionProjects/singleton_class/WorkerThread.cpp,,22,14,Default task
2023-01-10T03:40:29.881+09:00,Hoseop Shin,Action,CommentByLineComment,singleton_class,Editor,C:/Users/hoseop/CLionProjects/singleton_class/WorkerThread.cpp,,22,14,Default task
2023-01-10T03:40:29.885+09:00,Hoseop Shin,KeyEvent,47:47:2,singleton_class,Editor,C:/Users/hoseop/CLionProjects/singleton_class/WorkerThread.cpp,,23,1,Default task
2023-01-10T03:40:31.931+09:00,Hoseop Shin,KeyEvent,65535:17:2,singleton_class,Editor,C:/Users/hoseop/CLionProjects/singleton_class/WorkerThread.cpp,,17,14,Default task
2023-01-10T03:40:32.023+09:00,Hoseop Shin,Action,CommentByLineComment,singleton_class,Editor,C:/Users/hoseop/CLionProjects/singleton_class/WorkerThread.cpp,,17,14,Default task
2023-01-10T03:40:32.040+09:00,Hoseop Shin,KeyEvent,47:47:2,singleton_class,Editor,C:/Users/hoseop/CLionProjects/singleton_class/WorkerThread.cpp,,18,12,Default task
2023-01-10T03:40:38.692+09:00,Hoseop Shin,KeyEvent,65535:17:2,singleton_class,Editor,C:/Users/hoseop/CLionProjects/singleton_class/WorkerThread.cpp,,13,12,Default task
2023-01-10T03:40:38.765+09:00,Hoseop Shin,Action,CommentByLineComment,singleton_class,Editor,C:/Users/hoseop/CLionProjects/singleton_class/WorkerThread.cpp,,13,12,Default task
2023-01-10T03:40:38.774+09:00,Hoseop Shin,KeyEvent,47:47:2,singleton_class,Editor,C:/Users/hoseop/CLionProjects/singleton_class/WorkerThread.cpp,,14,1,Default task
2023-01-10T03:40:43.600+09:00,Hoseop Shin,KeyEvent,65535:18:8,singleton_class,Editor,C:/Users/hoseop/CLionProjects/singleton_class/WorkerThread.cpp,,17,15,Default task
2023-01-10T03:40:43.755+09:00,Hoseop Shin,KeyEvent,10:10:8,singleton_class,Editor,C:/Users/hoseop/CLionProjects/singleton_class/WorkerThread.cpp,,17,15,Default task
2023-01-10T03:41:07.548+09:00,Hoseop Shin,KeyEvent,65535:18:8,singleton_class,Editor,C:/Users/hoseop/CLionProjects/singleton_class/WorkerThread.cpp,,17,32,Default task
2023-01-10T03:41:07.697+09:00,Hoseop Shin,KeyEvent,10:10:8,singleton_class,Editor,C:/Users/hoseop/CLionProjects/singleton_class/WorkerThread.cpp,,17,32,Default task
2023-01-10T03:41:10.497+09:00,Hoseop Shin,KeyEvent,27:27:0,,,,,-1,-1,
2023-01-10T03:42:26.918+09:00,Hoseop Shin,KeyEvent,65535:17:2,singleton_class,Editor,C:/Users/hoseop/CLionProjects/singleton_class/WorkerThread.cpp,,17,14,Default task
2023-01-10T03:42:27.016+09:00,Hoseop Shin,Action,CommentByLineComment,singleton_class,Editor,C:/Users/hoseop/CLionProjects/singleton_class/WorkerThread.cpp,,17,14,Default task
2023-01-10T03:42:27.023+09:00,Hoseop Shin,KeyEvent,47:47:2,singleton_class,Editor,C:/Users/hoseop/CLionProjects/singleton_class/WorkerThread.cpp,,18,16,Default task
2023-01-10T03:42:29.387+09:00,Hoseop Shin,KeyEvent,65535:16:1,singleton_class,Editor,C:/Users/hoseop/CLionProjects/singleton_class/WorkerThread.cpp,,18,16,Default task
2023-01-10T03:42:29.518+09:00,Hoseop Shin,Action,Run,singleton_class,Editor,C:/Users/hoseop/CLionProjects/singleton_class/WorkerThread.cpp,,18,16,Default task
2023-01-10T03:42:29.553+09:00,Hoseop Shin,KeyEvent,65535:121:1,singleton_class,Editor,C:/Users/hoseop/CLionProjects/singleton_class/WorkerThread.cpp,,18,16,Default task
2023-01-10T03:44:04.071+09:00,Hoseop Shin,KeyEvent,65535:17:2,singleton_class,Editor,C:/Users/hoseop/CLionProjects/singleton_class/WorkerThread.cpp,,13,8,Default task
2023-01-10T03:44:04.221+09:00,Hoseop Shin,Action,CommentByLineComment,singleton_class,Editor,C:/Users/hoseop/CLionProjects/singleton_class/WorkerThread.cpp,,13,8,Default task
2023-01-10T03:44:04.228+09:00,Hoseop Shin,KeyEvent,47:47:2,singleton_class,Editor,C:/Users/hoseop/CLionProjects/singleton_class/WorkerThread.cpp,,14,1,Default task
2023-01-10T03:44:08.947+09:00,Hoseop Shin,KeyEvent,65535:17:2,singleton_class,Editor,C:/Users/hoseop/CLionProjects/singleton_class/WorkerThread.cpp,,22,10,Default task
2023-01-10T03:44:09.029+09:00,Hoseop Shin,Action,CommentByLineComment,singleton_class,Editor,C:/Users/hoseop/CLionProjects/singleton_class/WorkerThread.cpp,,22,10,Default task
2023-01-10T03:44:09.034+09:00,Hoseop Shin,KeyEvent,47:47:2,singleton_class,Editor,C:/Users/hoseop/CLionProjects/singleton_class/WorkerThread.cpp,,23,1,Default task
2023-01-10T03:44:14.817+09:00,Hoseop Shin,KeyEvent,65535:17:2,singleton_class,Editor,C:/Users/hoseop/CLionProjects/singleton_class/WorkerThread.cpp,,27,14,Default task
2023-01-10T03:44:15.043+09:00,Hoseop Shin,Action,CommentByLineComment,singleton_class,Editor,C:/Users/hoseop/CLionProjects/singleton_class/WorkerThread.cpp,,27,14,Default task
2023-01-10T03:44:15.085+09:00,Hoseop Shin,KeyEvent,47:47:2,singleton_class,Editor,C:/Users/hoseop/CLionProjects/singleton_class/WorkerThread.cpp,,28,16,Default task
2023-01-10T03:47:08.896+09:00,Hoseop Shin,KeyEvent,65535:17:2,singleton_class,Editor,C:/Users/hoseop/CLionProjects/singleton_class/SharedPreferences.h,,16,106,Default task
2023-01-10T03:47:09.049+09:00,Hoseop Shin,Action,$Undo,singleton_class,Editor,C:/Users/hoseop/CLionProjects/singleton_class/SharedPreferences.h,,16,106,Default task
2023-01-10T03:47:09.058+09:00,Hoseop Shin,KeyEvent,26:90:2,singleton_class,Editor,C:/Users/hoseop/CLionProjects/singleton_class/SharedPreferences.h,,9,15,Default task
2023-01-10T03:49:17.327+09:00,Hoseop Shin,Action,CPP.NewCppFile,singleton_class,Popup,C:/Users/hoseop/CLionProjects/singleton_class/SharedPreferences.h,,18,32,Default task
2023-01-10T03:49:19.316+09:00,Hoseop Shin,KeyEvent,65535:20:0,singleton_class,Popup,C:/Users/hoseop/CLionProjects/singleton_class/SharedPreferences.h,,18,32,Default task
2023-01-10T03:49:19.459+09:00,Hoseop Shin,KeyEvent,83:83:0,singleton_class,Popup,C:/Users/hoseop/CLionProjects/singleton_class/SharedPreferences.h,,18,32,Default task
2023-01-10T03:49:19.599+09:00,Hoseop Shin,KeyEvent,65535:20:0,singleton_class,Popup,C:/Users/hoseop/CLionProjects/singleton_class/SharedPreferences.h,,18,32,Default task
2023-01-10T03:49:19.919+09:00,Hoseop Shin,KeyEvent,104:72:0,singleton_class,Popup,C:/Users/hoseop/CLionProjects/singleton_class/SharedPreferences.h,,18,32,Default task
2023-01-10T03:49:20.064+09:00,Hoseop Shin,KeyEvent,97:65:0,singleton_class,Popup,C:/Users/hoseop/CLionProjects/singleton_class/SharedPreferences.h,,18,32,Default task
2023-01-10T03:49:20.210+09:00,Hoseop Shin,KeyEvent,114:82:0,singleton_class,Popup,C:/Users/hoseop/CLionProjects/singleton_class/SharedPreferences.h,,18,32,Default task
2023-01-10T03:49:20.582+09:00,Hoseop Shin,KeyEvent,101:69:0,singleton_class,Popup,C:/Users/hoseop/CLionProjects/singleton_class/SharedPreferences.h,,18,32,Default task
2023-01-10T03:49:20.829+09:00,Hoseop Shin,KeyEvent,100:68:0,singleton_class,Popup,C:/Users/hoseop/CLionProjects/singleton_class/SharedPreferences.h,,18,32,Default task
2023-01-10T03:49:21.749+09:00,Hoseop Shin,KeyEvent,65535:20:0,singleton_class,Popup,C:/Users/hoseop/CLionProjects/singleton_class/SharedPreferences.h,,18,32,Default task
2023-01-10T03:49:21.964+09:00,Hoseop Shin,KeyEvent,80:80:0,singleton_class,Popup,C:/Users/hoseop/CLionProjects/singleton_class/SharedPreferences.h,,18,32,Default task
2023-01-10T03:49:22.092+09:00,Hoseop Shin,KeyEvent,65535:20:0,singleton_class,Popup,C:/Users/hoseop/CLionProjects/singleton_class/SharedPreferences.h,,18,32,Default task
2023-01-10T03:49:22.241+09:00,Hoseop Shin,KeyEvent,114:82:0,singleton_class,Popup,C:/Users/hoseop/CLionProjects/singleton_class/SharedPreferences.h,,18,32,Default task
2023-01-10T03:49:22.381+09:00,Hoseop Shin,KeyEvent,101:69:0,singleton_class,Popup,C:/Users/hoseop/CLionProjects/singleton_class/SharedPreferences.h,,18,32,Default task
2023-01-10T03:49:22.784+09:00,Hoseop Shin,KeyEvent,102:70:0,singleton_class,Popup,C:/Users/hoseop/CLionProjects/singleton_class/SharedPreferences.h,,18,32,Default task
2023-01-10T03:49:22.905+09:00,Hoseop Shin,KeyEvent,101:69:0,singleton_class,Popup,C:/Users/hoseop/CLionProjects/singleton_class/SharedPreferences.h,,18,32,Default task
2023-01-10T03:49:23.054+09:00,Hoseop Shin,KeyEvent,114:82:0,singleton_class,Popup,C:/Users/hoseop/CLionProjects/singleton_class/SharedPreferences.h,,18,32,Default task
2023-01-10T03:49:23.438+09:00,Hoseop Shin,KeyEvent,101:69:0,singleton_class,Popup,C:/Users/hoseop/CLionProjects/singleton_class/SharedPreferences.h,,18,32,Default task
2023-01-10T03:49:23.618+09:00,Hoseop Shin,KeyEvent,110:78:0,singleton_class,Popup,C:/Users/hoseop/CLionProjects/singleton_class/SharedPreferences.h,,18,32,Default task
2023-01-10T03:49:23.843+09:00,Hoseop Shin,KeyEvent,100:68:0,singleton_class,Popup,C:/Users/hoseop/CLionProjects/singleton_class/SharedPreferences.h,,18,32,Default task
2023-01-10T03:49:24.288+09:00,Hoseop Shin,Action,EditorBackSpace,singleton_class,Popup,C:/Users/hoseop/CLionProjects/singleton_class/SharedPreferences.h,,18,32,Default task
2023-01-10T03:49:24.293+09:00,Hoseop Shin,KeyEvent,8:8:0,singleton_class,Popup,C:/Users/hoseop/CLionProjects/singleton_class/SharedPreferences.h,,18,32,Default task
2023-01-10T03:49:24.400+09:00,Hoseop Shin,KeyEvent,99:67:0,singleton_class,Popup,C:/Users/hoseop/CLionProjects/singleton_class/SharedPreferences.h,,18,32,Default task
2023-01-10T03:49:24.655+09:00,Hoseop Shin,KeyEvent,101:69:0,singleton_class,Popup,C:/Users/hoseop/CLionProjects/singleton_class/SharedPreferences.h,,18,32,Default task
2023-01-10T03:49:25.077+09:00,Hoseop Shin,KeyEvent,115:83:0,singleton_class,Popup,C:/Users/hoseop/CLionProjects/singleton_class/SharedPreferences.h,,18,32,Default task
2023-01-10T03:49:47.627+09:00,Hoseop Shin,Action,EditorEnter,singleton_class,Editor,C:/Users/hoseop/CLionProjects/singleton_class/SharedPreferences.cpp,,3,0,Default task
2023-01-10T03:49:47.633+09:00,Hoseop Shin,KeyEvent,10:10:0,singleton_class,Editor,C:/Users/hoseop/CLionProjects/singleton_class/SharedPreferences.cpp,,4,0,Default task
2023-01-10T03:49:47.700+09:00,Hoseop Shin,KeyEvent,65535:17:2,singleton_class,Editor,C:/Users/hoseop/CLionProjects/singleton_class/SharedPreferences.cpp,,4,0,Default task
2023-01-10T03:49:47.747+09:00,Hoseop Shin,Action,EditorPaste,singleton_class,Editor,C:/Users/hoseop/CLionProjects/singleton_class/SharedPreferences.cpp,,4,0,Default task
2023-01-10T03:49:47.789+09:00,Hoseop Shin,KeyEvent,22:86:2,singleton_class,Editor,C:/Users/hoseop/CLionProjects/singleton_class/SharedPreferences.cpp,,10,1,Default task
2023-01-10T03:49:50.386+09:00,Hoseop Shin,KeyEvent,92:92:0,singleton_class,Editor,C:/Users/hoseop/CLionProjects/singleton_class/SharedPreferences.cpp,,8,4,Default task
2023-01-10T03:49:50.948+09:00,Hoseop Shin,Action,EditorBackSpace,singleton_class,Editor,C:/Users/hoseop/CLionProjects/singleton_class/SharedPreferences.cpp,,8,5,Default task
2023-01-10T03:49:50.962+09:00,Hoseop Shin,KeyEvent,8:8:0,singleton_class,Editor,C:/Users/hoseop/CLionProjects/singleton_class/SharedPreferences.cpp,,8,4,Default task
2023-01-10T03:49:51.151+09:00,Hoseop Shin,Action,EditorBackSpace,singleton_class,Editor,C:/Users/hoseop/CLionProjects/singleton_class/SharedPreferences.cpp,,8,4,Default task
2023-01-10T03:49:51.158+09:00,Hoseop Shin,KeyEvent,8:8:0,singleton_class,Editor,C:/Users/hoseop/CLionProjects/singleton_class/SharedPreferences.cpp,,7,4,Default task
2023-01-10T03:49:52.059+09:00,Hoseop Shin,Action,EditorBackSpace,singleton_class,Editor,C:/Users/hoseop/CLionProjects/singleton_class/SharedPreferences.cpp,,8,0,Default task
2023-01-10T03:49:52.064+09:00,Hoseop Shin,KeyEvent,8:8:0,singleton_class,Editor,C:/Users/hoseop/CLionProjects/singleton_class/SharedPreferences.cpp,,7,29,Default task
2023-01-10T03:49:55.834+09:00,Hoseop Shin,KeyEvent,65535:18:8,singleton_class,Editor,C:/Users/hoseop/CLionProjects/singleton_class/SharedPreferences.cpp,,6,22,Default task
2023-01-10T03:49:55.911+09:00,Hoseop Shin,Action,ShowIntentionActions,singleton_class,Editor,C:/Users/hoseop/CLionProjects/singleton_class/SharedPreferences.cpp,,6,22,Default task
2023-01-10T03:49:55.956+09:00,Hoseop Shin,KeyEvent,10:10:8,singleton_class,Editor,C:/Users/hoseop/CLionProjects/singleton_class/SharedPreferences.cpp,,8,22,Default task
2023-01-10T03:50:14.919+09:00,Hoseop Shin,KeyEvent,65535:18:8,singleton_class,Editor,C:/Users/hoseop/CLionProjects/singleton_class/SharedPreferences.cpp,,8,37,Default task
2023-01-10T03:50:15.006+09:00,Hoseop Shin,Action,ShowIntentionActions,singleton_class,Editor,C:/Users/hoseop/CLionProjects/singleton_class/SharedPreferences.cpp,,8,37,Default task
2023-01-10T03:50:15.056+09:00,Hoseop Shin,KeyEvent,10:10:8,singleton_class,Editor,C:/Users/hoseop/CLionProjects/singleton_class/SharedPreferences.cpp,,8,37,Default task
2023-01-10T03:50:17.334+09:00,Hoseop Shin,KeyEvent,96:192:0,singleton_class,Popup,C:/Users/hoseop/CLionProjects/singleton_class/SharedPreferences.cpp,,8,37,Default task
2023-01-10T03:50:17.868+09:00,Hoseop Shin,KeyEvent,27:27:0,,,,,-1,-1,
2023-01-10T03:50:43.434+09:00,Hoseop Shin,KeyEvent,65535:20:0,singleton_class,Editor,C:/Users/hoseop/CLionProjects/singleton_class/SharedPreferences.cpp,,6,7,Default task
2023-01-10T03:50:43.628+09:00,Hoseop Shin,KeyEvent,83:83:0,singleton_class,Editor,C:/Users/hoseop/CLionProjects/singleton_class/SharedPreferences.cpp,,6,7,Default task
2023-01-10T03:50:43.740+09:00,Hoseop Shin,KeyEvent,65535:20:0,singleton_class,Editor,C:/Users/hoseop/CLionProjects/singleton_class/SharedPreferences.cpp,,6,8,Default task
2023-01-10T03:50:44.008+09:00,Hoseop Shin,KeyEvent,104:72:0,singleton_class,Editor,C:/Users/hoseop/CLionProjects/singleton_class/SharedPreferences.cpp,,6,8,Default task
2023-01-10T03:50:45.216+09:00,Hoseop Shin,Action,EditorChooseLookupItem,singleton_class,Editor,C:/Users/hoseop/CLionProjects/singleton_class/SharedPreferences.cpp,,6,9,Default task
2023-01-10T03:50:45.235+09:00,Hoseop Shin,KeyEvent,10:10:0,singleton_class,Editor,C:/Users/hoseop/CLionProjects/singleton_class/SharedPreferences.cpp,,6,24,Default task
2023-01-10T03:50:45.976+09:00,Hoseop Shin,KeyEvent,65535:16:1,singleton_class,Editor,C:/Users/hoseop/CLionProjects/singleton_class/SharedPreferences.cpp,,6,24,Default task
2023-01-10T03:50:46.074+09:00,Hoseop Shin,KeyEvent,58:59:1,singleton_class,Editor,C:/Users/hoseop/CLionProjects/singleton_class/SharedPreferences.cpp,,6,24,Default task
2023-01-10T03:50:46.197+09:00,Hoseop Shin,KeyEvent,58:59:1,singleton_class,Editor,C:/Users/hoseop/CLionProjects/singleton_class/SharedPreferences.cpp,,6,25,Default task
2023-01-10T03:50:47.547+09:00,Hoseop Shin,Action,EditorEscape,singleton_class,Editor,C:/Users/hoseop/CLionProjects/singleton_class/SharedPreferences.cpp,,6,26,Default task
2023-01-10T03:50:47.554+09:00,Hoseop Shin,KeyEvent,27:27:0,singleton_class,Editor,C:/Users/hoseop/CLionProjects/singleton_class/SharedPreferences.cpp,,6,26,Default task
2023-01-10T03:51:07.045+09:00,Hoseop Shin,KeyEvent,65535:17:2,singleton_class,Editor,C:/Users/hoseop/CLionProjects/singleton_class/SharedPreferences.cpp,,6,7,Default task
2023-01-10T03:51:07.167+09:00,Hoseop Shin,Action,EditorCut,singleton_class,Editor,C:/Users/hoseop/CLionProjects/singleton_class/SharedPreferences.cpp,,6,7,Default task
2023-01-10T03:51:07.175+09:00,Hoseop Shin,KeyEvent,24:88:2,singleton_class,Editor,C:/Users/hoseop/CLionProjects/singleton_class/SharedPreferences.cpp,,6,7,Default task
2023-01-10T03:51:09.039+09:00,Hoseop Shin,KeyEvent,65535:17:2,singleton_class,Editor,C:/Users/hoseop/CLionProjects/singleton_class/SharedPreferences.cpp,,6,26,Default task
2023-01-10T03:51:09.124+09:00,Hoseop Shin,Action,EditorPaste,singleton_class,Editor,C:/Users/hoseop/CLionProjects/singleton_class/SharedPreferences.cpp,,6,26,Default task
2023-01-10T03:51:09.142+09:00,Hoseop Shin,KeyEvent,22:86:2,singleton_class,Editor,C:/Users/hoseop/CLionProjects/singleton_class/SharedPreferences.cpp,,6,45,Default task
2023-01-10T03:51:17.372+09:00,Hoseop Shin,KeyEvent,27:27:0,,,,,-1,-1,
2023-01-10T03:51:41.280+09:00,Hoseop Shin,KeyEvent,65535:16:1,singleton_class,Editor,C:/Users/hoseop/CLionProjects/singleton_class/SharedPreferences.cpp,,6,4,Default task
2023-01-10T03:51:41.416+09:00,Hoseop Shin,Action,Run,singleton_class,Editor,C:/Users/hoseop/CLionProjects/singleton_class/SharedPreferences.cpp,,6,4,Default task
2023-01-10T03:51:41.426+09:00,Hoseop Shin,KeyEvent,65535:121:1,singleton_class,Editor,C:/Users/hoseop/CLionProjects/singleton_class/SharedPreferences.cpp,,6,4,Default task
2023-01-10T03:51:59.936+09:00,Hoseop Shin,Action,TabList,singleton_class,Editor,C:/Users/hoseop/CLionProjects/singleton_class/WorkerThread.cpp,,41,29,Default task
2023-01-10T03:52:58.464+09:00,Hoseop Shin,Action,TabList,singleton_class,Editor,C:/Users/hoseop/CLionProjects/singleton_class/SharedPreferences.cpp,,6,4,Default task
2023-01-10T03:53:16.840+09:00,Hoseop Shin,Action,TabList,singleton_class,Editor,C:/Users/hoseop/CLionProjects/singleton_class/WorkerThread.cpp,,10,36,Default task
2023-01-10T03:53:39.931+09:00,Hoseop Shin,KeyEvent,65535:18:8,singleton_class,Editor,C:/Users/hoseop/CLionProjects/singleton_class/SharedPreferences.h,,9,21,Default task
2023-01-10T03:53:40.030+09:00,Hoseop Shin,Action,ShowIntentionActions,singleton_class,Editor,C:/Users/hoseop/CLionProjects/singleton_class/SharedPreferences.h,,9,21,Default task
2023-01-10T03:53:40.095+09:00,Hoseop Shin,KeyEvent,10:10:8,singleton_class,Editor,C:/Users/hoseop/CLionProjects/singleton_class/SharedPreferences.h,,9,21,Default task
2023-01-10T03:53:41.997+09:00,Hoseop Shin,KeyEvent,96:192:0,singleton_class,Popup,C:/Users/hoseop/CLionProjects/singleton_class/SharedPreferences.h,,9,21,Default task
2023-01-10T03:53:42.314+09:00,Hoseop Shin,KeyEvent,27:27:0,,,,,-1,-1,
2023-01-10T03:53:46.608+09:00,Hoseop Shin,Action,EditorEnter,singleton_class,Editor,C:/Users/hoseop/CLionProjects/singleton_class/SharedPreferences.h,,5,0,Default task
2023-01-10T03:53:46.613+09:00,Hoseop Shin,KeyEvent,10:10:0,singleton_class,Editor,C:/Users/hoseop/CLionProjects/singleton_class/SharedPreferences.h,,6,0,Default task
2023-01-10T03:53:47.018+09:00,Hoseop Shin,Action,EditorUp,singleton_class,Editor,C:/Users/hoseop/CLionProjects/singleton_class/SharedPreferences.h,,6,0,Default task
2023-01-10T03:53:47.020+09:00,Hoseop Shin,KeyEvent,65535:38:0,singleton_class,Editor,C:/Users/hoseop/CLionProjects/singleton_class/SharedPreferences.h,,5,0,Default task
2023-01-10T03:53:47.597+09:00,Hoseop Shin,KeyEvent,65535:16:1,singleton_class,Editor,C:/Users/hoseop/CLionProjects/singleton_class/SharedPreferences.h,,5,0,Default task
2023-01-10T03:53:47.652+09:00,Hoseop Shin,KeyEvent,35:51:1,singleton_class,Editor,C:/Users/hoseop/CLionProjects/singleton_class/SharedPreferences.h,,5,0,Default task
2023-01-10T03:53:47.961+09:00,Hoseop Shin,KeyEvent,105:73:0,singleton_class,Editor,C:/Users/hoseop/CLionProjects/singleton_class/SharedPreferences.h,,5,1,Default task
2023-01-10T03:53:48.079+09:00,Hoseop Shin,KeyEvent,110:78:0,singleton_class,Editor,C:/Users/hoseop/CLionProjects/singleton_class/SharedPreferences.h,,5,2,Default task
2023-01-10T03:53:48.313+09:00,Hoseop Shin,KeyEvent,99:67:0,singleton_class,Editor,C:/Users/hoseop/CLionProjects/singleton_class/SharedPreferences.h,,5,3,Default task
2023-01-10T03:53:48.399+09:00,Hoseop Shin,KeyEvent,108:76:0,singleton_class,Editor,C:/Users/hoseop/CLionProjects/singleton_class/SharedPreferences.h,,5,4,Default task
2023-01-10T03:53:48.501+09:00,Hoseop Shin,KeyEvent,117:85:0,singleton_class,Editor,C:/Users/hoseop/CLionProjects/singleton_class/SharedPreferences.h,,5,5,Default task
2023-01-10T03:53:48.651+09:00,Hoseop Shin,KeyEvent,101:69:0,singleton_class,Editor,C:/Users/hoseop/CLionProjects/singleton_class/SharedPreferences.h,,5,6,Default task
2023-01-10T03:53:48.984+09:00,Hoseop Shin,Action,EditorBackSpace,singleton_class,Editor,C:/Users/hoseop/CLionProjects/singleton_class/SharedPreferences.h,,5,7,Default task
2023-01-10T03:53:48.992+09:00,Hoseop Shin,KeyEvent,8:8:0,singleton_class,Editor,C:/Users/hoseop/CLionProjects/singleton_class/SharedPreferences.h,,5,6,Default task
2023-01-10T03:53:49.085+09:00,Hoseop Shin,KeyEvent,100:68:0,singleton_class,Editor,C:/Users/hoseop/CLionProjects/singleton_class/SharedPreferences.h,,5,6,Default task
2023-01-10T03:53:49.227+09:00,Hoseop Shin,KeyEvent,101:69:0,singleton_class,Editor,C:/Users/hoseop/CLionProjects/singleton_class/SharedPreferences.h,,5,7,Default task
2023-01-10T03:53:49.679+09:00,Hoseop Shin,KeyEvent,32:32:0,singleton_class,Editor,C:/Users/hoseop/CLionProjects/singleton_class/SharedPreferences.h,,5,8,Default task
2023-01-10T03:53:49.859+09:00,Hoseop Shin,KeyEvent,65535:16:1,singleton_class,Editor,C:/Users/hoseop/CLionProjects/singleton_class/SharedPreferences.h,,5,9,Default task
2023-01-10T03:53:49.927+09:00,Hoseop Shin,KeyEvent,60:44:1,singleton_class,Editor,C:/Users/hoseop/CLionProjects/singleton_class/SharedPreferences.h,,5,9,Default task
2023-01-10T03:53:50.607+09:00,Hoseop Shin,KeyEvent,115:83:0,singleton_class,Editor,C:/Users/hoseop/CLionProjects/singleton_class/SharedPreferences.h,,5,10,Default task
2023-01-10T03:53:50.706+09:00,Hoseop Shin,KeyEvent,116:84:0,singleton_class,Editor,C:/Users/hoseop/CLionProjects/singleton_class/SharedPreferences.h,,5,11,Default task
2023-01-10T03:53:50.832+09:00,Hoseop Shin,KeyEvent,114:82:0,singleton_class,Editor,C:/Users/hoseop/CLionProjects/singleton_class/SharedPreferences.h,,5,12,Default task
2023-01-10T03:53:50.970+09:00,Hoseop Shin,KeyEvent,105:73:0,singleton_class,Editor,C:/Users/hoseop/CLionProjects/singleton_class/SharedPreferences.h,,5,13,Default task
2023-01-10T03:53:51.078+09:00,Hoseop Shin,KeyEvent,110:78:0,singleton_class,Editor,C:/Users/hoseop/CLionProjects/singleton_class/SharedPreferences.h,,5,14,Default task
2023-01-10T03:53:51.141+09:00,Hoseop Shin,KeyEvent,103:71:0,singleton_class,Editor,C:/Users/hoseop/CLionProjects/singleton_class/SharedPreferences.h,,5,15,Default task
2023-01-10T03:53:51.688+09:00,Hoseop Shin,KeyEvent,65535:16:1,singleton_class,Editor,C:/Users/hoseop/CLionProjects/singleton_class/SharedPreferences.h,,5,16,Default task
2023-01-10T03:53:51.800+09:00,Hoseop Shin,KeyEvent,62:46:1,singleton_class,Editor,C:/Users/hoseop/CLionProjects/singleton_class/SharedPreferences.h,,5,16,Default task
2023-01-10T03:53:53.885+09:00,Hoseop Shin,KeyEvent,65535:16:1,singleton_class,Editor,C:/Users/hoseop/CLionProjects/singleton_class/SharedPreferences.h,,5,17,Default task
2023-01-10T03:53:54.049+09:00,Hoseop Shin,Action,Run,singleton_class,Editor,C:/Users/hoseop/CLionProjects/singleton_class/SharedPreferences.h,,5,17,Default task
2023-01-10T03:53:54.054+09:00,Hoseop Shin,KeyEvent,65535:121:1,singleton_class,Editor,C:/Users/hoseop/CLionProjects/singleton_class/SharedPreferences.h,,5,17,Default task
2023-01-10T03:54:04.460+09:00,Hoseop Shin,Action,EditorEnter,singleton_class,Editor,C:/Users/hoseop/CLionProjects/singleton_class/SharedPreferences.h,,5,17,Default task
2023-01-10T03:54:04.465+09:00,Hoseop Shin,KeyEvent,10:10:0,singleton_class,Editor,C:/Users/hoseop/CLionProjects/singleton_class/SharedPreferences.h,,6,0,Default task
2023-01-10T03:54:04.654+09:00,Hoseop Shin,KeyEvent,65535:16:1,singleton_class,Editor,C:/Users/hoseop/CLionProjects/singleton_class/SharedPreferences.h,,6,0,Default task
2023-01-10T03:54:04.754+09:00,Hoseop Shin,KeyEvent,35:51:1,singleton_class,Editor,C:/Users/hoseop/CLionProjects/singleton_class/SharedPreferences.h,,6,0,Default task
2023-01-10T03:54:05.103+09:00,Hoseop Shin,KeyEvent,105:73:0,singleton_class,Editor,C:/Users/hoseop/CLionProjects/singleton_class/SharedPreferences.h,,6,1,Default task
2023-01-10T03:54:05.221+09:00,Hoseop Shin,KeyEvent,110:78:0,singleton_class,Editor,C:/Users/hoseop/CLionProjects/singleton_class/SharedPreferences.h,,6,2,Default task
2023-01-10T03:54:05.408+09:00,Hoseop Shin,KeyEvent,99:67:0,singleton_class,Editor,C:/Users/hoseop/CLionProjects/singleton_class/SharedPreferences.h,,6,3,Default task
2023-01-10T03:54:05.472+09:00,Hoseop Shin,KeyEvent,108:76:0,singleton_class,Editor,C:/Users/hoseop/CLionProjects/singleton_class/SharedPreferences.h,,6,4,Default task
2023-01-10T03:54:05.646+09:00,Hoseop Shin,KeyEvent,100:68:0,singleton_class,Editor,C:/Users/hoseop/CLionProjects/singleton_class/SharedPreferences.h,,6,5,Default task
2023-01-10T03:54:06.114+09:00,Hoseop Shin,Action,EditorBackSpace,singleton_class,Editor,C:/Users/hoseop/CLionProjects/singleton_class/SharedPreferences.h,,6,6,Default task
2023-01-10T03:54:06.132+09:00,Hoseop Shin,KeyEvent,8:8:0,singleton_class,Editor,C:/Users/hoseop/CLionProjects/singleton_class/SharedPreferences.h,,6,5,Default task
2023-01-10T03:54:06.363+09:00,Hoseop Shin,KeyEvent,117:85:0,singleton_class,Editor,C:/Users/hoseop/CLionProjects/singleton_class/SharedPreferences.h,,6,5,Default task
2023-01-10T03:54:06.655+09:00,Hoseop Shin,KeyEvent,100:68:0,singleton_class,Editor,C:/Users/hoseop/CLionProjects/singleton_class/SharedPreferences.h,,6,6,Default task
2023-01-10T03:54:06.833+09:00,Hoseop Shin,KeyEvent,101:69:0,singleton_class,Editor,C:/Users/hoseop/CLionProjects/singleton_class/SharedPreferences.h,,6,7,Default task
2023-01-10T03:54:07.399+09:00,Hoseop Shin,KeyEvent,32:32:0,singleton_class,Editor,C:/Users/hoseop/CLionProjects/singleton_class/SharedPreferences.h,,6,8,Default task
2023-01-10T03:54:07.610+09:00,Hoseop Shin,KeyEvent,65535:16:1,singleton_class,Editor,C:/Users/hoseop/CLionProjects/singleton_class/SharedPreferences.h,,6,9,Default task
2023-01-10T03:54:07.715+09:00,Hoseop Shin,KeyEvent,60:44:1,singleton_class,Editor,C:/Users/hoseop/CLionProjects/singleton_class/SharedPreferences.h,,6,9,Default task
2023-01-10T03:54:07.996+09:00,Hoseop Shin,KeyEvent,118:86:0,singleton_class,Editor,C:/Users/hoseop/CLionProjects/singleton_class/SharedPreferences.h,,6,10,Default task
2023-01-10T03:54:08.197+09:00,Hoseop Shin,KeyEvent,101:69:0,singleton_class,Editor,C:/Users/hoseop/CLionProjects/singleton_class/SharedPreferences.h,,6,11,Default task
2023-01-10T03:54:08.391+09:00,Hoseop Shin,KeyEvent,99:67:0,singleton_class,Editor,C:/Users/hoseop/CLionProjects/singleton_class/SharedPreferences.h,,6,12,Default task
2023-01-10T03:54:08.713+09:00,Hoseop Shin,KeyEvent,111:79:0,singleton_class,Editor,C:/Users/hoseop/CLionProjects/singleton_class/SharedPreferences.h,,6,13,Default task
2023-01-10T03:54:08.835+09:00,Hoseop Shin,KeyEvent,116:84:0,singleton_class,Editor,C:/Users/hoseop/CLionProjects/singleton_class/SharedPreferences.h,,6,14,Default task
2023-01-10T03:54:08.991+09:00,Hoseop Shin,KeyEvent,114:82:0,singleton_class,Editor,C:/Users/hoseop/CLionProjects/singleton_class/SharedPreferences.h,,6,15,Default task
2023-01-10T03:54:09.164+09:00,Hoseop Shin,KeyEvent,65535:16:1,singleton_class,Editor,C:/Users/hoseop/CLionProjects/singleton_class/SharedPreferences.h,,6,16,Default task
2023-01-10T03:54:09.279+09:00,Hoseop Shin,KeyEvent,62:46:1,singleton_class,Editor,C:/Users/hoseop/CLionProjects/singleton_class/SharedPreferences.h,,6,16,Default task
2023-01-10T03:54:09.646+09:00,Hoseop Shin,Action,EditorBackSpace,singleton_class,Editor,C:/Users/hoseop/CLionProjects/singleton_class/SharedPreferences.h,,6,17,Default task
2023-01-10T03:54:09.693+09:00,Hoseop Shin,KeyEvent,8:8:0,singleton_class,Editor,C:/Users/hoseop/CLionProjects/singleton_class/SharedPreferences.h,,6,16,Default task
2023-01-10T03:54:09.768+09:00,Hoseop Shin,Action,EditorBackSpace,singleton_class,Editor,C:/Users/hoseop/CLionProjects/singleton_class/SharedPreferences.h,,6,16,Default task
2023-01-10T03:54:09.772+09:00,Hoseop Shin,KeyEvent,8:8:0,singleton_class,Editor,C:/Users/hoseop/CLionProjects/singleton_class/SharedPreferences.h,,6,15,Default task
2023-01-10T03:54:09.918+09:00,Hoseop Shin,Action,EditorBackSpace,singleton_class,Editor,C:/Users/hoseop/CLionProjects/singleton_class/SharedPreferences.h,,6,15,Default task
2023-01-10T03:54:09.922+09:00,Hoseop Shin,KeyEvent,8:8:0,singleton_class,Editor,C:/Users/hoseop/CLionProjects/singleton_class/SharedPreferences.h,,6,14,Default task
2023-01-10T03:54:10.060+09:00,Hoseop Shin,Action,EditorBackSpace,singleton_class,Editor,C:/Users/hoseop/CLionProjects/singleton_class/SharedPreferences.h,,6,14,Default task
2023-01-10T03:54:10.064+09:00,Hoseop Shin,KeyEvent,8:8:0,singleton_class,Editor,C:/Users/hoseop/CLionProjects/singleton_class/SharedPreferences.h,,6,13,Default task
2023-01-10T03:54:10.406+09:00,Hoseop Shin,KeyEvent,116:84:0,singleton_class,Editor,C:/Users/hoseop/CLionProjects/singleton_class/SharedPreferences.h,,6,13,Default task
2023-01-10T03:54:10.511+09:00,Hoseop Shin,KeyEvent,111:79:0,singleton_class,Editor,C:/Users/hoseop/CLionProjects/singleton_class/SharedPreferences.h,,6,14,Default task
2023-01-10T03:54:10.599+09:00,Hoseop Shin,KeyEvent,114:82:0,singleton_class,Editor,C:/Users/hoseop/CLionProjects/singleton_class/SharedPreferences.h,,6,15,Default task
2023-01-10T03:54:11.146+09:00,Hoseop Shin,KeyEvent,65535:16:1,singleton_class,Editor,C:/Users/hoseop/CLionProjects/singleton_class/SharedPreferences.h,,6,16,Default task
2023-01-10T03:54:11.248+09:00,Hoseop Shin,KeyEvent,62:46:1,singleton_class,Editor,C:/Users/hoseop/CLionProjects/singleton_class/SharedPreferences.h,,6,16,Default task
2023-01-10T03:54:24.413+09:00,Hoseop Shin,KeyEvent,65535:16:1,singleton_class,Editor,C:/Users/hoseop/CLionProjects/singleton_class/SharedPreferences.h,,15,33,Default task
2023-01-10T03:54:24.500+09:00,Hoseop Shin,Action,Run,singleton_class,Editor,C:/Users/hoseop/CLionProjects/singleton_class/SharedPreferences.h,,15,33,Default task
2023-01-10T03:54:24.506+09:00,Hoseop Shin,KeyEvent,65535:121:1,singleton_class,Editor,C:/Users/hoseop/CLionProjects/singleton_class/SharedPreferences.h,,15,33,Default task
2023-01-10T03:56:04.219+09:00,Hoseop Shin,Action,EditorBackSpace,singleton_class,Editor,C:/Users/hoseop/CLionProjects/singleton_class/SharedPreferences.cpp,,6,58,Default task
2023-01-10T03:56:04.226+09:00,Hoseop Shin,KeyEvent,8:8:0,singleton_class,Editor,C:/Users/hoseop/CLionProjects/singleton_class/SharedPreferences.cpp,,6,57,Default task
2023-01-10T03:56:04.369+09:00,Hoseop Shin,Action,EditorBackSpace,singleton_class,Editor,C:/Users/hoseop/CLionProjects/singleton_class/SharedPreferences.cpp,,6,57,Default task
2023-01-10T03:56:04.372+09:00,Hoseop Shin,KeyEvent,8:8:0,singleton_class,Editor,C:/Users/hoseop/CLionProjects/singleton_class/SharedPreferences.cpp,,6,56,Default task
2023-01-10T03:56:08.356+09:00,Hoseop Shin,KeyEvent,65535:16:1,singleton_class,Editor,C:/Users/hoseop/CLionProjects/singleton_class/SharedPreferences.cpp,,6,56,Default task
2023-01-10T03:56:08.464+09:00,Hoseop Shin,KeyEvent,40:57:1,singleton_class,Editor,C:/Users/hoseop/CLionProjects/singleton_class/SharedPreferences.cpp,,6,56,Default task
2023-01-10T03:57:20.633+09:00,Hoseop Shin,KeyEvent,65535:18:8,singleton_class,Editor,C:/Users/hoseop/CLionProjects/singleton_class/SharedPreferences.cpp,,6,2,Default task
2023-01-10T03:57:20.711+09:00,Hoseop Shin,Action,ShowIntentionActions,singleton_class,Editor,C:/Users/hoseop/CLionProjects/singleton_class/SharedPreferences.cpp,,6,2,Default task
2023-01-10T03:57:20.768+09:00,Hoseop Shin,KeyEvent,10:10:8,singleton_class,Editor,C:/Users/hoseop/CLionProjects/singleton_class/SharedPreferences.cpp,,6,2,Default task
2023-01-10T03:57:27.846+09:00,Hoseop Shin,Action,EditorRight,singleton_class,Editor,C:/Users/hoseop/CLionProjects/singleton_class/SharedPreferences.cpp,,6,0,Default task
2023-01-10T03:57:27.848+09:00,Hoseop Shin,KeyEvent,65535:39:0,singleton_class,Editor,C:/Users/hoseop/CLionProjects/singleton_class/SharedPreferences.cpp,,6,1,Default task
2023-01-10T03:57:28.176+09:00,Hoseop Shin,Action,EditorBackSpace,singleton_class,Editor,C:/Users/hoseop/CLionProjects/singleton_class/SharedPreferences.cpp,,6,1,Default task
2023-01-10T03:57:28.206+09:00,Hoseop Shin,KeyEvent,8:8:0,singleton_class,Editor,C:/Users/hoseop/CLionProjects/singleton_class/SharedPreferences.cpp,,6,0,Default task
2023-01-10T03:57:32.014+09:00,Hoseop Shin,KeyEvent,65535:16:1,singleton_class,Editor,C:/Users/hoseop/CLionProjects/singleton_class/SharedPreferences.cpp,,6,16,Default task
2023-01-10T03:57:32.159+09:00,Hoseop Shin,Action,Run,singleton_class,Editor,C:/Users/hoseop/CLionProjects/singleton_class/SharedPreferences.cpp,,6,16,Default task
2023-01-10T03:57:32.178+09:00,Hoseop Shin,KeyEvent,65535:121:1,singleton_class,Editor,C:/Users/hoseop/CLionProjects/singleton_class/SharedPreferences.cpp,,6,16,Default task
2023-01-10T03:58:06.139+09:00,Hoseop Shin,KeyEvent,65535:17:2,singleton_class,Editor,C:/Users/hoseop/CLionProjects/singleton_class/WorkerThread.cpp,,13,12,Default task
2023-01-10T03:58:06.240+09:00,Hoseop Shin,Action,CommentByLineComment,singleton_class,Editor,C:/Users/hoseop/CLionProjects/singleton_class/WorkerThread.cpp,,13,12,Default task
2023-01-10T03:58:06.245+09:00,Hoseop Shin,KeyEvent,47:47:2,singleton_class,Editor,C:/Users/hoseop/CLionProjects/singleton_class/WorkerThread.cpp,,14,1,Default task
2023-01-10T03:58:59.673+09:00,Hoseop Shin,KeyEvent,65535:17:2,singleton_class,Editor,C:/Users/hoseop/CLionProjects/singleton_class/WorkerThread.cpp,,17,20,Default task
2023-01-10T03:58:59.763+09:00,Hoseop Shin,Action,CommentByLineComment,singleton_class,Editor,C:/Users/hoseop/CLionProjects/singleton_class/WorkerThread.cpp,,17,20,Default task
2023-01-10T03:58:59.772+09:00,Hoseop Shin,KeyEvent,47:47:2,singleton_class,Editor,C:/Users/hoseop/CLionProjects/singleton_class/WorkerThread.cpp,,18,18,Default task
2023-01-10T03:59:25.364+09:00,Hoseop Shin,KeyEvent,65535:17:2,singleton_class,Editor,C:/Users/hoseop/CLionProjects/singleton_class/WorkerThread.cpp,,22,14,Default task
2023-01-10T03:59:25.447+09:00,Hoseop Shin,Action,CommentByLineComment,singleton_class,Editor,C:/Users/hoseop/CLionProjects/singleton_class/WorkerThread.cpp,,22,14,Default task
2023-01-10T03:59:25.451+09:00,Hoseop Shin,KeyEvent,47:47:2,singleton_class,Editor,C:/Users/hoseop/CLionProjects/singleton_class/WorkerThread.cpp,,23,1,Default task
2023-01-10T03:59:39.474+09:00,Hoseop Shin,KeyEvent,65535:16:1,singleton_class,Editor,C:/Users/hoseop/CLionProjects/singleton_class/WorkerThread.cpp,,23,1,Default task
2023-01-10T03:59:39.618+09:00,Hoseop Shin,Action,Run,singleton_class,Editor,C:/Users/hoseop/CLionProjects/singleton_class/WorkerThread.cpp,,23,1,Default task
2023-01-10T03:59:39.627+09:00,Hoseop Shin,KeyEvent,65535:121:1,singleton_class,Editor,C:/Users/hoseop/CLionProjects/singleton_class/WorkerThread.cpp,,23,1,Default task
2023-01-10T04:00:07.066+09:00,Hoseop Shin,KeyEvent,65535:17:2,singleton_class,Editor,C:/Users/hoseop/CLionProjects/singleton_class/WorkerThread.cpp,,17,13,Default task
2023-01-10T04:00:07.136+09:00,Hoseop Shin,Action,CommentByLineComment,singleton_class,Editor,C:/Users/hoseop/CLionProjects/singleton_class/WorkerThread.cpp,,17,13,Default task
2023-01-10T04:00:07.141+09:00,Hoseop Shin,KeyEvent,47:47:2,singleton_class,Editor,C:/Users/hoseop/CLionProjects/singleton_class/WorkerThread.cpp,,18,15,Default task
2023-01-10T04:00:21.038+09:00,Hoseop Shin,KeyEvent,65535:16:1,singleton_class,Editor,C:/Users/hoseop/CLionProjects/singleton_class/WorkerThread.cpp,,19,19,Default task
2023-01-10T04:00:21.135+09:00,Hoseop Shin,Action,Run,singleton_class,Editor,C:/Users/hoseop/CLionProjects/singleton_class/WorkerThread.cpp,,19,19,Default task
2023-01-10T04:00:21.154+09:00,Hoseop Shin,KeyEvent,65535:121:1,singleton_class,Editor,C:/Users/hoseop/CLionProjects/singleton_class/WorkerThread.cpp,,19,19,Default task
2023-01-10T04:00:35.054+09:00,Hoseop Shin,KeyEvent,65535:17:2,singleton_class,Editor,C:/Users/hoseop/CLionProjects/singleton_class/WorkerThread.cpp,,10,29,Default task
2023-01-10T04:00:35.163+09:00,Hoseop Shin,Action,CommentByLineComment,singleton_class,Editor,C:/Users/hoseop/CLionProjects/singleton_class/WorkerThread.cpp,,10,29,Default task
2023-01-10T04:00:35.174+09:00,Hoseop Shin,KeyEvent,47:47:2,singleton_class,Editor,C:/Users/hoseop/CLionProjects/singleton_class/WorkerThread.cpp,,11,31,Default task
2023-01-10T04:00:40.750+09:00,Hoseop Shin,KeyEvent,65535:17:2,singleton_class,Editor,C:/Users/hoseop/CLionProjects/singleton_class/WorkerThread.cpp,,10,24,Default task
2023-01-10T04:00:40.901+09:00,Hoseop Shin,Action,CommentByLineComment,singleton_class,Editor,C:/Users/hoseop/CLionProjects/singleton_class/WorkerThread.cpp,,10,24,Default task
2023-01-10T04:00:40.908+09:00,Hoseop Shin,KeyEvent,47:47:2,singleton_class,Editor,C:/Users/hoseop/CLionProjects/singleton_class/WorkerThread.cpp,,11,22,Default task
2023-01-10T04:00:43.100+09:00,Hoseop Shin,KeyEvent,65535:17:2,singleton_class,Editor,C:/Users/hoseop/CLionProjects/singleton_class/WorkerThread.cpp,,13,12,Default task
2023-01-10T04:00:43.218+09:00,Hoseop Shin,Action,CommentByLineComment,singleton_class,Editor,C:/Users/hoseop/CLionProjects/singleton_class/WorkerThread.cpp,,13,12,Default task
2023-01-10T04:00:43.226+09:00,Hoseop Shin,KeyEvent,47:47:2,singleton_class,Editor,C:/Users/hoseop/CLionProjects/singleton_class/WorkerThread.cpp,,14,1,Default task
2023-01-10T04:00:51.241+09:00,Hoseop Shin,KeyEvent,65535:17:2,singleton_class,Editor,C:/Users/hoseop/CLionProjects/singleton_class/WorkerThread.cpp,,22,23,Default task
2023-01-10T04:00:51.334+09:00,Hoseop Shin,Action,CommentByLineComment,singleton_class,Editor,C:/Users/hoseop/CLionProjects/singleton_class/WorkerThread.cpp,,22,23,Default task
2023-01-10T04:00:51.338+09:00,Hoseop Shin,KeyEvent,47:47:2,singleton_class,Editor,C:/Users/hoseop/CLionProjects/singleton_class/WorkerThread.cpp,,23,1,Default task
2023-01-10T04:00:55.183+09:00,Hoseop Shin,KeyEvent,65535:16:1,singleton_class,Editor,C:/Users/hoseop/CLionProjects/singleton_class/WorkerThread.cpp,,23,1,Default task
2023-01-10T04:00:55.261+09:00,Hoseop Shin,Action,Run,singleton_class,Editor,C:/Users/hoseop/CLionProjects/singleton_class/WorkerThread.cpp,,23,1,Default task
2023-01-10T04:00:55.267+09:00,Hoseop Shin,KeyEvent,65535:121:1,singleton_class,Editor,C:/Users/hoseop/CLionProjects/singleton_class/WorkerThread.cpp,,23,1,Default task
2023-01-10T04:01:15.250+09:00,Hoseop Shin,KeyEvent,65535:17:2,singleton_class,Editor,C:/Users/hoseop/CLionProjects/singleton_class/WorkerThread.cpp,,13,12,Default task
2023-01-10T04:01:15.365+09:00,Hoseop Shin,Action,CommentByLineComment,singleton_class,Editor,C:/Users/hoseop/CLionProjects/singleton_class/WorkerThread.cpp,,13,12,Default task
2023-01-10T04:01:15.376+09:00,Hoseop Shin,KeyEvent,47:47:2,singleton_class,Editor,C:/Users/hoseop/CLionProjects/singleton_class/WorkerThread.cpp,,14,1,Default task
2023-01-10T04:01:50.635+09:00,Hoseop Shin,KeyEvent,65535:18:8,singleton_class,Editor,C:/Users/hoseop/CLionProjects/singleton_class/SharedPreferences.h,,19,13,Default task
2023-01-10T04:01:50.748+09:00,Hoseop Shin,Action,ShowIntentionActions,singleton_class,Editor,C:/Users/hoseop/CLionProjects/singleton_class/SharedPreferences.h,,19,13,Default task
2023-01-10T04:01:50.797+09:00,Hoseop Shin,KeyEvent,10:10:8,singleton_class,Editor,C:/Users/hoseop/CLionProjects/singleton_class/SharedPreferences.h,,19,13,Default task
2023-01-10T04:02:06.313+09:00,Hoseop Shin,KeyEvent,65535:18:8,singleton_class,Editor,C:/Users/hoseop/CLionProjects/singleton_class/SharedPreferences.h,,20,22,Default task
2023-01-10T04:02:06.383+09:00,Hoseop Shin,Action,ShowIntentionActions,singleton_class,Editor,C:/Users/hoseop/CLionProjects/singleton_class/SharedPreferences.h,,20,22,Default task
2023-01-10T04:02:06.439+09:00,Hoseop Shin,KeyEvent,10:10:8,singleton_class,Editor,C:/Users/hoseop/CLionProjects/singleton_class/SharedPreferences.h,,20,22,Default task
2023-01-10T04:02:11.331+09:00,Hoseop Shin,KeyEvent,65535:18:8,singleton_class,Editor,C:/Users/hoseop/CLionProjects/singleton_class/SharedPreferences.h,,21,14,Default task
2023-01-10T04:02:11.436+09:00,Hoseop Shin,Action,ShowIntentionActions,singleton_class,Editor,C:/Users/hoseop/CLionProjects/singleton_class/SharedPreferences.h,,21,14,Default task
2023-01-10T04:02:11.497+09:00,Hoseop Shin,KeyEvent,10:10:8,singleton_class,Editor,C:/Users/hoseop/CLionProjects/singleton_class/SharedPreferences.h,,21,14,Default task
2023-01-10T04:02:23.150+09:00,Hoseop Shin,KeyEvent,65535:16:1,singleton_class,Editor,C:/Users/hoseop/CLionProjects/singleton_class/WorkerThread.cpp,,18,0,Default task
2023-01-10T04:02:23.323+09:00,Hoseop Shin,Action,Run,singleton_class,Editor,C:/Users/hoseop/CLionProjects/singleton_class/WorkerThread.cpp,,18,0,Default task
2023-01-10T04:02:23.338+09:00,Hoseop Shin,KeyEvent,65535:121:1,singleton_class,Editor,C:/Users/hoseop/CLionProjects/singleton_class/WorkerThread.cpp,,18,0,Default task
2023-01-10T04:02:34.729+09:00,Hoseop Shin,KeyEvent,65535:17:2,singleton_class,Editor,C:/Users/hoseop/CLionProjects/singleton_class/WorkerThread.cpp,,13,21,Default task
2023-01-10T04:02:34.803+09:00,Hoseop Shin,Action,CommentByLineComment,singleton_class,Editor,C:/Users/hoseop/CLionProjects/singleton_class/WorkerThread.cpp,,13,21,Default task
2023-01-10T04:02:34.813+09:00,Hoseop Shin,KeyEvent,47:47:2,singleton_class,Editor,C:/Users/hoseop/CLionProjects/singleton_class/WorkerThread.cpp,,14,1,Default task
2023-01-10T04:02:44.111+09:00,Hoseop Shin,KeyEvent,65535:16:1,singleton_class,Editor,C:/Users/hoseop/CLionProjects/singleton_class/WorkerThread.cpp,,20,19,Default task
2023-01-10T04:02:44.175+09:00,Hoseop Shin,Action,Run,singleton_class,Editor,C:/Users/hoseop/CLionProjects/singleton_class/WorkerThread.cpp,,20,19,Default task
2023-01-10T04:02:44.181+09:00,Hoseop Shin,KeyEvent,65535:121:1,singleton_class,Editor,C:/Users/hoseop/CLionProjects/singleton_class/WorkerThread.cpp,,20,19,Default task
2023-01-10T04:03:19.193+09:00,Hoseop Shin,Action,EditorBackSpace,singleton_class,Editor,C:/Users/hoseop/CLionProjects/singleton_class/SharedPreferences.cpp,,7,0,Default task
2023-01-10T04:03:19.203+09:00,Hoseop Shin,KeyEvent,8:8:0,singleton_class,Editor,C:/Users/hoseop/CLionProjects/singleton_class/SharedPreferences.cpp,,7,0,Default task
2023-01-10T04:03:19.542+09:00,Hoseop Shin,Action,EditorBackSpace,singleton_class,Editor,C:/Users/hoseop/CLionProjects/singleton_class/SharedPreferences.cpp,,7,0,Default task
2023-01-10T04:03:19.560+09:00,Hoseop Shin,KeyEvent,8:8:0,singleton_class,Editor,C:/Users/hoseop/CLionProjects/singleton_class/SharedPreferences.cpp,,6,53,Default task
2023-01-10T04:03:23.413+09:00,Hoseop Shin,KeyEvent,65535:17:2,singleton_class,Editor,C:/Users/hoseop/CLionProjects/singleton_class/SharedPreferences.cpp,,7,4,Default task
2023-01-10T04:03:23.484+09:00,Hoseop Shin,Action,CommentByLineComment,singleton_class,Editor,C:/Users/hoseop/CLionProjects/singleton_class/SharedPreferences.cpp,,7,4,Default task
2023-01-10T04:03:23.494+09:00,Hoseop Shin,KeyEvent,47:47:2,singleton_class,Editor,C:/Users/hoseop/CLionProjects/singleton_class/SharedPreferences.cpp,,7,6,Default task
2023-01-10T04:03:24.566+09:00,Hoseop Shin,Action,EditorLineStart,singleton_class,Editor,C:/Users/hoseop/CLionProjects/singleton_class/SharedPreferences.cpp,,7,6,Default task
2023-01-10T04:03:24.571+09:00,Hoseop Shin,KeyEvent,65535:36:0,singleton_class,Editor,C:/Users/hoseop/CLionProjects/singleton_class/SharedPreferences.cpp,,7,0,Default task
2023-01-10T04:03:24.810+09:00,Hoseop Shin,Action,EditorEnter,singleton_class,Editor,C:/Users/hoseop/CLionProjects/singleton_class/SharedPreferences.cpp,,7,0,Default task
2023-01-10T04:03:24.816+09:00,Hoseop Shin,KeyEvent,10:10:0,singleton_class,Editor,C:/Users/hoseop/CLionProjects/singleton_class/SharedPreferences.cpp,,8,4,Default task
2023-01-10T04:03:25.323+09:00,Hoseop Shin,Action,EditorUp,singleton_class,Editor,C:/Users/hoseop/CLionProjects/singleton_class/SharedPreferences.cpp,,8,4,Default task
2023-01-10T04:03:25.324+09:00,Hoseop Shin,KeyEvent,65535:38:0,singleton_class,Editor,C:/Users/hoseop/CLionProjects/singleton_class/SharedPreferences.cpp,,7,0,Default task
2023-01-10T04:03:25.695+09:00,Hoseop Shin,Action,EditorTab,singleton_class,Editor,C:/Users/hoseop/CLionProjects/singleton_class/SharedPreferences.cpp,,7,0,Default task
2023-01-10T04:03:25.698+09:00,Hoseop Shin,KeyEvent,9:9:0,singleton_class,Editor,C:/Users/hoseop/CLionProjects/singleton_class/SharedPreferences.cpp,,7,4,Default task
2023-01-10T04:03:26.395+09:00,Hoseop Shin,KeyEvent,115:83:0,singleton_class,Editor,C:/Users/hoseop/CLionProjects/singleton_class/SharedPreferences.cpp,,7,4,Default task
2023-01-10T04:03:26.499+09:00,Hoseop Shin,KeyEvent,116:84:0,singleton_class,Editor,C:/Users/hoseop/CLionProjects/singleton_class/SharedPreferences.cpp,,7,5,Default task
2023-01-10T04:03:26.647+09:00,Hoseop Shin,KeyEvent,97:65:0,singleton_class,Editor,C:/Users/hoseop/CLionProjects/singleton_class/SharedPreferences.cpp,,7,6,Default task
2023-01-10T04:03:26.778+09:00,Hoseop Shin,KeyEvent,116:84:0,singleton_class,Editor,C:/Users/hoseop/CLionProjects/singleton_class/SharedPreferences.cpp,,7,7,Default task
2023-01-10T04:03:27.584+09:00,Hoseop Shin,KeyEvent,105:73:0,singleton_class,Editor,C:/Users/hoseop/CLionProjects/singleton_class/SharedPreferences.cpp,,7,8,Default task
2023-01-10T04:03:27.721+09:00,Hoseop Shin,KeyEvent,99:67:0,singleton_class,Editor,C:/Users/hoseop/CLionProjects/singleton_class/SharedPreferences.cpp,,7,9,Default task
2023-01-10T04:03:27.993+09:00,Hoseop Shin,KeyEvent,32:32:0,singleton_class,Editor,C:/Users/hoseop/CLionProjects/singleton_class/SharedPreferences.cpp,,7,10,Default task
2023-01-10T04:03:28.867+09:00,Hoseop Shin,KeyEvent,65535:20:0,singleton_class,Editor,C:/Users/hoseop/CLionProjects/singleton_class/SharedPreferences.cpp,,7,11,Default task
2023-01-10T04:03:29.032+09:00,Hoseop Shin,KeyEvent,83:83:0,singleton_class,Editor,C:/Users/hoseop/CLionProjects/singleton_class/SharedPreferences.cpp,,7,11,Default task
2023-01-10T04:03:29.126+09:00,Hoseop Shin,KeyEvent,65535:20:0,singleton_class,Editor,C:/Users/hoseop/CLionProjects/singleton_class/SharedPreferences.cpp,,7,12,Default task
2023-01-10T04:03:29.424+09:00,Hoseop Shin,KeyEvent,104:72:0,singleton_class,Editor,C:/Users/hoseop/CLionProjects/singleton_class/SharedPreferences.cpp,,7,12,Default task
2023-01-10T04:03:29.528+09:00,Hoseop Shin,KeyEvent,97:65:0,singleton_class,Editor,C:/Users/hoseop/CLionProjects/singleton_class/SharedPreferences.cpp,,7,13,Default task
2023-01-10T04:03:29.672+09:00,Hoseop Shin,KeyEvent,114:82:0,singleton_class,Editor,C:/Users/hoseop/CLionProjects/singleton_class/SharedPreferences.cpp,,7,14,Default task
2023-01-10T04:03:29.879+09:00,Hoseop Shin,KeyEvent,101:69:0,singleton_class,Editor,C:/Users/hoseop/CLionProjects/singleton_class/SharedPreferences.cpp,,7,15,Default task
2023-01-10T04:03:30.079+09:00,Hoseop Shin,KeyEvent,100:68:0,singleton_class,Editor,C:/Users/hoseop/CLionProjects/singleton_class/SharedPreferences.cpp,,7,16,Default task
2023-01-10T04:03:31.109+09:00,Hoseop Shin,KeyEvent,65535:20:0,singleton_class,Editor,C:/Users/hoseop/CLionProjects/singleton_class/SharedPreferences.cpp,,7,17,Default task
2023-01-10T04:03:31.294+09:00,Hoseop Shin,KeyEvent,80:80:0,singleton_class,Editor,C:/Users/hoseop/CLionProjects/singleton_class/SharedPreferences.cpp,,7,17,Default task
2023-01-10T04:03:31.401+09:00,Hoseop Shin,KeyEvent,65535:20:0,singleton_class,Editor,C:/Users/hoseop/CLionProjects/singleton_class/SharedPreferences.cpp,,7,18,Default task
2023-01-10T04:03:31.611+09:00,Hoseop Shin,KeyEvent,114:82:0,singleton_class,Editor,C:/Users/hoseop/CLionProjects/singleton_class/SharedPreferences.cpp,,7,18,Default task
2023-01-10T04:03:31.737+09:00,Hoseop Shin,KeyEvent,101:69:0,singleton_class,Editor,C:/Users/hoseop/CLionProjects/singleton_class/SharedPreferences.cpp,,7,19,Default task
2023-01-10T04:03:32.007+09:00,Hoseop Shin,KeyEvent,102:70:0,singleton_class,Editor,C:/Users/hoseop/CLionProjects/singleton_class/SharedPreferences.cpp,,7,20,Default task
2023-01-10T04:03:32.146+09:00,Hoseop Shin,KeyEvent,101:69:0,singleton_class,Editor,C:/Users/hoseop/CLionProjects/singleton_class/SharedPreferences.cpp,,7,21,Default task
2023-01-10T04:03:32.329+09:00,Hoseop Shin,KeyEvent,114:82:0,singleton_class,Editor,C:/Users/hoseop/CLionProjects/singleton_class/SharedPreferences.cpp,,7,22,Default task
2023-01-10T04:03:32.728+09:00,Hoseop Shin,KeyEvent,101:69:0,singleton_class,Editor,C:/Users/hoseop/CLionProjects/singleton_class/SharedPreferences.cpp,,7,23,Default task
2023-01-10T04:03:32.850+09:00,Hoseop Shin,KeyEvent,110:78:0,singleton_class,Editor,C:/Users/hoseop/CLionProjects/singleton_class/SharedPreferences.cpp,,7,24,Default task
2023-01-10T04:03:33.091+09:00,Hoseop Shin,KeyEvent,99:67:0,singleton_class,Editor,C:/Users/hoseop/CLionProjects/singleton_class/SharedPreferences.cpp,,7,25,Default task
2023-01-10T04:03:33.343+09:00,Hoseop Shin,KeyEvent,101:69:0,singleton_class,Editor,C:/Users/hoseop/CLionProjects/singleton_class/SharedPreferences.cpp,,7,26,Default task
2023-01-10T04:03:33.563+09:00,Hoseop Shin,KeyEvent,115:83:0,singleton_class,Editor,C:/Users/hoseop/CLionProjects/singleton_class/SharedPreferences.cpp,,7,27,Default task
2023-01-10T04:03:35.292+09:00,Hoseop Shin,KeyEvent,32:32:0,singleton_class,Editor,C:/Users/hoseop/CLionProjects/singleton_class/SharedPreferences.cpp,,7,28,Default task
2023-01-10T04:03:35.971+09:00,Hoseop Shin,KeyEvent,115:83:0,singleton_class,Editor,C:/Users/hoseop/CLionProjects/singleton_class/SharedPreferences.cpp,,7,29,Default task
2023-01-10T04:03:36.169+09:00,Hoseop Shin,KeyEvent,97:65:0,singleton_class,Editor,C:/Users/hoseop/CLionProjects/singleton_class/SharedPreferences.cpp,,7,30,Default task
2023-01-10T04:03:36.331+09:00,Hoseop Shin,KeyEvent,104:72:0,singleton_class,Editor,C:/Users/hoseop/CLionProjects/singleton_class/SharedPreferences.cpp,,7,31,Default task
2023-01-10T04:03:37.155+09:00,Hoseop Shin,Action,EditorBackSpace,singleton_class,Editor,C:/Users/hoseop/CLionProjects/singleton_class/SharedPreferences.cpp,,7,32,Default task
2023-01-10T04:03:37.171+09:00,Hoseop Shin,KeyEvent,8:8:0,singleton_class,Editor,C:/Users/hoseop/CLionProjects/singleton_class/SharedPreferences.cpp,,7,31,Default task
2023-01-10T04:03:37.257+09:00,Hoseop Shin,Action,EditorBackSpace,singleton_class,Editor,C:/Users/hoseop/CLionProjects/singleton_class/SharedPreferences.cpp,,7,31,Default task
2023-01-10T04:03:37.265+09:00,Hoseop Shin,KeyEvent,8:8:0,singleton_class,Editor,C:/Users/hoseop/CLionProjects/singleton_class/SharedPreferences.cpp,,7,30,Default task
2023-01-10T04:03:37.500+09:00,Hoseop Shin,KeyEvent,104:72:0,singleton_class,Editor,C:/Users/hoseop/CLionProjects/singleton_class/SharedPreferences.cpp,,7,30,Default task
2023-01-10T04:03:37.758+09:00,Hoseop Shin,KeyEvent,97:65:0,singleton_class,Editor,C:/Users/hoseop/CLionProjects/singleton_class/SharedPreferences.cpp,,7,31,Default task
2023-01-10T04:03:38.039+09:00,Hoseop Shin,KeyEvent,114:82:0,singleton_class,Editor,C:/Users/hoseop/CLionProjects/singleton_class/SharedPreferences.cpp,,7,32,Default task
2023-01-10T04:03:38.622+09:00,Hoseop Shin,KeyEvent,101:69:0,singleton_class,Editor,C:/Users/hoseop/CLionProjects/singleton_class/SharedPreferences.cpp,,7,33,Default task
2023-01-10T04:03:39.099+09:00,Hoseop Shin,KeyEvent,100:68:0,singleton_class,Editor,C:/Users/hoseop/CLionProjects/singleton_class/SharedPreferences.cpp,,7,34,Default task
2023-01-10T04:03:39.508+09:00,Hoseop Shin,KeyEvent,65535:20:0,singleton_class,Editor,C:/Users/hoseop/CLionProjects/singleton_class/SharedPreferences.cpp,,7,35,Default task
2023-01-10T04:03:39.686+09:00,Hoseop Shin,KeyEvent,80:80:0,singleton_class,Editor,C:/Users/hoseop/CLionProjects/singleton_class/SharedPreferences.cpp,,7,35,Default task
2023-01-10T04:03:39.804+09:00,Hoseop Shin,KeyEvent,65535:20:0,singleton_class,Editor,C:/Users/hoseop/CLionProjects/singleton_class/SharedPreferences.cpp,,7,36,Default task
2023-01-10T04:03:39.967+09:00,Hoseop Shin,KeyEvent,114:82:0,singleton_class,Editor,C:/Users/hoseop/CLionProjects/singleton_class/SharedPreferences.cpp,,7,36,Default task
2023-01-10T04:03:40.106+09:00,Hoseop Shin,KeyEvent,101:69:0,singleton_class,Editor,C:/Users/hoseop/CLionProjects/singleton_class/SharedPreferences.cpp,,7,37,Default task
2023-01-10T04:03:40.481+09:00,Hoseop Shin,KeyEvent,102:70:0,singleton_class,Editor,C:/Users/hoseop/CLionProjects/singleton_class/SharedPreferences.cpp,,7,38,Default task
2023-01-10T04:03:40.811+09:00,Hoseop Shin,KeyEvent,101:69:0,singleton_class,Editor,C:/Users/hoseop/CLionProjects/singleton_class/SharedPreferences.cpp,,7,39,Default task
2023-01-10T04:03:40.970+09:00,Hoseop Shin,KeyEvent,114:82:0,singleton_class,Editor,C:/Users/hoseop/CLionProjects/singleton_class/SharedPreferences.cpp,,7,40,Default task
2023-01-10T04:03:41.327+09:00,Hoseop Shin,KeyEvent,101:69:0,singleton_class,Editor,C:/Users/hoseop/CLionProjects/singleton_class/SharedPreferences.cpp,,7,41,Default task
2023-01-10T04:03:41.944+09:00,Hoseop Shin,KeyEvent,110:78:0,singleton_class,Editor,C:/Users/hoseop/CLionProjects/singleton_class/SharedPreferences.cpp,,7,42,Default task
2023-01-10T04:03:42.114+09:00,Hoseop Shin,KeyEvent,99:67:0,singleton_class,Editor,C:/Users/hoseop/CLionProjects/singleton_class/SharedPreferences.cpp,,7,43,Default task
2023-01-10T04:03:42.563+09:00,Hoseop Shin,KeyEvent,101:69:0,singleton_class,Editor,C:/Users/hoseop/CLionProjects/singleton_class/SharedPreferences.cpp,,7,44,Default task
2023-01-10T04:03:42.843+09:00,Hoseop Shin,KeyEvent,115:83:0,singleton_class,Editor,C:/Users/hoseop/CLionProjects/singleton_class/SharedPreferences.cpp,,7,45,Default task
2023-01-10T04:03:44.210+09:00,Hoseop Shin,KeyEvent,59:59:0,singleton_class,Editor,C:/Users/hoseop/CLionProjects/singleton_class/SharedPreferences.cpp,,7,46,Default task
2023-01-10T04:03:45.457+09:00,Hoseop Shin,Action,EditorEnter,singleton_class,Editor,C:/Users/hoseop/CLionProjects/singleton_class/SharedPreferences.cpp,,7,47,Default task
2023-01-10T04:03:45.461+09:00,Hoseop Shin,KeyEvent,10:10:0,singleton_class,Editor,C:/Users/hoseop/CLionProjects/singleton_class/SharedPreferences.cpp,,8,4,Default task
2023-01-10T04:03:45.740+09:00,Hoseop Shin,KeyEvent,114:82:0,singleton_class,Editor,C:/Users/hoseop/CLionProjects/singleton_class/SharedPreferences.cpp,,8,4,Default task
2023-01-10T04:03:45.847+09:00,Hoseop Shin,KeyEvent,101:69:0,singleton_class,Editor,C:/Users/hoseop/CLionProjects/singleton_class/SharedPreferences.cpp,,8,5,Default task
2023-01-10T04:03:45.987+09:00,Hoseop Shin,KeyEvent,116:84:0,singleton_class,Editor,C:/Users/hoseop/CLionProjects/singleton_class/SharedPreferences.cpp,,8,6,Default task
2023-01-10T04:03:46.074+09:00,Hoseop Shin,KeyEvent,117:85:0,singleton_class,Editor,C:/Users/hoseop/CLionProjects/singleton_class/SharedPreferences.cpp,,8,7,Default task
2023-01-10T04:03:46.207+09:00,Hoseop Shin,KeyEvent,114:82:0,singleton_class,Editor,C:/Users/hoseop/CLionProjects/singleton_class/SharedPreferences.cpp,,8,8,Default task
2023-01-10T04:03:46.288+09:00,Hoseop Shin,KeyEvent,110:78:0,singleton_class,Editor,C:/Users/hoseop/CLionProjects/singleton_class/SharedPreferences.cpp,,8,9,Default task
2023-01-10T04:03:46.420+09:00,Hoseop Shin,KeyEvent,32:32:0,singleton_class,Editor,C:/Users/hoseop/CLionProjects/singleton_class/SharedPreferences.cpp,,8,10,Default task
2023-01-10T04:03:47.243+09:00,Hoseop Shin,KeyEvent,115:83:0,singleton_class,Editor,C:/Users/hoseop/CLionProjects/singleton_class/SharedPreferences.cpp,,8,11,Default task
2023-01-10T04:03:47.408+09:00,Hoseop Shin,KeyEvent,104:72:0,singleton_class,Editor,C:/Users/hoseop/CLionProjects/singleton_class/SharedPreferences.cpp,,8,12,Default task
2023-01-10T04:03:47.596+09:00,Hoseop Shin,KeyEvent,97:65:0,singleton_class,Editor,C:/Users/hoseop/CLionProjects/singleton_class/SharedPreferences.cpp,,8,13,Default task
2023-01-10T04:03:47.789+09:00,Hoseop Shin,KeyEvent,114:82:0,singleton_class,Editor,C:/Users/hoseop/CLionProjects/singleton_class/SharedPreferences.cpp,,8,14,Default task
2023-01-10T04:03:48.005+09:00,Hoseop Shin,KeyEvent,101:69:0,singleton_class,Editor,C:/Users/hoseop/CLionProjects/singleton_class/SharedPreferences.cpp,,8,15,Default task
2023-01-10T04:03:48.244+09:00,Hoseop Shin,KeyEvent,100:68:0,singleton_class,Editor,C:/Users/hoseop/CLionProjects/singleton_class/SharedPreferences.cpp,,8,16,Default task
2023-01-10T04:03:48.971+09:00,Hoseop Shin,KeyEvent,65535:20:0,singleton_class,Editor,C:/Users/hoseop/CLionProjects/singleton_class/SharedPreferences.cpp,,8,17,Default task
2023-01-10T04:03:49.132+09:00,Hoseop Shin,KeyEvent,80:80:0,singleton_class,Editor,C:/Users/hoseop/CLionProjects/singleton_class/SharedPreferences.cpp,,8,17,Default task
2023-01-10T04:03:49.226+09:00,Hoseop Shin,KeyEvent,65535:20:0,singleton_class,Editor,C:/Users/hoseop/CLionProjects/singleton_class/SharedPreferences.cpp,,8,18,Default task
2023-01-10T04:03:49.307+09:00,Hoseop Shin,KeyEvent,65535:20:0,singleton_class,Editor,C:/Users/hoseop/CLionProjects/singleton_class/SharedPreferences.cpp,,8,18,Default task
2023-01-10T04:03:49.470+09:00,Hoseop Shin,KeyEvent,82:82:0,singleton_class,Editor,C:/Users/hoseop/CLionProjects/singleton_class/SharedPreferences.cpp,,8,18,Default task
2023-01-10T04:03:49.619+09:00,Hoseop Shin,KeyEvent,69:69:0,singleton_class,Editor,C:/Users/hoseop/CLionProjects/singleton_class/SharedPreferences.cpp,,8,19,Default task
2023-01-10T04:03:50.309+09:00,Hoseop Shin,KeyEvent,70:70:0,singleton_class,Editor,C:/Users/hoseop/CLionProjects/singleton_class/SharedPreferences.cpp,,8,20,Default task
2023-01-10T04:03:50.656+09:00,Hoseop Shin,Action,EditorBackSpace,singleton_class,Editor,C:/Users/hoseop/CLionProjects/singleton_class/SharedPreferences.cpp,,8,21,Default task
2023-01-10T04:03:50.666+09:00,Hoseop Shin,KeyEvent,8:8:0,singleton_class,Editor,C:/Users/hoseop/CLionProjects/singleton_class/SharedPreferences.cpp,,8,20,Default task
2023-01-10T04:03:50.802+09:00,Hoseop Shin,Action,EditorBackSpace,singleton_class,Editor,C:/Users/hoseop/CLionProjects/singleton_class/SharedPreferences.cpp,,8,20,Default task
2023-01-10T04:03:50.821+09:00,Hoseop Shin,KeyEvent,8:8:0,singleton_class,Editor,C:/Users/hoseop/CLionProjects/singleton_class/SharedPreferences.cpp,,8,19,Default task
2023-01-10T04:03:50.941+09:00,Hoseop Shin,Action,EditorBackSpace,singleton_class,Editor,C:/Users/hoseop/CLionProjects/singleton_class/SharedPreferences.cpp,,8,19,Default task
2023-01-10T04:03:50.962+09:00,Hoseop Shin,KeyEvent,8:8:0,singleton_class,Editor,C:/Users/hoseop/CLionProjects/singleton_class/SharedPreferences.cpp,,8,18,Default task
2023-01-10T04:03:51.106+09:00,Hoseop Shin,KeyEvent,65535:20:0,singleton_class,Editor,C:/Users/hoseop/CLionProjects/singleton_class/SharedPreferences.cpp,,8,18,Default task
2023-01-10T04:03:51.228+09:00,Hoseop Shin,KeyEvent,112:80:0,singleton_class,Editor,C:/Users/hoseop/CLionProjects/singleton_class/SharedPreferences.cpp,,8,18,Default task
2023-01-10T04:03:51.716+09:00,Hoseop Shin,Action,EditorBackSpace,singleton_class,Editor,C:/Users/hoseop/CLionProjects/singleton_class/SharedPreferences.cpp,,8,19,Default task
2023-01-10T04:03:51.719+09:00,Hoseop Shin,KeyEvent,8:8:0,singleton_class,Editor,C:/Users/hoseop/CLionProjects/singleton_class/SharedPreferences.cpp,,8,18,Default task
2023-01-10T04:03:51.879+09:00,Hoseop Shin,KeyEvent,114:82:0,singleton_class,Editor,C:/Users/hoseop/CLionProjects/singleton_class/SharedPreferences.cpp,,8,18,Default task
2023-01-10T04:03:52.005+09:00,Hoseop Shin,KeyEvent,101:69:0,singleton_class,Editor,C:/Users/hoseop/CLionProjects/singleton_class/SharedPreferences.cpp,,8,19,Default task
2023-01-10T04:03:52.429+09:00,Hoseop Shin,KeyEvent,102:70:0,singleton_class,Editor,C:/Users/hoseop/CLionProjects/singleton_class/SharedPreferences.cpp,,8,20,Default task
2023-01-10T04:03:52.580+09:00,Hoseop Shin,KeyEvent,101:69:0,singleton_class,Editor,C:/Users/hoseop/CLionProjects/singleton_class/SharedPreferences.cpp,,8,21,Default task
2023-01-10T04:03:52.800+09:00,Hoseop Shin,KeyEvent,114:82:0,singleton_class,Editor,C:/Users/hoseop/CLionProjects/singleton_class/SharedPreferences.cpp,,8,22,Default task
2023-01-10T04:03:53.014+09:00,Hoseop Shin,KeyEvent,110:78:0,singleton_class,Editor,C:/Users/hoseop/CLionProjects/singleton_class/SharedPreferences.cpp,,8,23,Default task
2023-01-10T04:03:53.423+09:00,Hoseop Shin,KeyEvent,99:67:0,singleton_class,Editor,C:/Users/hoseop/CLionProjects/singleton_class/SharedPreferences.cpp,,8,24,Default task
2023-01-10T04:03:53.845+09:00,Hoseop Shin,Action,EditorBackSpace,singleton_class,Editor,C:/Users/hoseop/CLionProjects/singleton_class/SharedPreferences.cpp,,8,25,Default task
2023-01-10T04:03:53.863+09:00,Hoseop Shin,KeyEvent,8:8:0,singleton_class,Editor,C:/Users/hoseop/CLionProjects/singleton_class/SharedPreferences.cpp,,8,24,Default task
2023-01-10T04:03:53.968+09:00,Hoseop Shin,Action,EditorBackSpace,singleton_class,Editor,C:/Users/hoseop/CLionProjects/singleton_class/SharedPreferences.cpp,,8,24,Default task
2023-01-10T04:03:53.980+09:00,Hoseop Shin,KeyEvent,8:8:0,singleton_class,Editor,C:/Users/hoseop/CLionProjects/singleton_class/SharedPreferences.cpp,,8,23,Default task
2023-01-10T04:03:54.079+09:00,Hoseop Shin,KeyEvent,101:69:0,singleton_class,Editor,C:/Users/hoseop/CLionProjects/singleton_class/SharedPreferences.cpp,,8,23,Default task
2023-01-10T04:03:54.203+09:00,Hoseop Shin,KeyEvent,110:78:0,singleton_class,Editor,C:/Users/hoseop/CLionProjects/singleton_class/SharedPreferences.cpp,,8,24,Default task
2023-01-10T04:03:54.353+09:00,Hoseop Shin,KeyEvent,99:67:0,singleton_class,Editor,C:/Users/hoseop/CLionProjects/singleton_class/SharedPreferences.cpp,,8,25,Default task
2023-01-10T04:03:54.591+09:00,Hoseop Shin,KeyEvent,101:69:0,singleton_class,Editor,C:/Users/hoseop/CLionProjects/singleton_class/SharedPreferences.cpp,,8,26,Default task
2023-01-10T04:03:55.125+09:00,Hoseop Shin,KeyEvent,115:83:0,singleton_class,Editor,C:/Users/hoseop/CLionProjects/singleton_class/SharedPreferences.cpp,,8,27,Default task
2023-01-10T04:03:55.518+09:00,Hoseop Shin,KeyEvent,59:59:0,singleton_class,Editor,C:/Users/hoseop/CLionProjects/singleton_class/SharedPreferences.cpp,,8,28,Default task
2023-01-10T04:04:01.564+09:00,Hoseop Shin,Action,EditorBackSpace,singleton_class,Editor,C:/Users/hoseop/CLionProjects/singleton_class/SharedPreferences.cpp,,9,4,Default task
2023-01-10T04:04:01.573+09:00,Hoseop Shin,KeyEvent,8:8:0,singleton_class,Editor,C:/Users/hoseop/CLionProjects/singleton_class/SharedPreferences.cpp,,9,4,Default task
2023-01-10T04:04:02.058+09:00,Hoseop Shin,Action,EditorBackSpace,singleton_class,Editor,C:/Users/hoseop/CLionProjects/singleton_class/SharedPreferences.cpp,,9,4,Default task
2023-01-10T04:04:02.077+09:00,Hoseop Shin,KeyEvent,8:8:0,singleton_class,Editor,C:/Users/hoseop/CLionProjects/singleton_class/SharedPreferences.cpp,,8,29,Default task
2023-01-10T04:04:03.796+09:00,Hoseop Shin,KeyEvent,65535:16:1,singleton_class,Editor,C:/Users/hoseop/CLionProjects/singleton_class/SharedPreferences.cpp,,8,29,Default task
2023-01-10T04:04:03.855+09:00,Hoseop Shin,Action,Run,singleton_class,Editor,C:/Users/hoseop/CLionProjects/singleton_class/SharedPreferences.cpp,,8,29,Default task
2023-01-10T04:04:03.864+09:00,Hoseop Shin,KeyEvent,65535:121:1,singleton_class,Editor,C:/Users/hoseop/CLionProjects/singleton_class/SharedPreferences.cpp,,8,29,Default task
2023-01-10T04:04:28.065+09:00,Hoseop Shin,KeyEvent,65535:17:2,singleton_class,Editor,C:/Users/hoseop/CLionProjects/singleton_class/SharedPreferences.cpp,,8,13,Default task
2023-01-10T04:04:28.153+09:00,Hoseop Shin,KeyEvent,65535:18:10,singleton_class,Editor,C:/Users/hoseop/CLionProjects/singleton_class/SharedPreferences.cpp,,8,13,Default task
2023-01-10T04:04:28.299+09:00,Hoseop Shin,KeyEvent,65535:16:11,singleton_class,Editor,C:/Users/hoseop/CLionProjects/singleton_class/SharedPreferences.cpp,,8,13,Default task
2023-01-10T04:04:28.458+09:00,Hoseop Shin,Action,ActivityTracker-Popup,singleton_class,Editor,C:/Users/hoseop/CLionProjects/singleton_class/SharedPreferences.cpp,,8,13,Default task
2023-01-10T04:04:28.500+09:00,Hoseop Shin,KeyEvent,65535:79:11,singleton_class,Editor,C:/Users/hoseop/CLionProjects/singleton_class/SharedPreferences.cpp,,8,13,Default task
2023-01-10T04:04:33.823+09:00,Hoseop Shin,Action,RevealIn,singleton_class,Popup,C:/Users/hoseop/AppData/Roaming/JetBrains/CLion2022.3/plugins/activity-tracker/ide-events.csv,,0,0,Default task
