2023-01-11T01:29:17.745+09:00,Hoseop Shin,KeyEvent,65535:17:2,constructor,Project,C:/Users/hoseop/CLionProjects/constructor/Vehicle.cpp,,13,0,Default task
2023-01-11T01:29:17.855+09:00,Hoseop Shin,Action,$Copy,constructor,Project,C:/Users/hoseop/CLionProjects/constructor/Vehicle.cpp,,13,0,Default task
2023-01-11T01:29:17.863+09:00,Hoseop Shin,KeyEvent,3:67:2,constructor,Project,C:/Users/hoseop/CLionProjects/constructor/Vehicle.cpp,,13,0,Default task
2023-01-11T01:29:21.027+09:00,Hoseop Shin,KeyEvent,65535:17:2,constructor,Project,C:/Users/hoseop/CLionProjects/constructor/Vehicle.cpp,,13,0,Default task
2023-01-11T01:29:21.119+09:00,Hoseop Shin,Action,$Copy,constructor,Project,C:/Users/hoseop/CLionProjects/constructor/Vehicle.cpp,,13,0,Default task
2023-01-11T01:29:21.128+09:00,Hoseop Shin,KeyEvent,3:67:2,constructor,Project,C:/Users/hoseop/CLionProjects/constructor/Vehicle.cpp,,13,0,Default task
2023-01-11T01:31:19.007+09:00,Hoseop Shin,Action,OpenFile,constructor,Popup,C:/Users/hoseop/CLionProjects/constructor/Vehicle.cpp,,13,0,Default task
2023-01-11T01:31:21.908+09:00,Hoseop Shin,Action,FileChooser.GotoProject,constructor,Popup,C:/Users/hoseop/CLionProjects/constructor/Vehicle.cpp,,13,0,Default task
2023-01-11T01:31:53.824+09:00,Hoseop Shin,Action,CPP.CreateCMakeProject,constructor,Popup,C:/Users/hoseop/CLionProjects/constructor/Vehicle.cpp,,13,0,Default task
2023-01-11T01:31:56.820+09:00,Hoseop Shin,KeyEvent,105:73:0,constructor,Popup,C:/Users/hoseop/CLionProjects/constructor/Vehicle.cpp,,13,0,Default task
2023-01-11T01:31:56.936+09:00,Hoseop Shin,KeyEvent,110:78:0,constructor,Popup,C:/Users/hoseop/CLionProjects/constructor/Vehicle.cpp,,13,0,Default task
2023-01-11T01:31:57.051+09:00,Hoseop Shin,KeyEvent,105:73:0,constructor,Popup,C:/Users/hoseop/CLionProjects/constructor/Vehicle.cpp,,13,0,Default task
2023-01-11T01:31:57.470+09:00,Hoseop Shin,KeyEvent,116:84:0,constructor,Popup,C:/Users/hoseop/CLionProjects/constructor/Vehicle.cpp,,13,0,Default task
2023-01-11T01:31:57.589+09:00,Hoseop Shin,KeyEvent,105:73:0,constructor,Popup,C:/Users/hoseop/CLionProjects/constructor/Vehicle.cpp,,13,0,Default task
2023-01-11T01:31:57.896+09:00,Hoseop Shin,KeyEvent,97:65:0,constructor,Popup,C:/Users/hoseop/CLionProjects/constructor/Vehicle.cpp,,13,0,Default task
2023-01-11T01:31:58.015+09:00,Hoseop Shin,KeyEvent,108:76:0,constructor,Popup,C:/Users/hoseop/CLionProjects/constructor/Vehicle.cpp,,13,0,Default task
2023-01-11T01:31:58.494+09:00,Hoseop Shin,KeyEvent,105:73:0,constructor,Popup,C:/Users/hoseop/CLionProjects/constructor/Vehicle.cpp,,13,0,Default task
2023-01-11T01:31:58.997+09:00,Hoseop Shin,KeyEvent,122:90:0,constructor,Popup,C:/Users/hoseop/CLionProjects/constructor/Vehicle.cpp,,13,0,Default task
2023-01-11T01:31:59.224+09:00,Hoseop Shin,KeyEvent,101:69:0,constructor,Popup,C:/Users/hoseop/CLionProjects/constructor/Vehicle.cpp,,13,0,Default task
2023-01-11T01:31:59.361+09:00,Hoseop Shin,KeyEvent,114:82:0,constructor,Popup,C:/Users/hoseop/CLionProjects/constructor/Vehicle.cpp,,13,0,Default task
2023-01-11T01:31:59.911+09:00,Hoseop Shin,KeyEvent,65535:16:1,constructor,Popup,C:/Users/hoseop/CLionProjects/constructor/Vehicle.cpp,,13,0,Default task
2023-01-11T01:31:59.990+09:00,Hoseop Shin,KeyEvent,95:45:1,constructor,Popup,C:/Users/hoseop/CLionProjects/constructor/Vehicle.cpp,,13,0,Default task
2023-01-11T01:32:00.666+09:00,Hoseop Shin,KeyEvent,108:76:0,constructor,Popup,C:/Users/hoseop/CLionProjects/constructor/Vehicle.cpp,,13,0,Default task
2023-01-11T01:32:00.764+09:00,Hoseop Shin,KeyEvent,105:73:0,constructor,Popup,C:/Users/hoseop/CLionProjects/constructor/Vehicle.cpp,,13,0,Default task
2023-01-11T01:32:00.850+09:00,Hoseop Shin,KeyEvent,115:83:0,constructor,Popup,C:/Users/hoseop/CLionProjects/constructor/Vehicle.cpp,,13,0,Default task
2023-01-11T01:32:00.962+09:00,Hoseop Shin,KeyEvent,116:84:0,constructor,Popup,C:/Users/hoseop/CLionProjects/constructor/Vehicle.cpp,,13,0,Default task
2023-01-11T01:32:25.003+09:00,Hoseop Shin,Action,CPP.CreateCMakeProject,initializer_list,Editor,C:/Users/hoseop/CLionProjects/initializer_list/main.cpp,,8,1,Default task
2023-01-11T01:32:30.048+09:00,Hoseop Shin,KeyEvent,105:73:0,initializer_list,Editor,C:/Users/hoseop/CLionProjects/initializer_list/main.cpp,,8,1,Default task
2023-01-11T01:32:30.169+09:00,Hoseop Shin,KeyEvent,110:78:0,initializer_list,Editor,C:/Users/hoseop/CLionProjects/initializer_list/main.cpp,,8,1,Default task
2023-01-11T01:32:30.272+09:00,Hoseop Shin,KeyEvent,105:73:0,initializer_list,Editor,C:/Users/hoseop/CLionProjects/initializer_list/main.cpp,,8,1,Default task
2023-01-11T01:32:31.362+09:00,Hoseop Shin,KeyEvent,116:84:0,initializer_list,Editor,C:/Users/hoseop/CLionProjects/initializer_list/main.cpp,,8,1,Default task
2023-01-11T01:32:31.479+09:00,Hoseop Shin,KeyEvent,105:73:0,initializer_list,Editor,C:/Users/hoseop/CLionProjects/initializer_list/main.cpp,,8,1,Default task
2023-01-11T01:32:31.604+09:00,Hoseop Shin,KeyEvent,97:65:0,initializer_list,Editor,C:/Users/hoseop/CLionProjects/initializer_list/main.cpp,,8,1,Default task
2023-01-11T01:32:31.737+09:00,Hoseop Shin,KeyEvent,108:76:0,initializer_list,Editor,C:/Users/hoseop/CLionProjects/initializer_list/main.cpp,,8,1,Default task
2023-01-11T01:32:32.561+09:00,Hoseop Shin,KeyEvent,105:73:0,initializer_list,Editor,C:/Users/hoseop/CLionProjects/initializer_list/main.cpp,,8,1,Default task
2023-01-11T01:32:32.735+09:00,Hoseop Shin,KeyEvent,122:90:0,initializer_list,Editor,C:/Users/hoseop/CLionProjects/initializer_list/main.cpp,,8,1,Default task
2023-01-11T01:32:32.941+09:00,Hoseop Shin,KeyEvent,101:69:0,initializer_list,Editor,C:/Users/hoseop/CLionProjects/initializer_list/main.cpp,,8,1,Default task
2023-01-11T01:32:33.019+09:00,Hoseop Shin,KeyEvent,114:82:0,initializer_list,Editor,C:/Users/hoseop/CLionProjects/initializer_list/main.cpp,,8,1,Default task
2023-01-11T01:32:34.191+09:00,Hoseop Shin,KeyEvent,65535:16:1,initializer_list,Editor,C:/Users/hoseop/CLionProjects/initializer_list/main.cpp,,8,1,Default task
2023-01-11T01:32:34.279+09:00,Hoseop Shin,KeyEvent,95:45:1,initializer_list,Editor,C:/Users/hoseop/CLionProjects/initializer_list/main.cpp,,8,1,Default task
2023-01-11T01:32:35.130+09:00,Hoseop Shin,KeyEvent,108:76:0,initializer_list,Editor,C:/Users/hoseop/CLionProjects/initializer_list/main.cpp,,8,1,Default task
2023-01-11T01:32:35.243+09:00,Hoseop Shin,KeyEvent,115:83:0,initializer_list,Editor,C:/Users/hoseop/CLionProjects/initializer_list/main.cpp,,8,1,Default task
2023-01-11T01:32:35.391+09:00,Hoseop Shin,KeyEvent,116:84:0,initializer_list,Editor,C:/Users/hoseop/CLionProjects/initializer_list/main.cpp,,8,1,Default task
2023-01-11T01:33:05.081+09:00,Hoseop Shin,KeyEvent,65535:17:2,initializer_lst,Editor,C:/Users/hoseop/CLionProjects/initializer_lst/main.cpp,,0,0,Default task
2023-01-11T01:33:05.139+09:00,Hoseop Shin,Action,EditorPaste,initializer_lst,Editor,C:/Users/hoseop/CLionProjects/initializer_lst/main.cpp,,0,0,Default task
2023-01-11T01:33:05.228+09:00,Hoseop Shin,KeyEvent,22:86:2,initializer_lst,Editor,C:/Users/hoseop/CLionProjects/initializer_lst/main.cpp,,24,1,Default task
2023-01-11T01:33:08.670+09:00,Hoseop Shin,KeyEvent,65535:18:8,initializer_lst,Project,C:/Users/hoseop/CLionProjects/initializer_lst/main.cpp,,24,1,Default task
2023-01-11T01:33:08.789+09:00,Hoseop Shin,Action,ActivateProjectToolWindow,initializer_lst,Project,C:/Users/hoseop/CLionProjects/initializer_lst/main.cpp,,24,1,Default task
2023-01-11T01:33:08.798+09:00,Hoseop Shin,KeyEvent,49:49:8,initializer_lst,Project,C:/Users/hoseop/CLionProjects/initializer_lst/main.cpp,,24,1,Default task
2023-01-11T01:41:13.640+09:00,Hoseop Shin,Action,EditorBackSpace,initializer_lst,Editor,C:/Users/hoseop/CLionProjects/initializer_lst/main.cpp,,11,9,Default task
2023-01-11T01:41:13.648+09:00,Hoseop Shin,KeyEvent,8:8:0,initializer_lst,Editor,C:/Users/hoseop/CLionProjects/initializer_lst/main.cpp,,11,9,Default task
2023-01-11T01:41:13.765+09:00,Hoseop Shin,Action,EditorBackSpace,initializer_lst,Editor,C:/Users/hoseop/CLionProjects/initializer_lst/main.cpp,,11,9,Default task
2023-01-11T01:41:13.771+09:00,Hoseop Shin,KeyEvent,8:8:0,initializer_lst,Editor,C:/Users/hoseop/CLionProjects/initializer_lst/main.cpp,,11,8,Default task
2023-01-11T01:41:14.460+09:00,Hoseop Shin,KeyEvent,99:67:0,initializer_lst,Editor,C:/Users/hoseop/CLionProjects/initializer_lst/main.cpp,,11,8,Default task
2023-01-11T01:41:14.540+09:00,Hoseop Shin,KeyEvent,111:79:0,initializer_lst,Editor,C:/Users/hoseop/CLionProjects/initializer_lst/main.cpp,,11,9,Default task
2023-01-11T01:41:14.644+09:00,Hoseop Shin,KeyEvent,110:78:0,initializer_lst,Editor,C:/Users/hoseop/CLionProjects/initializer_lst/main.cpp,,11,10,Default task
2023-01-11T01:41:14.856+09:00,Hoseop Shin,KeyEvent,116:84:0,initializer_lst,Editor,C:/Users/hoseop/CLionProjects/initializer_lst/main.cpp,,11,11,Default task
2023-01-11T01:41:15.014+09:00,Hoseop Shin,KeyEvent,97:65:0,initializer_lst,Editor,C:/Users/hoseop/CLionProjects/initializer_lst/main.cpp,,11,12,Default task
2023-01-11T01:41:15.285+09:00,Hoseop Shin,KeyEvent,99:67:0,initializer_lst,Editor,C:/Users/hoseop/CLionProjects/initializer_lst/main.cpp,,11,13,Default task
2023-01-11T01:41:15.474+09:00,Hoseop Shin,KeyEvent,107:75:0,initializer_lst,Editor,C:/Users/hoseop/CLionProjects/initializer_lst/main.cpp,,11,14,Default task
2023-01-11T01:41:15.965+09:00,Hoseop Shin,Action,EditorBackSpace,initializer_lst,Editor,C:/Users/hoseop/CLionProjects/initializer_lst/main.cpp,,11,15,Default task
2023-01-11T01:41:15.972+09:00,Hoseop Shin,KeyEvent,8:8:0,initializer_lst,Editor,C:/Users/hoseop/CLionProjects/initializer_lst/main.cpp,,11,14,Default task
2023-01-11T01:41:16.041+09:00,Hoseop Shin,KeyEvent,116:84:0,initializer_lst,Editor,C:/Users/hoseop/CLionProjects/initializer_lst/main.cpp,,11,14,Default task
2023-01-11T01:41:16.309+09:00,Hoseop Shin,KeyEvent,115:83:0,initializer_lst,Editor,C:/Users/hoseop/CLionProjects/initializer_lst/main.cpp,,11,15,Default task
2023-01-11T01:41:24.502+09:00,Hoseop Shin,KeyEvent,46:46:0,initializer_lst,Editor,C:/Users/hoseop/CLionProjects/initializer_lst/main.cpp,,11,16,Default task
2023-01-11T01:41:25.266+09:00,Hoseop Shin,KeyEvent,105:73:0,initializer_lst,Editor,C:/Users/hoseop/CLionProjects/initializer_lst/main.cpp,,11,17,Default task
2023-01-11T01:41:25.371+09:00,Hoseop Shin,KeyEvent,110:78:0,initializer_lst,Editor,C:/Users/hoseop/CLionProjects/initializer_lst/main.cpp,,11,18,Default task
2023-01-11T01:41:25.561+09:00,Hoseop Shin,KeyEvent,115:83:0,initializer_lst,Editor,C:/Users/hoseop/CLionProjects/initializer_lst/main.cpp,,11,19,Default task
2023-01-11T01:41:25.687+09:00,Hoseop Shin,KeyEvent,101:69:0,initializer_lst,Editor,C:/Users/hoseop/CLionProjects/initializer_lst/main.cpp,,11,20,Default task
2023-01-11T01:41:25.844+09:00,Hoseop Shin,KeyEvent,114:82:0,initializer_lst,Editor,C:/Users/hoseop/CLionProjects/initializer_lst/main.cpp,,11,21,Default task
2023-01-11T01:41:26.010+09:00,Hoseop Shin,KeyEvent,116:84:0,initializer_lst,Editor,C:/Users/hoseop/CLionProjects/initializer_lst/main.cpp,,11,22,Default task
2023-01-11T01:41:27.048+09:00,Hoseop Shin,KeyEvent,65535:16:1,initializer_lst,Editor,C:/Users/hoseop/CLionProjects/initializer_lst/main.cpp,,11,23,Default task
2023-01-11T01:41:27.170+09:00,Hoseop Shin,KeyEvent,40:57:1,initializer_lst,Editor,C:/Users/hoseop/CLionProjects/initializer_lst/main.cpp,,11,23,Default task
2023-01-11T01:41:28.529+09:00,Hoseop Shin,KeyEvent,108:76:0,initializer_lst,Editor,C:/Users/hoseop/CLionProjects/initializer_lst/main.cpp,,11,24,Default task
2023-01-11T01:41:28.680+09:00,Hoseop Shin,KeyEvent,115:83:0,initializer_lst,Editor,C:/Users/hoseop/CLionProjects/initializer_lst/main.cpp,,11,25,Default task
2023-01-11T01:41:28.796+09:00,Hoseop Shin,KeyEvent,116:84:0,initializer_lst,Editor,C:/Users/hoseop/CLionProjects/initializer_lst/main.cpp,,11,26,Default task
2023-01-11T01:41:29.312+09:00,Hoseop Shin,Action,EditorRight,initializer_lst,Editor,C:/Users/hoseop/CLionProjects/initializer_lst/main.cpp,,11,27,Default task
2023-01-11T01:41:29.321+09:00,Hoseop Shin,KeyEvent,65535:39:0,initializer_lst,Editor,C:/Users/hoseop/CLionProjects/initializer_lst/main.cpp,,11,28,Default task
2023-01-11T01:41:29.852+09:00,Hoseop Shin,KeyEvent,59:59:0,initializer_lst,Editor,C:/Users/hoseop/CLionProjects/initializer_lst/main.cpp,,11,28,Default task
2023-01-11T01:41:43.500+09:00,Hoseop Shin,KeyEvent,27:27:0,initializer_lst,Editor,C:/Users/hoseop/CLionProjects/initializer_lst/main.cpp,,11,29,Default task
2023-01-11T01:42:32.029+09:00,Hoseop Shin,KeyEvent,65535:18:8,initializer_lst,Editor,C:/Users/hoseop/CLionProjects/initializer_lst/main.cpp,,11,9,Default task
2023-01-11T01:42:32.098+09:00,Hoseop Shin,Action,ShowIntentionActions,initializer_lst,Editor,C:/Users/hoseop/CLionProjects/initializer_lst/main.cpp,,11,9,Default task
2023-01-11T01:42:32.146+09:00,Hoseop Shin,KeyEvent,10:10:8,initializer_lst,Editor,C:/Users/hoseop/CLionProjects/initializer_lst/main.cpp,,11,9,Default task
2023-01-11T01:42:33.118+09:00,Hoseop Shin,KeyEvent,65535:18:8,initializer_lst,Editor,C:/Users/hoseop/CLionProjects/initializer_lst/main.cpp,,11,9,Default task
2023-01-11T01:42:33.248+09:00,Hoseop Shin,Action,ShowIntentionActions,initializer_lst,Editor,C:/Users/hoseop/CLionProjects/initializer_lst/main.cpp,,11,9,Default task
2023-01-11T01:42:33.295+09:00,Hoseop Shin,KeyEvent,10:10:8,initializer_lst,Editor,C:/Users/hoseop/CLionProjects/initializer_lst/main.cpp,,11,9,Default task
2023-01-11T01:42:44.787+09:00,Hoseop Shin,Action,EditorEnter,initializer_lst,Editor,C:/Users/hoseop/CLionProjects/initializer_lst/main.cpp,,11,8,Default task
2023-01-11T01:42:44.796+09:00,Hoseop Shin,KeyEvent,10:10:0,initializer_lst,Editor,C:/Users/hoseop/CLionProjects/initializer_lst/main.cpp,,12,8,Default task
2023-01-11T01:42:45.151+09:00,Hoseop Shin,Action,EditorUp,initializer_lst,Editor,C:/Users/hoseop/CLionProjects/initializer_lst/main.cpp,,12,8,Default task
2023-01-11T01:42:45.154+09:00,Hoseop Shin,KeyEvent,65535:38:0,initializer_lst,Editor,C:/Users/hoseop/CLionProjects/initializer_lst/main.cpp,,11,8,Default task
2023-01-11T01:42:45.549+09:00,Hoseop Shin,KeyEvent,102:70:0,initializer_lst,Editor,C:/Users/hoseop/CLionProjects/initializer_lst/main.cpp,,11,8,Default task
2023-01-11T01:42:45.634+09:00,Hoseop Shin,KeyEvent,111:79:0,initializer_lst,Editor,C:/Users/hoseop/CLionProjects/initializer_lst/main.cpp,,11,9,Default task
2023-01-11T01:42:45.747+09:00,Hoseop Shin,KeyEvent,114:82:0,initializer_lst,Editor,C:/Users/hoseop/CLionProjects/initializer_lst/main.cpp,,11,10,Default task
2023-01-11T01:42:45.890+09:00,Hoseop Shin,KeyEvent,32:32:0,initializer_lst,Editor,C:/Users/hoseop/CLionProjects/initializer_lst/main.cpp,,11,11,Default task
2023-01-11T01:42:46.689+09:00,Hoseop Shin,KeyEvent,65535:16:1,initializer_lst,Editor,C:/Users/hoseop/CLionProjects/initializer_lst/main.cpp,,11,12,Default task
2023-01-11T01:42:46.806+09:00,Hoseop Shin,KeyEvent,40:57:1,initializer_lst,Editor,C:/Users/hoseop/CLionProjects/initializer_lst/main.cpp,,11,12,Default task
2023-01-11T01:42:47.096+09:00,Hoseop Shin,KeyEvent,97:65:0,initializer_lst,Editor,C:/Users/hoseop/CLionProjects/initializer_lst/main.cpp,,11,13,Default task
2023-01-11T01:42:47.171+09:00,Hoseop Shin,KeyEvent,117:85:0,initializer_lst,Editor,C:/Users/hoseop/CLionProjects/initializer_lst/main.cpp,,11,14,Default task
2023-01-11T01:42:47.300+09:00,Hoseop Shin,KeyEvent,116:84:0,initializer_lst,Editor,C:/Users/hoseop/CLionProjects/initializer_lst/main.cpp,,11,15,Default task
2023-01-11T01:42:47.380+09:00,Hoseop Shin,KeyEvent,111:79:0,initializer_lst,Editor,C:/Users/hoseop/CLionProjects/initializer_lst/main.cpp,,11,16,Default task
2023-01-11T01:42:47.611+09:00,Hoseop Shin,KeyEvent,32:32:0,initializer_lst,Editor,C:/Users/hoseop/CLionProjects/initializer_lst/main.cpp,,11,17,Default task
2023-01-11T01:42:49.966+09:00,Hoseop Shin,KeyEvent,105:73:0,initializer_lst,Editor,C:/Users/hoseop/CLionProjects/initializer_lst/main.cpp,,11,18,Default task
2023-01-11T01:42:50.296+09:00,Hoseop Shin,KeyEvent,65535:16:1,initializer_lst,Editor,C:/Users/hoseop/CLionProjects/initializer_lst/main.cpp,,11,19,Default task
2023-01-11T01:42:50.372+09:00,Hoseop Shin,KeyEvent,58:59:1,initializer_lst,Editor,C:/Users/hoseop/CLionProjects/initializer_lst/main.cpp,,11,19,Default task
2023-01-11T01:42:51.171+09:00,Hoseop Shin,KeyEvent,108:76:0,initializer_lst,Editor,C:/Users/hoseop/CLionProjects/initializer_lst/main.cpp,,11,20,Default task
2023-01-11T01:42:51.612+09:00,Hoseop Shin,KeyEvent,115:83:0,initializer_lst,Editor,C:/Users/hoseop/CLionProjects/initializer_lst/main.cpp,,11,21,Default task
2023-01-11T01:42:51.773+09:00,Hoseop Shin,KeyEvent,116:84:0,initializer_lst,Editor,C:/Users/hoseop/CLionProjects/initializer_lst/main.cpp,,11,22,Default task
2023-01-11T01:42:52.950+09:00,Hoseop Shin,Action,EditorEscape,initializer_lst,Editor,C:/Users/hoseop/CLionProjects/initializer_lst/main.cpp,,11,23,Default task
2023-01-11T01:42:52.958+09:00,Hoseop Shin,KeyEvent,27:27:0,initializer_lst,Editor,C:/Users/hoseop/CLionProjects/initializer_lst/main.cpp,,11,23,Default task
2023-01-11T01:42:53.394+09:00,Hoseop Shin,Action,EditorDown,initializer_lst,Editor,C:/Users/hoseop/CLionProjects/initializer_lst/main.cpp,,11,23,Default task
2023-01-11T01:42:53.397+09:00,Hoseop Shin,KeyEvent,65535:40:0,initializer_lst,Editor,C:/Users/hoseop/CLionProjects/initializer_lst/main.cpp,,12,23,Default task
2023-01-11T01:42:54.089+09:00,Hoseop Shin,Action,EditorLineStart,initializer_lst,Editor,C:/Users/hoseop/CLionProjects/initializer_lst/main.cpp,,12,23,Default task
2023-01-11T01:42:54.092+09:00,Hoseop Shin,KeyEvent,65535:36:0,initializer_lst,Editor,C:/Users/hoseop/CLionProjects/initializer_lst/main.cpp,,12,8,Default task
2023-01-11T01:42:54.296+09:00,Hoseop Shin,Action,EditorTab,initializer_lst,Editor,C:/Users/hoseop/CLionProjects/initializer_lst/main.cpp,,12,8,Default task
2023-01-11T01:42:54.301+09:00,Hoseop Shin,KeyEvent,9:9:0,initializer_lst,Editor,C:/Users/hoseop/CLionProjects/initializer_lst/main.cpp,,12,12,Default task
2023-01-11T01:42:56.965+09:00,Hoseop Shin,Action,EditorLineEnd,initializer_lst,Editor,C:/Users/hoseop/CLionProjects/initializer_lst/main.cpp,,12,12,Default task
2023-01-11T01:42:56.969+09:00,Hoseop Shin,KeyEvent,65535:35:0,initializer_lst,Editor,C:/Users/hoseop/CLionProjects/initializer_lst/main.cpp,,12,33,Default task
2023-01-11T01:42:58.216+09:00,Hoseop Shin,Action,EditorUp,initializer_lst,Editor,C:/Users/hoseop/CLionProjects/initializer_lst/main.cpp,,12,33,Default task
2023-01-11T01:42:58.219+09:00,Hoseop Shin,KeyEvent,65535:38:0,initializer_lst,Editor,C:/Users/hoseop/CLionProjects/initializer_lst/main.cpp,,11,19,Default task
2023-01-11T01:42:58.416+09:00,Hoseop Shin,Action,EditorLeft,initializer_lst,Editor,C:/Users/hoseop/CLionProjects/initializer_lst/main.cpp,,11,19,Default task
2023-01-11T01:42:58.419+09:00,Hoseop Shin,KeyEvent,65535:37:0,initializer_lst,Editor,C:/Users/hoseop/CLionProjects/initializer_lst/main.cpp,,11,19,Default task
2023-01-11T01:42:58.914+09:00,Hoseop Shin,Action,EditorLeft,initializer_lst,Editor,C:/Users/hoseop/CLionProjects/initializer_lst/main.cpp,,11,19,Default task
2023-01-11T01:42:58.917+09:00,Hoseop Shin,KeyEvent,65535:37:0,initializer_lst,Editor,C:/Users/hoseop/CLionProjects/initializer_lst/main.cpp,,11,18,Default task
2023-01-11T01:42:58.946+09:00,Hoseop Shin,Action,EditorLeft,initializer_lst,Editor,C:/Users/hoseop/CLionProjects/initializer_lst/main.cpp,,11,18,Default task
2023-01-11T01:42:58.948+09:00,Hoseop Shin,KeyEvent,65535:37:0,initializer_lst,Editor,C:/Users/hoseop/CLionProjects/initializer_lst/main.cpp,,11,17,Default task
2023-01-11T01:42:58.977+09:00,Hoseop Shin,Action,EditorLeft,initializer_lst,Editor,C:/Users/hoseop/CLionProjects/initializer_lst/main.cpp,,11,17,Default task
2023-01-11T01:42:58.979+09:00,Hoseop Shin,KeyEvent,65535:37:0,initializer_lst,Editor,C:/Users/hoseop/CLionProjects/initializer_lst/main.cpp,,11,16,Default task
2023-01-11T01:42:59.010+09:00,Hoseop Shin,Action,EditorLeft,initializer_lst,Editor,C:/Users/hoseop/CLionProjects/initializer_lst/main.cpp,,11,16,Default task
2023-01-11T01:42:59.012+09:00,Hoseop Shin,KeyEvent,65535:37:0,initializer_lst,Editor,C:/Users/hoseop/CLionProjects/initializer_lst/main.cpp,,11,15,Default task
2023-01-11T01:42:59.042+09:00,Hoseop Shin,Action,EditorLeft,initializer_lst,Editor,C:/Users/hoseop/CLionProjects/initializer_lst/main.cpp,,11,15,Default task
2023-01-11T01:42:59.045+09:00,Hoseop Shin,KeyEvent,65535:37:0,initializer_lst,Editor,C:/Users/hoseop/CLionProjects/initializer_lst/main.cpp,,11,14,Default task
2023-01-11T01:42:59.074+09:00,Hoseop Shin,Action,EditorLeft,initializer_lst,Editor,C:/Users/hoseop/CLionProjects/initializer_lst/main.cpp,,11,14,Default task
2023-01-11T01:42:59.076+09:00,Hoseop Shin,KeyEvent,65535:37:0,initializer_lst,Editor,C:/Users/hoseop/CLionProjects/initializer_lst/main.cpp,,11,13,Default task
2023-01-11T01:42:59.373+09:00,Hoseop Shin,Action,EditorDown,initializer_lst,Editor,C:/Users/hoseop/CLionProjects/initializer_lst/main.cpp,,11,13,Default task
2023-01-11T01:42:59.375+09:00,Hoseop Shin,KeyEvent,65535:40:0,initializer_lst,Editor,C:/Users/hoseop/CLionProjects/initializer_lst/main.cpp,,12,13,Default task
2023-01-11T01:43:02.023+09:00,Hoseop Shin,Action,EditorLineEnd,initializer_lst,Editor,C:/Users/hoseop/CLionProjects/initializer_lst/main.cpp,,12,13,Default task
2023-01-11T01:43:02.026+09:00,Hoseop Shin,KeyEvent,65535:35:0,initializer_lst,Editor,C:/Users/hoseop/CLionProjects/initializer_lst/main.cpp,,12,33,Default task
2023-01-11T01:43:02.493+09:00,Hoseop Shin,Action,EditorLeft,initializer_lst,Editor,C:/Users/hoseop/CLionProjects/initializer_lst/main.cpp,,12,33,Default task
2023-01-11T01:43:02.495+09:00,Hoseop Shin,KeyEvent,65535:37:0,initializer_lst,Editor,C:/Users/hoseop/CLionProjects/initializer_lst/main.cpp,,12,32,Default task
2023-01-11T01:43:02.872+09:00,Hoseop Shin,Action,EditorLeft,initializer_lst,Editor,C:/Users/hoseop/CLionProjects/initializer_lst/main.cpp,,12,32,Default task
2023-01-11T01:43:02.880+09:00,Hoseop Shin,KeyEvent,65535:37:0,initializer_lst,Editor,C:/Users/hoseop/CLionProjects/initializer_lst/main.cpp,,12,31,Default task
2023-01-11T01:43:03.259+09:00,Hoseop Shin,Action,EditorBackSpace,initializer_lst,Editor,C:/Users/hoseop/CLionProjects/initializer_lst/main.cpp,,12,31,Default task
2023-01-11T01:43:03.263+09:00,Hoseop Shin,KeyEvent,8:8:0,initializer_lst,Editor,C:/Users/hoseop/CLionProjects/initializer_lst/main.cpp,,12,30,Default task
2023-01-11T01:43:03.381+09:00,Hoseop Shin,Action,EditorBackSpace,initializer_lst,Editor,C:/Users/hoseop/CLionProjects/initializer_lst/main.cpp,,12,30,Default task
2023-01-11T01:43:03.387+09:00,Hoseop Shin,KeyEvent,8:8:0,initializer_lst,Editor,C:/Users/hoseop/CLionProjects/initializer_lst/main.cpp,,12,29,Default task
2023-01-11T01:43:03.523+09:00,Hoseop Shin,Action,EditorBackSpace,initializer_lst,Editor,C:/Users/hoseop/CLionProjects/initializer_lst/main.cpp,,12,29,Default task
2023-01-11T01:43:03.540+09:00,Hoseop Shin,KeyEvent,8:8:0,initializer_lst,Editor,C:/Users/hoseop/CLionProjects/initializer_lst/main.cpp,,12,28,Default task
2023-01-11T01:43:04.084+09:00,Hoseop Shin,KeyEvent,105:73:0,initializer_lst,Editor,C:/Users/hoseop/CLionProjects/initializer_lst/main.cpp,,12,28,Default task
2023-01-11T01:43:05.295+09:00,Hoseop Shin,Action,EditorRight,initializer_lst,Editor,C:/Users/hoseop/CLionProjects/initializer_lst/main.cpp,,12,29,Default task
2023-01-11T01:43:05.312+09:00,Hoseop Shin,KeyEvent,65535:39:0,initializer_lst,Editor,C:/Users/hoseop/CLionProjects/initializer_lst/main.cpp,,12,30,Default task
2023-01-11T01:43:06.251+09:00,Hoseop Shin,Action,EditorRight,initializer_lst,Editor,C:/Users/hoseop/CLionProjects/initializer_lst/main.cpp,,12,30,Default task
2023-01-11T01:43:06.256+09:00,Hoseop Shin,KeyEvent,65535:39:0,initializer_lst,Editor,C:/Users/hoseop/CLionProjects/initializer_lst/main.cpp,,12,31,Default task
2023-01-11T01:43:21.539+09:00,Hoseop Shin,Action,EditorBackSpace,initializer_lst,Editor,C:/Users/hoseop/CLionProjects/initializer_lst/main.cpp,,15,11,Default task
2023-01-11T01:43:21.547+09:00,Hoseop Shin,KeyEvent,8:8:0,initializer_lst,Editor,C:/Users/hoseop/CLionProjects/initializer_lst/main.cpp,,15,11,Default task
2023-01-11T01:43:22.588+09:00,Hoseop Shin,Action,EditorBackSpace,initializer_lst,Editor,C:/Users/hoseop/CLionProjects/initializer_lst/main.cpp,,15,11,Default task
2023-01-11T01:43:22.597+09:00,Hoseop Shin,KeyEvent,8:8:0,initializer_lst,Editor,C:/Users/hoseop/CLionProjects/initializer_lst/main.cpp,,15,8,Default task
2023-01-11T01:43:40.293+09:00,Hoseop Shin,KeyEvent,102:70:0,initializer_lst,Editor,C:/Users/hoseop/CLionProjects/initializer_lst/main.cpp,,15,8,Default task
2023-01-11T01:43:40.391+09:00,Hoseop Shin,KeyEvent,111:79:0,initializer_lst,Editor,C:/Users/hoseop/CLionProjects/initializer_lst/main.cpp,,15,9,Default task
2023-01-11T01:43:40.452+09:00,Hoseop Shin,KeyEvent,114:82:0,initializer_lst,Editor,C:/Users/hoseop/CLionProjects/initializer_lst/main.cpp,,15,10,Default task
2023-01-11T01:43:40.874+09:00,Hoseop Shin,KeyEvent,32:32:0,initializer_lst,Editor,C:/Users/hoseop/CLionProjects/initializer_lst/main.cpp,,15,11,Default task
2023-01-11T01:43:40.991+09:00,Hoseop Shin,KeyEvent,65535:16:1,initializer_lst,Editor,C:/Users/hoseop/CLionProjects/initializer_lst/main.cpp,,15,12,Default task
2023-01-11T01:43:41.094+09:00,Hoseop Shin,KeyEvent,40:57:1,initializer_lst,Editor,C:/Users/hoseop/CLionProjects/initializer_lst/main.cpp,,15,12,Default task
2023-01-11T01:43:41.280+09:00,Hoseop Shin,KeyEvent,97:65:0,initializer_lst,Editor,C:/Users/hoseop/CLionProjects/initializer_lst/main.cpp,,15,13,Default task
2023-01-11T01:43:41.380+09:00,Hoseop Shin,KeyEvent,117:85:0,initializer_lst,Editor,C:/Users/hoseop/CLionProjects/initializer_lst/main.cpp,,15,14,Default task
2023-01-11T01:43:41.519+09:00,Hoseop Shin,KeyEvent,116:84:0,initializer_lst,Editor,C:/Users/hoseop/CLionProjects/initializer_lst/main.cpp,,15,15,Default task
2023-01-11T01:43:41.609+09:00,Hoseop Shin,KeyEvent,111:79:0,initializer_lst,Editor,C:/Users/hoseop/CLionProjects/initializer_lst/main.cpp,,15,16,Default task
2023-01-11T01:43:42.339+09:00,Hoseop Shin,KeyEvent,32:32:0,initializer_lst,Editor,C:/Users/hoseop/CLionProjects/initializer_lst/main.cpp,,15,17,Default task
2023-01-11T01:43:42.627+09:00,Hoseop Shin,KeyEvent,105:73:0,initializer_lst,Editor,C:/Users/hoseop/CLionProjects/initializer_lst/main.cpp,,15,18,Default task
2023-01-11T01:43:43.642+09:00,Hoseop Shin,KeyEvent,65535:16:1,initializer_lst,Editor,C:/Users/hoseop/CLionProjects/initializer_lst/main.cpp,,15,19,Default task
2023-01-11T01:43:43.759+09:00,Hoseop Shin,KeyEvent,58:59:1,initializer_lst,Editor,C:/Users/hoseop/CLionProjects/initializer_lst/main.cpp,,15,19,Default task
2023-01-11T01:43:47.448+09:00,Hoseop Shin,KeyEvent,99:67:0,initializer_lst,Editor,C:/Users/hoseop/CLionProjects/initializer_lst/main.cpp,,15,20,Default task
2023-01-11T01:43:47.543+09:00,Hoseop Shin,KeyEvent,111:79:0,initializer_lst,Editor,C:/Users/hoseop/CLionProjects/initializer_lst/main.cpp,,15,21,Default task
2023-01-11T01:43:47.632+09:00,Hoseop Shin,KeyEvent,110:78:0,initializer_lst,Editor,C:/Users/hoseop/CLionProjects/initializer_lst/main.cpp,,15,22,Default task
2023-01-11T01:43:48.029+09:00,Hoseop Shin,KeyEvent,115:83:0,initializer_lst,Editor,C:/Users/hoseop/CLionProjects/initializer_lst/main.cpp,,15,23,Default task
2023-01-11T01:43:48.191+09:00,Hoseop Shin,KeyEvent,116:84:0,initializer_lst,Editor,C:/Users/hoseop/CLionProjects/initializer_lst/main.cpp,,15,24,Default task
2023-01-11T01:43:48.392+09:00,Hoseop Shin,KeyEvent,97:65:0,initializer_lst,Editor,C:/Users/hoseop/CLionProjects/initializer_lst/main.cpp,,15,25,Default task
2023-01-11T01:43:48.662+09:00,Hoseop Shin,KeyEvent,99:67:0,initializer_lst,Editor,C:/Users/hoseop/CLionProjects/initializer_lst/main.cpp,,15,26,Default task
2023-01-11T01:43:48.838+09:00,Hoseop Shin,KeyEvent,107:75:0,initializer_lst,Editor,C:/Users/hoseop/CLionProjects/initializer_lst/main.cpp,,15,27,Default task
2023-01-11T01:43:49.558+09:00,Hoseop Shin,Action,EditorBackSpace,initializer_lst,Editor,C:/Users/hoseop/CLionProjects/initializer_lst/main.cpp,,15,28,Default task
2023-01-11T01:43:49.577+09:00,Hoseop Shin,KeyEvent,8:8:0,initializer_lst,Editor,C:/Users/hoseop/CLionProjects/initializer_lst/main.cpp,,15,27,Default task
2023-01-11T01:43:49.686+09:00,Hoseop Shin,KeyEvent,116:84:0,initializer_lst,Editor,C:/Users/hoseop/CLionProjects/initializer_lst/main.cpp,,15,27,Default task
2023-01-11T01:43:49.780+09:00,Hoseop Shin,KeyEvent,115:83:0,initializer_lst,Editor,C:/Users/hoseop/CLionProjects/initializer_lst/main.cpp,,15,28,Default task
2023-01-11T01:43:52.258+09:00,Hoseop Shin,Action,EditorLeft,initializer_lst,Editor,C:/Users/hoseop/CLionProjects/initializer_lst/main.cpp,,15,29,Default task
2023-01-11T01:43:52.264+09:00,Hoseop Shin,KeyEvent,65535:37:0,initializer_lst,Editor,C:/Users/hoseop/CLionProjects/initializer_lst/main.cpp,,15,28,Default task
2023-01-11T01:43:52.429+09:00,Hoseop Shin,Action,EditorLeft,initializer_lst,Editor,C:/Users/hoseop/CLionProjects/initializer_lst/main.cpp,,15,28,Default task
2023-01-11T01:43:52.433+09:00,Hoseop Shin,KeyEvent,65535:37:0,initializer_lst,Editor,C:/Users/hoseop/CLionProjects/initializer_lst/main.cpp,,15,27,Default task
2023-01-11T01:43:52.583+09:00,Hoseop Shin,Action,EditorLeft,initializer_lst,Editor,C:/Users/hoseop/CLionProjects/initializer_lst/main.cpp,,15,27,Default task
2023-01-11T01:43:52.588+09:00,Hoseop Shin,KeyEvent,65535:37:0,initializer_lst,Editor,C:/Users/hoseop/CLionProjects/initializer_lst/main.cpp,,15,26,Default task
2023-01-11T01:43:52.727+09:00,Hoseop Shin,Action,EditorLeft,initializer_lst,Editor,C:/Users/hoseop/CLionProjects/initializer_lst/main.cpp,,15,26,Default task
2023-01-11T01:43:52.734+09:00,Hoseop Shin,KeyEvent,65535:37:0,initializer_lst,Editor,C:/Users/hoseop/CLionProjects/initializer_lst/main.cpp,,15,25,Default task
2023-01-11T01:43:52.866+09:00,Hoseop Shin,Action,EditorLeft,initializer_lst,Editor,C:/Users/hoseop/CLionProjects/initializer_lst/main.cpp,,15,25,Default task
2023-01-11T01:43:52.868+09:00,Hoseop Shin,KeyEvent,65535:37:0,initializer_lst,Editor,C:/Users/hoseop/CLionProjects/initializer_lst/main.cpp,,15,24,Default task
2023-01-11T01:43:53.296+09:00,Hoseop Shin,Action,EditorBackSpace,initializer_lst,Editor,C:/Users/hoseop/CLionProjects/initializer_lst/main.cpp,,15,24,Default task
2023-01-11T01:43:53.299+09:00,Hoseop Shin,KeyEvent,8:8:0,initializer_lst,Editor,C:/Users/hoseop/CLionProjects/initializer_lst/main.cpp,,15,23,Default task
2023-01-11T01:43:53.826+09:00,Hoseop Shin,Action,EditorLineEnd,initializer_lst,Editor,C:/Users/hoseop/CLionProjects/initializer_lst/main.cpp,,15,23,Default task
2023-01-11T01:43:53.829+09:00,Hoseop Shin,KeyEvent,65535:35:0,initializer_lst,Editor,C:/Users/hoseop/CLionProjects/initializer_lst/main.cpp,,15,29,Default task
2023-01-11T01:43:54.771+09:00,Hoseop Shin,Action,EditorEnter,initializer_lst,Editor,C:/Users/hoseop/CLionProjects/initializer_lst/main.cpp,,15,29,Default task
2023-01-11T01:43:54.781+09:00,Hoseop Shin,KeyEvent,10:10:0,initializer_lst,Editor,C:/Users/hoseop/CLionProjects/initializer_lst/main.cpp,,16,12,Default task
2023-01-11T01:44:03.475+09:00,Hoseop Shin,KeyEvent,99:67:0,initializer_lst,Editor,C:/Users/hoseop/CLionProjects/initializer_lst/main.cpp,,16,12,Default task
2023-01-11T01:44:03.600+09:00,Hoseop Shin,KeyEvent,111:79:0,initializer_lst,Editor,C:/Users/hoseop/CLionProjects/initializer_lst/main.cpp,,16,13,Default task
2023-01-11T01:44:03.659+09:00,Hoseop Shin,KeyEvent,117:85:0,initializer_lst,Editor,C:/Users/hoseop/CLionProjects/initializer_lst/main.cpp,,16,14,Default task
2023-01-11T01:44:03.798+09:00,Hoseop Shin,KeyEvent,116:84:0,initializer_lst,Editor,C:/Users/hoseop/CLionProjects/initializer_lst/main.cpp,,16,15,Default task
2023-01-11T01:44:04.238+09:00,Hoseop Shin,KeyEvent,65535:16:1,initializer_lst,Editor,C:/Users/hoseop/CLionProjects/initializer_lst/main.cpp,,16,16,Default task
2023-01-11T01:44:04.324+09:00,Hoseop Shin,KeyEvent,60:44:1,initializer_lst,Editor,C:/Users/hoseop/CLionProjects/initializer_lst/main.cpp,,16,16,Default task
2023-01-11T01:44:04.784+09:00,Hoseop Shin,KeyEvent,65535:16:1,initializer_lst,Editor,C:/Users/hoseop/CLionProjects/initializer_lst/main.cpp,,16,17,Default task
2023-01-11T01:44:04.851+09:00,Hoseop Shin,KeyEvent,60:44:1,initializer_lst,Editor,C:/Users/hoseop/CLionProjects/initializer_lst/main.cpp,,16,17,Default task
2023-01-11T01:44:05.226+09:00,Hoseop Shin,Action,EditorLeft,initializer_lst,Editor,C:/Users/hoseop/CLionProjects/initializer_lst/main.cpp,,16,18,Default task
2023-01-11T01:44:05.229+09:00,Hoseop Shin,KeyEvent,65535:37:0,initializer_lst,Editor,C:/Users/hoseop/CLionProjects/initializer_lst/main.cpp,,16,17,Default task
2023-01-11T01:44:05.375+09:00,Hoseop Shin,Action,EditorLeft,initializer_lst,Editor,C:/Users/hoseop/CLionProjects/initializer_lst/main.cpp,,16,17,Default task
2023-01-11T01:44:05.378+09:00,Hoseop Shin,KeyEvent,65535:37:0,initializer_lst,Editor,C:/Users/hoseop/CLionProjects/initializer_lst/main.cpp,,16,16,Default task
2023-01-11T01:44:05.490+09:00,Hoseop Shin,KeyEvent,32:32:0,initializer_lst,Editor,C:/Users/hoseop/CLionProjects/initializer_lst/main.cpp,,16,16,Default task
2023-01-11T01:44:06.071+09:00,Hoseop Shin,Action,EditorRight,initializer_lst,Editor,C:/Users/hoseop/CLionProjects/initializer_lst/main.cpp,,16,17,Default task
2023-01-11T01:44:06.073+09:00,Hoseop Shin,KeyEvent,65535:39:0,initializer_lst,Editor,C:/Users/hoseop/CLionProjects/initializer_lst/main.cpp,,16,18,Default task
2023-01-11T01:44:06.208+09:00,Hoseop Shin,Action,EditorRight,initializer_lst,Editor,C:/Users/hoseop/CLionProjects/initializer_lst/main.cpp,,16,18,Default task
2023-01-11T01:44:06.215+09:00,Hoseop Shin,KeyEvent,65535:39:0,initializer_lst,Editor,C:/Users/hoseop/CLionProjects/initializer_lst/main.cpp,,16,19,Default task
2023-01-11T01:44:06.600+09:00,Hoseop Shin,KeyEvent,32:32:0,initializer_lst,Editor,C:/Users/hoseop/CLionProjects/initializer_lst/main.cpp,,16,19,Default task
2023-01-11T01:44:13.700+09:00,Hoseop Shin,KeyEvent,105:73:0,initializer_lst,Editor,C:/Users/hoseop/CLionProjects/initializer_lst/main.cpp,,16,20,Default task
2023-01-11T01:44:14.412+09:00,Hoseop Shin,KeyEvent,46:46:0,initializer_lst,Editor,C:/Users/hoseop/CLionProjects/initializer_lst/main.cpp,,16,21,Default task
2023-01-11T01:44:14.855+09:00,Hoseop Shin,KeyEvent,102:70:0,initializer_lst,Editor,C:/Users/hoseop/CLionProjects/initializer_lst/main.cpp,,16,22,Default task
2023-01-11T01:44:14.954+09:00,Hoseop Shin,KeyEvent,105:73:0,initializer_lst,Editor,C:/Users/hoseop/CLionProjects/initializer_lst/main.cpp,,16,23,Default task
2023-01-11T01:44:15.090+09:00,Hoseop Shin,KeyEvent,114:82:0,initializer_lst,Editor,C:/Users/hoseop/CLionProjects/initializer_lst/main.cpp,,16,24,Default task
2023-01-11T01:44:15.502+09:00,Hoseop Shin,KeyEvent,115:83:0,initializer_lst,Editor,C:/Users/hoseop/CLionProjects/initializer_lst/main.cpp,,16,25,Default task
2023-01-11T01:44:15.646+09:00,Hoseop Shin,KeyEvent,116:84:0,initializer_lst,Editor,C:/Users/hoseop/CLionProjects/initializer_lst/main.cpp,,16,26,Default task
2023-01-11T01:44:18.535+09:00,Hoseop Shin,KeyEvent,32:32:0,initializer_lst,Editor,C:/Users/hoseop/CLionProjects/initializer_lst/main.cpp,,16,27,Default task
2023-01-11T01:44:18.668+09:00,Hoseop Shin,KeyEvent,65535:16:1,initializer_lst,Editor,C:/Users/hoseop/CLionProjects/initializer_lst/main.cpp,,16,28,Default task
2023-01-11T01:44:18.784+09:00,Hoseop Shin,KeyEvent,60:44:1,initializer_lst,Editor,C:/Users/hoseop/CLionProjects/initializer_lst/main.cpp,,16,28,Default task
2023-01-11T01:44:18.919+09:00,Hoseop Shin,KeyEvent,60:44:1,initializer_lst,Editor,C:/Users/hoseop/CLionProjects/initializer_lst/main.cpp,,16,29,Default task
2023-01-11T01:44:19.052+09:00,Hoseop Shin,KeyEvent,32:32:0,initializer_lst,Editor,C:/Users/hoseop/CLionProjects/initializer_lst/main.cpp,,16,30,Default task
2023-01-11T01:44:19.199+09:00,Hoseop Shin,KeyEvent,65535:16:1,initializer_lst,Editor,C:/Users/hoseop/CLionProjects/initializer_lst/main.cpp,,16,31,Default task
2023-01-11T01:44:19.284+09:00,Hoseop Shin,KeyEvent,34:222:1,initializer_lst,Editor,C:/Users/hoseop/CLionProjects/initializer_lst/main.cpp,,16,31,Default task
2023-01-11T01:44:19.503+09:00,Hoseop Shin,KeyEvent,32:32:0,initializer_lst,Editor,C:/Users/hoseop/CLionProjects/initializer_lst/main.cpp,,16,32,Default task
2023-01-11T01:44:19.821+09:00,Hoseop Shin,Action,EditorRight,initializer_lst,Editor,C:/Users/hoseop/CLionProjects/initializer_lst/main.cpp,,16,33,Default task
2023-01-11T01:44:19.824+09:00,Hoseop Shin,KeyEvent,65535:39:0,initializer_lst,Editor,C:/Users/hoseop/CLionProjects/initializer_lst/main.cpp,,16,34,Default task
2023-01-11T01:44:20.130+09:00,Hoseop Shin,KeyEvent,32:32:0,initializer_lst,Editor,C:/Users/hoseop/CLionProjects/initializer_lst/main.cpp,,16,34,Default task
2023-01-11T01:44:20.302+09:00,Hoseop Shin,KeyEvent,65535:16:1,initializer_lst,Editor,C:/Users/hoseop/CLionProjects/initializer_lst/main.cpp,,16,35,Default task
2023-01-11T01:44:20.394+09:00,Hoseop Shin,KeyEvent,60:44:1,initializer_lst,Editor,C:/Users/hoseop/CLionProjects/initializer_lst/main.cpp,,16,35,Default task
2023-01-11T01:44:20.533+09:00,Hoseop Shin,KeyEvent,60:44:1,initializer_lst,Editor,C:/Users/hoseop/CLionProjects/initializer_lst/main.cpp,,16,36,Default task
2023-01-11T01:44:20.651+09:00,Hoseop Shin,KeyEvent,32:32:0,initializer_lst,Editor,C:/Users/hoseop/CLionProjects/initializer_lst/main.cpp,,16,37,Default task
2023-01-11T01:44:21.403+09:00,Hoseop Shin,KeyEvent,105:73:0,initializer_lst,Editor,C:/Users/hoseop/CLionProjects/initializer_lst/main.cpp,,16,38,Default task
2023-01-11T01:44:22.103+09:00,Hoseop Shin,KeyEvent,46:46:0,initializer_lst,Editor,C:/Users/hoseop/CLionProjects/initializer_lst/main.cpp,,16,39,Default task
2023-01-11T01:44:22.548+09:00,Hoseop Shin,KeyEvent,115:83:0,initializer_lst,Editor,C:/Users/hoseop/CLionProjects/initializer_lst/main.cpp,,16,40,Default task
2023-01-11T01:44:22.627+09:00,Hoseop Shin,KeyEvent,101:69:0,initializer_lst,Editor,C:/Users/hoseop/CLionProjects/initializer_lst/main.cpp,,16,41,Default task
2023-01-11T01:44:22.857+09:00,Hoseop Shin,KeyEvent,99:67:0,initializer_lst,Editor,C:/Users/hoseop/CLionProjects/initializer_lst/main.cpp,,16,42,Default task
2023-01-11T01:44:22.920+09:00,Hoseop Shin,KeyEvent,111:79:0,initializer_lst,Editor,C:/Users/hoseop/CLionProjects/initializer_lst/main.cpp,,16,43,Default task
2023-01-11T01:44:23.063+09:00,Hoseop Shin,KeyEvent,110:78:0,initializer_lst,Editor,C:/Users/hoseop/CLionProjects/initializer_lst/main.cpp,,16,44,Default task
2023-01-11T01:44:23.179+09:00,Hoseop Shin,KeyEvent,100:68:0,initializer_lst,Editor,C:/Users/hoseop/CLionProjects/initializer_lst/main.cpp,,16,45,Default task
2023-01-11T01:44:25.144+09:00,Hoseop Shin,KeyEvent,32:32:0,initializer_lst,Editor,C:/Users/hoseop/CLionProjects/initializer_lst/main.cpp,,16,46,Default task
2023-01-11T01:44:25.341+09:00,Hoseop Shin,KeyEvent,65535:16:1,initializer_lst,Editor,C:/Users/hoseop/CLionProjects/initializer_lst/main.cpp,,16,47,Default task
2023-01-11T01:44:25.458+09:00,Hoseop Shin,KeyEvent,60:44:1,initializer_lst,Editor,C:/Users/hoseop/CLionProjects/initializer_lst/main.cpp,,16,47,Default task
2023-01-11T01:44:25.611+09:00,Hoseop Shin,KeyEvent,60:44:1,initializer_lst,Editor,C:/Users/hoseop/CLionProjects/initializer_lst/main.cpp,,16,48,Default task
2023-01-11T01:44:26.521+09:00,Hoseop Shin,KeyEvent,32:32:0,initializer_lst,Editor,C:/Users/hoseop/CLionProjects/initializer_lst/main.cpp,,16,49,Default task
2023-01-11T01:44:26.852+09:00,Hoseop Shin,KeyEvent,101:69:0,initializer_lst,Editor,C:/Users/hoseop/CLionProjects/initializer_lst/main.cpp,,16,50,Default task
2023-01-11T01:44:26.960+09:00,Hoseop Shin,KeyEvent,110:78:0,initializer_lst,Editor,C:/Users/hoseop/CLionProjects/initializer_lst/main.cpp,,16,51,Default task
2023-01-11T01:44:27.076+09:00,Hoseop Shin,KeyEvent,100:68:0,initializer_lst,Editor,C:/Users/hoseop/CLionProjects/initializer_lst/main.cpp,,16,52,Default task
2023-01-11T01:44:27.180+09:00,Hoseop Shin,KeyEvent,108:76:0,initializer_lst,Editor,C:/Users/hoseop/CLionProjects/initializer_lst/main.cpp,,16,53,Default task
2023-01-11T01:44:27.973+09:00,Hoseop Shin,KeyEvent,59:59:0,initializer_lst,Editor,C:/Users/hoseop/CLionProjects/initializer_lst/main.cpp,,16,54,Default task
2023-01-11T01:44:30.820+09:00,Hoseop Shin,KeyEvent,65535:16:1,initializer_lst,Editor,C:/Users/hoseop/CLionProjects/initializer_lst/main.cpp,,16,55,Default task
2023-01-11T01:44:31.048+09:00,Hoseop Shin,Action,Run,initializer_lst,Editor,C:/Users/hoseop/CLionProjects/initializer_lst/main.cpp,,16,55,Default task
2023-01-11T01:44:31.089+09:00,Hoseop Shin,KeyEvent,65535:121:1,initializer_lst,Editor,C:/Users/hoseop/CLionProjects/initializer_lst/main.cpp,,16,55,Default task
2023-01-11T01:45:39.979+09:00,Hoseop Shin,KeyEvent,65535:16:1,initializer_lst,Editor,C:/Users/hoseop/CLionProjects/initializer_lst/main.cpp,,11,17,Default task
2023-01-11T01:45:40.063+09:00,Hoseop Shin,KeyEvent,38:55:1,initializer_lst,Editor,C:/Users/hoseop/CLionProjects/initializer_lst/main.cpp,,11,17,Default task
2023-01-11T01:45:40.468+09:00,Hoseop Shin,Action,EditorDown,initializer_lst,Editor,C:/Users/hoseop/CLionProjects/initializer_lst/main.cpp,,11,18,Default task
2023-01-11T01:45:40.470+09:00,Hoseop Shin,KeyEvent,65535:40:0,initializer_lst,Editor,C:/Users/hoseop/CLionProjects/initializer_lst/main.cpp,,12,18,Default task
2023-01-11T01:45:40.634+09:00,Hoseop Shin,Action,EditorDown,initializer_lst,Editor,C:/Users/hoseop/CLionProjects/initializer_lst/main.cpp,,12,18,Default task
2023-01-11T01:45:40.636+09:00,Hoseop Shin,KeyEvent,65535:40:0,initializer_lst,Editor,C:/Users/hoseop/CLionProjects/initializer_lst/main.cpp,,13,5,Default task
2023-01-11T01:45:40.811+09:00,Hoseop Shin,Action,EditorDown,initializer_lst,Editor,C:/Users/hoseop/CLionProjects/initializer_lst/main.cpp,,13,5,Default task
2023-01-11T01:45:40.814+09:00,Hoseop Shin,KeyEvent,65535:40:0,initializer_lst,Editor,C:/Users/hoseop/CLionProjects/initializer_lst/main.cpp,,14,18,Default task
2023-01-11T01:45:40.981+09:00,Hoseop Shin,Action,EditorDown,initializer_lst,Editor,C:/Users/hoseop/CLionProjects/initializer_lst/main.cpp,,14,18,Default task
2023-01-11T01:45:40.984+09:00,Hoseop Shin,KeyEvent,65535:40:0,initializer_lst,Editor,C:/Users/hoseop/CLionProjects/initializer_lst/main.cpp,,15,18,Default task
2023-01-11T01:45:41.416+09:00,Hoseop Shin,Action,EditorLeft,initializer_lst,Editor,C:/Users/hoseop/CLionProjects/initializer_lst/main.cpp,,15,18,Default task
2023-01-11T01:45:41.418+09:00,Hoseop Shin,KeyEvent,65535:37:0,initializer_lst,Editor,C:/Users/hoseop/CLionProjects/initializer_lst/main.cpp,,15,17,Default task
2023-01-11T01:45:41.642+09:00,Hoseop Shin,KeyEvent,65535:16:1,initializer_lst,Editor,C:/Users/hoseop/CLionProjects/initializer_lst/main.cpp,,15,17,Default task
2023-01-11T01:45:41.771+09:00,Hoseop Shin,KeyEvent,38:55:1,initializer_lst,Editor,C:/Users/hoseop/CLionProjects/initializer_lst/main.cpp,,15,17,Default task
2023-01-11T01:45:44.664+09:00,Hoseop Shin,KeyEvent,65535:16:1,initializer_lst,Editor,C:/Users/hoseop/CLionProjects/initializer_lst/main.cpp,,15,18,Default task
2023-01-11T01:45:44.764+09:00,Hoseop Shin,Action,Run,initializer_lst,Editor,C:/Users/hoseop/CLionProjects/initializer_lst/main.cpp,,15,18,Default task
2023-01-11T01:45:44.769+09:00,Hoseop Shin,KeyEvent,65535:121:1,initializer_lst,Editor,C:/Users/hoseop/CLionProjects/initializer_lst/main.cpp,,15,18,Default task
2023-01-11T01:45:53.756+09:00,Hoseop Shin,KeyEvent,27:27:0,,,,,-1,-1,
2023-01-11T01:46:11.968+09:00,Hoseop Shin,KeyEvent,65535:17:2,initializer_lst,Editor,C:/Users/hoseop/CLionProjects/initializer_lst/main.cpp,,16,28,Default task
2023-01-11T01:46:12.120+09:00,Hoseop Shin,KeyEvent,65535:18:10,initializer_lst,Editor,C:/Users/hoseop/CLionProjects/initializer_lst/main.cpp,,16,28,Default task
2023-01-11T01:46:12.276+09:00,Hoseop Shin,KeyEvent,65535:16:11,initializer_lst,Editor,C:/Users/hoseop/CLionProjects/initializer_lst/main.cpp,,16,28,Default task
2023-01-11T01:46:12.466+09:00,Hoseop Shin,Action,ActivityTracker-Popup,initializer_lst,Editor,C:/Users/hoseop/CLionProjects/initializer_lst/main.cpp,,16,28,Default task
2023-01-11T01:46:12.529+09:00,Hoseop Shin,KeyEvent,65535:79:11,initializer_lst,Editor,C:/Users/hoseop/CLionProjects/initializer_lst/main.cpp,,16,28,Default task
2023-01-11T01:46:18.026+09:00,Hoseop Shin,Action,RevealIn,initializer_lst,Popup,C:/Users/hoseop/AppData/Roaming/JetBrains/CLion2022.3/plugins/activity-tracker/ide-events.csv,,0,0,Default task
