2023-01-10T21:55:23.006+09:00,Hoseop Shin,KeyEvent,65535:18:8,Encapsulation,Editor,C:/Users/hoseop/CLionProjects/Encapsulation/Cell.cpp,,15,13,Default task
2023-01-10T21:55:23.120+09:00,Hoseop Shin,Action,ActivateProjectToolWindow,Encapsulation,Editor,C:/Users/hoseop/CLionProjects/Encapsulation/Cell.cpp,,15,13,Default task
2023-01-10T21:55:23.152+09:00,Hoseop Shin,KeyEvent,49:49:8,Encapsulation,Editor,C:/Users/hoseop/CLionProjects/Encapsulation/Cell.cpp,,15,13,Default task
2023-01-10T21:55:25.481+09:00,Hoseop Shin,KeyEvent,65535:17:2,Encapsulation,Project,C:/Users/hoseop/CLionProjects/Encapsulation/Cell.cpp,,15,13,Default task
2023-01-10T21:55:25.582+09:00,Hoseop Shin,Action,$Copy,Encapsulation,Project,C:/Users/hoseop/CLionProjects/Encapsulation/Cell.cpp,,15,13,Default task
2023-01-10T21:55:25.602+09:00,Hoseop Shin,KeyEvent,3:67:2,Encapsulation,Project,C:/Users/hoseop/CLionProjects/Encapsulation/Cell.cpp,,15,13,Default task
2023-01-10T21:55:29.092+09:00,Hoseop Shin,KeyEvent,65535:17:2,Encapsulation,Project,C:/Users/hoseop/CLionProjects/Encapsulation/Cell.cpp,,15,13,Default task
2023-01-10T21:55:29.185+09:00,Hoseop Shin,Action,$Copy,Encapsulation,Project,C:/Users/hoseop/CLionProjects/Encapsulation/Cell.cpp,,15,13,Default task
2023-01-10T21:55:29.197+09:00,Hoseop Shin,KeyEvent,3:67:2,Encapsulation,Project,C:/Users/hoseop/CLionProjects/Encapsulation/Cell.cpp,,15,13,Default task
2023-01-10T21:59:56.105+09:00,Hoseop Shin,Action,OpenFile,Encapsulation,Popup,C:/Users/hoseop/CLionProjects/Encapsulation/Cell.cpp,,15,13,Default task
2023-01-10T22:00:52.170+09:00,Hoseop Shin,KeyEvent,65535:16:1,initializer_list,Editor,C:/Users/hoseop/CLionProjects/initializer_list/Rectangle.h,,14,6,Default task
2023-01-10T22:00:52.238+09:00,Hoseop Shin,Action,Run,initializer_list,Editor,C:/Users/hoseop/CLionProjects/initializer_list/Rectangle.h,,14,6,Default task
2023-01-10T22:00:52.248+09:00,Hoseop Shin,KeyEvent,65535:121:1,initializer_list,Editor,C:/Users/hoseop/CLionProjects/initializer_list/Rectangle.h,,14,6,Default task
2023-01-10T22:00:56.487+09:00,Hoseop Shin,KeyEvent,48:48:0,initializer_list,Editor,C:/Users/hoseop/CLionProjects/initializer_list/Rectangle.h,,14,6,Default task
2023-01-10T22:00:56.679+09:00,Hoseop Shin,KeyEvent,32:32:0,initializer_list,Editor,C:/Users/hoseop/CLionProjects/initializer_list/Rectangle.h,,14,6,Default task
2023-01-10T22:00:56.934+09:00,Hoseop Shin,KeyEvent,50:50:0,initializer_list,Editor,C:/Users/hoseop/CLionProjects/initializer_list/Rectangle.h,,14,6,Default task
2023-01-10T22:00:57.087+09:00,Hoseop Shin,KeyEvent,32:32:0,initializer_list,Editor,C:/Users/hoseop/CLionProjects/initializer_list/Rectangle.h,,14,6,Default task
2023-01-10T22:00:57.222+09:00,Hoseop Shin,KeyEvent,50:50:0,initializer_list,Editor,C:/Users/hoseop/CLionProjects/initializer_list/Rectangle.h,,14,6,Default task
2023-01-10T22:00:57.400+09:00,Hoseop Shin,KeyEvent,32:32:0,initializer_list,Editor,C:/Users/hoseop/CLionProjects/initializer_list/Rectangle.h,,14,6,Default task
2023-01-10T22:00:57.592+09:00,Hoseop Shin,KeyEvent,48:48:0,initializer_list,Editor,C:/Users/hoseop/CLionProjects/initializer_list/Rectangle.h,,14,6,Default task
2023-01-10T22:00:57.914+09:00,Hoseop Shin,KeyEvent,10:10:0,initializer_list,Editor,C:/Users/hoseop/CLionProjects/initializer_list/Rectangle.h,,14,6,Default task
2023-01-10T22:00:59.449+09:00,Hoseop Shin,KeyEvent,65535:16:1,initializer_list,Editor,C:/Users/hoseop/CLionProjects/initializer_list/Rectangle.h,,14,6,Default task
2023-01-10T22:00:59.555+09:00,Hoseop Shin,Action,Run,initializer_list,Editor,C:/Users/hoseop/CLionProjects/initializer_list/Rectangle.h,,14,6,Default task
2023-01-10T22:00:59.565+09:00,Hoseop Shin,KeyEvent,65535:121:1,initializer_list,Editor,C:/Users/hoseop/CLionProjects/initializer_list/Rectangle.h,,14,6,Default task
2023-01-10T22:01:02.538+09:00,Hoseop Shin,KeyEvent,51:51:0,initializer_list,Editor,C:/Users/hoseop/CLionProjects/initializer_list/Rectangle.h,,14,6,Default task
2023-01-10T22:01:02.683+09:00,Hoseop Shin,KeyEvent,32:32:0,initializer_list,Editor,C:/Users/hoseop/CLionProjects/initializer_list/Rectangle.h,,14,6,Default task
2023-01-10T22:01:02.866+09:00,Hoseop Shin,KeyEvent,49:49:0,initializer_list,Editor,C:/Users/hoseop/CLionProjects/initializer_list/Rectangle.h,,14,6,Default task
2023-01-10T22:01:02.981+09:00,Hoseop Shin,KeyEvent,32:32:0,initializer_list,Editor,C:/Users/hoseop/CLionProjects/initializer_list/Rectangle.h,,14,6,Default task
2023-01-10T22:01:03.850+09:00,Hoseop Shin,KeyEvent,53:53:0,initializer_list,Editor,C:/Users/hoseop/CLionProjects/initializer_list/Rectangle.h,,14,6,Default task
2023-01-10T22:01:04.023+09:00,Hoseop Shin,KeyEvent,32:32:0,initializer_list,Editor,C:/Users/hoseop/CLionProjects/initializer_list/Rectangle.h,,14,6,Default task
2023-01-10T22:01:04.233+09:00,Hoseop Shin,KeyEvent,51:51:0,initializer_list,Editor,C:/Users/hoseop/CLionProjects/initializer_list/Rectangle.h,,14,6,Default task
2023-01-10T22:01:04.928+09:00,Hoseop Shin,KeyEvent,10:10:0,initializer_list,Editor,C:/Users/hoseop/CLionProjects/initializer_list/Rectangle.h,,14,6,Default task
2023-01-10T22:01:06.710+09:00,Hoseop Shin,KeyEvent,65535:16:1,initializer_list,Editor,C:/Users/hoseop/CLionProjects/initializer_list/Rectangle.h,,14,6,Default task
2023-01-10T22:01:06.784+09:00,Hoseop Shin,Action,Run,initializer_list,Editor,C:/Users/hoseop/CLionProjects/initializer_list/Rectangle.h,,14,6,Default task
2023-01-10T22:01:06.788+09:00,Hoseop Shin,KeyEvent,65535:121:1,initializer_list,Editor,C:/Users/hoseop/CLionProjects/initializer_list/Rectangle.h,,14,6,Default task
2023-01-10T22:01:10.185+09:00,Hoseop Shin,KeyEvent,49:49:0,initializer_list,Editor,C:/Users/hoseop/CLionProjects/initializer_list/Rectangle.h,,14,6,Default task
2023-01-10T22:01:10.438+09:00,Hoseop Shin,KeyEvent,32:32:0,initializer_list,Editor,C:/Users/hoseop/CLionProjects/initializer_list/Rectangle.h,,14,6,Default task
2023-01-10T22:01:14.982+09:00,Hoseop Shin,Action,Stop,initializer_list,Editor,C:/Users/hoseop/CLionProjects/initializer_list/Rectangle.h,,14,6,Default task
2023-01-10T22:01:15.950+09:00,Hoseop Shin,Action,Rerun,initializer_list,Editor,C:/Users/hoseop/CLionProjects/initializer_list/Rectangle.h,,14,6,Default task
2023-01-10T22:01:17.963+09:00,Hoseop Shin,KeyEvent,49:49:0,initializer_list,Editor,C:/Users/hoseop/CLionProjects/initializer_list/Rectangle.h,,14,6,Default task
2023-01-10T22:01:18.047+09:00,Hoseop Shin,KeyEvent,48:48:0,initializer_list,Editor,C:/Users/hoseop/CLionProjects/initializer_list/Rectangle.h,,14,6,Default task
2023-01-10T22:01:18.228+09:00,Hoseop Shin,KeyEvent,32:32:0,initializer_list,Editor,C:/Users/hoseop/CLionProjects/initializer_list/Rectangle.h,,14,6,Default task
2023-01-10T22:01:18.619+09:00,Hoseop Shin,KeyEvent,50:50:0,initializer_list,Editor,C:/Users/hoseop/CLionProjects/initializer_list/Rectangle.h,,14,6,Default task
2023-01-10T22:01:18.751+09:00,Hoseop Shin,KeyEvent,48:48:0,initializer_list,Editor,C:/Users/hoseop/CLionProjects/initializer_list/Rectangle.h,,14,6,Default task
2023-01-10T22:01:18.871+09:00,Hoseop Shin,KeyEvent,32:32:0,initializer_list,Editor,C:/Users/hoseop/CLionProjects/initializer_list/Rectangle.h,,14,6,Default task
2023-01-10T22:01:19.053+09:00,Hoseop Shin,KeyEvent,51:51:0,initializer_list,Editor,C:/Users/hoseop/CLionProjects/initializer_list/Rectangle.h,,14,6,Default task
2023-01-10T22:01:19.161+09:00,Hoseop Shin,KeyEvent,48:48:0,initializer_list,Editor,C:/Users/hoseop/CLionProjects/initializer_list/Rectangle.h,,14,6,Default task
2023-01-10T22:01:19.280+09:00,Hoseop Shin,KeyEvent,32:32:0,initializer_list,Editor,C:/Users/hoseop/CLionProjects/initializer_list/Rectangle.h,,14,6,Default task
2023-01-10T22:01:19.515+09:00,Hoseop Shin,KeyEvent,52:52:0,initializer_list,Editor,C:/Users/hoseop/CLionProjects/initializer_list/Rectangle.h,,14,6,Default task
2023-01-10T22:01:19.663+09:00,Hoseop Shin,KeyEvent,48:48:0,initializer_list,Editor,C:/Users/hoseop/CLionProjects/initializer_list/Rectangle.h,,14,6,Default task
2023-01-10T22:01:19.983+09:00,Hoseop Shin,KeyEvent,10:10:0,initializer_list,Editor,C:/Users/hoseop/CLionProjects/initializer_list/Rectangle.h,,14,6,Default task
2023-01-10T22:01:28.297+09:00,Hoseop Shin,KeyEvent,65535:18:8,initializer_list,Editor,C:/Users/hoseop/CLionProjects/initializer_list/Rectangle.h,,14,6,Default task
2023-01-10T22:07:59.684+09:00,Hoseop Shin,Action,OpenFile,initializer_list,Editor,C:/Users/hoseop/CLionProjects/initializer_list/Rectangle.h,,14,6,Default task
2023-01-10T22:13:41.449+09:00,Hoseop Shin,Action,OpenFile,050,Editor,C:/Users/hoseop/CLionProjects/050/main.cpp,,14,21,Default task
2023-01-10T22:17:01.306+09:00,Hoseop Shin,Action,OpenFile,050,Editor,C:/Users/hoseop/CLionProjects/050/main.cpp,,14,21,Default task
2023-01-10T22:17:57.501+09:00,Hoseop Shin,KeyEvent,65535:18:8,Builder,Project,C:/Users/hoseop/CLionProjects/Builder/Notification.cpp,,12,31,Default task
2023-01-10T22:17:57.555+09:00,Hoseop Shin,Action,ActivateProjectToolWindow,Builder,Project,C:/Users/hoseop/CLionProjects/Builder/Notification.cpp,,12,31,Default task
2023-01-10T22:17:57.564+09:00,Hoseop Shin,KeyEvent,49:49:8,Builder,Project,C:/Users/hoseop/CLionProjects/Builder/Notification.cpp,,12,31,Default task
2023-01-10T22:19:26.513+09:00,Hoseop Shin,KeyEvent,65535:16:1,Builder,Editor,C:/Users/hoseop/CLionProjects/Builder/Notification.h,,22,17,Default task
2023-01-10T22:19:26.606+09:00,Hoseop Shin,Action,Run,Builder,Editor,C:/Users/hoseop/CLionProjects/Builder/Notification.h,,22,17,Default task
2023-01-10T22:19:26.619+09:00,Hoseop Shin,KeyEvent,65535:121:1,Builder,Editor,C:/Users/hoseop/CLionProjects/Builder/Notification.h,,22,17,Default task
2023-01-11T00:39:23.326+09:00,Hoseop Shin,Action,OpenFile,050,Editor,C:/Users/hoseop/CLionProjects/050/main.cpp,,74,9,Default task
2023-01-11T00:39:29.416+09:00,Hoseop Shin,Action,CPP.CreateCMakeProject,050,Editor,C:/Users/hoseop/CLionProjects/050/main.cpp,,74,9,Default task
2023-01-11T00:39:32.807+09:00,Hoseop Shin,KeyEvent,99:67:0,050,Editor,C:/Users/hoseop/CLionProjects/050/main.cpp,,74,9,Default task
2023-01-11T00:39:32.877+09:00,Hoseop Shin,KeyEvent,111:79:0,050,Editor,C:/Users/hoseop/CLionProjects/050/main.cpp,,74,9,Default task
2023-01-11T00:39:33.031+09:00,Hoseop Shin,KeyEvent,109:77:0,050,Editor,C:/Users/hoseop/CLionProjects/050/main.cpp,,74,9,Default task
2023-01-11T00:39:34.131+09:00,Hoseop Shin,KeyEvent,112:80:0,050,Editor,C:/Users/hoseop/CLionProjects/050/main.cpp,,74,9,Default task
2023-01-11T00:39:34.740+09:00,Hoseop Shin,KeyEvent,108:76:0,050,Editor,C:/Users/hoseop/CLionProjects/050/main.cpp,,74,9,Default task
2023-01-11T00:39:34.842+09:00,Hoseop Shin,KeyEvent,101:69:0,050,Editor,C:/Users/hoseop/CLionProjects/050/main.cpp,,74,9,Default task
2023-01-11T00:39:35.230+09:00,Hoseop Shin,KeyEvent,120:88:0,050,Editor,C:/Users/hoseop/CLionProjects/050/main.cpp,,74,9,Default task
2023-01-11T00:39:36.554+09:00,Hoseop Shin,KeyEvent,65535:16:1,050,Editor,C:/Users/hoseop/CLionProjects/050/main.cpp,,74,9,Default task
2023-01-11T00:39:36.781+09:00,Hoseop Shin,KeyEvent,95:45:1,050,Editor,C:/Users/hoseop/CLionProjects/050/main.cpp,,74,9,Default task
2023-01-11T00:39:38.208+09:00,Hoseop Shin,KeyEvent,99:67:0,050,Editor,C:/Users/hoseop/CLionProjects/050/main.cpp,,74,9,Default task
2023-01-11T00:39:38.399+09:00,Hoseop Shin,KeyEvent,108:76:0,050,Editor,C:/Users/hoseop/CLionProjects/050/main.cpp,,74,9,Default task
2023-01-11T00:39:38.495+09:00,Hoseop Shin,KeyEvent,97:65:0,050,Editor,C:/Users/hoseop/CLionProjects/050/main.cpp,,74,9,Default task
2023-01-11T00:39:38.638+09:00,Hoseop Shin,KeyEvent,115:83:0,050,Editor,C:/Users/hoseop/CLionProjects/050/main.cpp,,74,9,Default task
2023-01-11T00:39:38.798+09:00,Hoseop Shin,KeyEvent,115:83:0,050,Editor,C:/Users/hoseop/CLionProjects/050/main.cpp,,74,9,Default task
2023-01-11T00:40:06.801+09:00,Hoseop Shin,KeyEvent,27:27:0,complex_class,Popup,C:/Users/hoseop/CLionProjects/complex_class/main.cpp,,0,0,Default task
2023-01-11T00:40:12.390+09:00,Hoseop Shin,KeyEvent,27:27:0,complex_class,Popup,C:/Users/hoseop/CLionProjects/complex_class/main.cpp,,0,0,Default task
2023-01-11T00:40:22.078+09:00,Hoseop Shin,KeyEvent,27:27:0,complex_class,Popup,C:/Users/hoseop/CLionProjects/complex_class/main.cpp,,0,0,Default task
2023-01-11T00:40:24.510+09:00,Hoseop Shin,KeyEvent,27:27:0,complex_class,Popup,C:/Users/hoseop/CLionProjects/complex_class/main.cpp,,0,0,Default task
2023-01-11T00:40:31.059+09:00,Hoseop Shin,KeyEvent,65535:17:2,complex_class,Editor,C:/Users/hoseop/CLionProjects/complex_class/main.cpp,,0,0,Default task
2023-01-11T00:40:31.139+09:00,Hoseop Shin,Action,EditorPaste,complex_class,Editor,C:/Users/hoseop/CLionProjects/complex_class/main.cpp,,0,0,Default task
2023-01-11T00:40:31.470+09:00,Hoseop Shin,KeyEvent,22:86:2,complex_class,Editor,C:/Users/hoseop/CLionProjects/complex_class/main.cpp,,28,1,Default task
2023-01-11T00:40:45.710+09:00,Hoseop Shin,Action,CPP.NewHeaderFile,complex_class,Popup,C:/Users/hoseop/CLionProjects/complex_class/main.cpp,,4,0,Default task
2023-01-11T00:40:47.345+09:00,Hoseop Shin,KeyEvent,99:67:0,complex_class,Popup,C:/Users/hoseop/CLionProjects/complex_class/main.cpp,,4,0,Default task
2023-01-11T00:40:47.458+09:00,Hoseop Shin,KeyEvent,111:79:0,complex_class,Popup,C:/Users/hoseop/CLionProjects/complex_class/main.cpp,,4,0,Default task
2023-01-11T00:40:47.579+09:00,Hoseop Shin,KeyEvent,109:77:0,complex_class,Popup,C:/Users/hoseop/CLionProjects/complex_class/main.cpp,,4,0,Default task
2023-01-11T00:40:47.793+09:00,Hoseop Shin,KeyEvent,112:80:0,complex_class,Popup,C:/Users/hoseop/CLionProjects/complex_class/main.cpp,,4,0,Default task
2023-01-11T00:40:48.053+09:00,Hoseop Shin,KeyEvent,108:76:0,complex_class,Popup,C:/Users/hoseop/CLionProjects/complex_class/main.cpp,,4,0,Default task
2023-01-11T00:40:48.190+09:00,Hoseop Shin,KeyEvent,101:69:0,complex_class,Popup,C:/Users/hoseop/CLionProjects/complex_class/main.cpp,,4,0,Default task
2023-01-11T00:40:48.406+09:00,Hoseop Shin,KeyEvent,120:88:0,complex_class,Popup,C:/Users/hoseop/CLionProjects/complex_class/main.cpp,,4,0,Default task
2023-01-11T00:40:59.637+09:00,Hoseop Shin,KeyEvent,65535:17:2,complex_class,Editor,C:/Users/hoseop/CLionProjects/complex_class/complex.h,,4,0,Default task
2023-01-11T00:40:59.767+09:00,Hoseop Shin,Action,EditorPaste,complex_class,Editor,C:/Users/hoseop/CLionProjects/complex_class/complex.h,,4,0,Default task
2023-01-11T00:40:59.841+09:00,Hoseop Shin,KeyEvent,22:86:2,complex_class,Editor,C:/Users/hoseop/CLionProjects/complex_class/complex.h,,19,26,Default task
2023-01-11T00:41:03.451+09:00,Hoseop Shin,KeyEvent,65535:18:8,complex_class,Project,C:/Users/hoseop/CLionProjects/complex_class/complex.h,,19,26,Default task
2023-01-11T00:41:03.502+09:00,Hoseop Shin,Action,ActivateProjectToolWindow,complex_class,Project,C:/Users/hoseop/CLionProjects/complex_class/complex.h,,19,26,Default task
2023-01-11T00:41:03.512+09:00,Hoseop Shin,KeyEvent,49:49:8,complex_class,Project,C:/Users/hoseop/CLionProjects/complex_class/complex.h,,19,26,Default task
2023-01-11T00:42:33.973+09:00,Hoseop Shin,Action,EditorBackSpace,complex_class,Editor,C:/Users/hoseop/CLionProjects/complex_class/complex.h,,9,4,Default task
2023-01-11T00:42:33.993+09:00,Hoseop Shin,KeyEvent,8:8:0,complex_class,Editor,C:/Users/hoseop/CLionProjects/complex_class/complex.h,,9,4,Default task
2023-01-11T00:42:37.830+09:00,Hoseop Shin,KeyEvent,99:67:0,complex_class,Editor,C:/Users/hoseop/CLionProjects/complex_class/complex.h,,9,4,Default task
2023-01-11T00:42:37.941+09:00,Hoseop Shin,KeyEvent,111:79:0,complex_class,Editor,C:/Users/hoseop/CLionProjects/complex_class/complex.h,,9,5,Default task
2023-01-11T00:42:38.036+09:00,Hoseop Shin,KeyEvent,109:77:0,complex_class,Editor,C:/Users/hoseop/CLionProjects/complex_class/complex.h,,9,6,Default task
2023-01-11T00:42:38.234+09:00,Hoseop Shin,KeyEvent,112:80:0,complex_class,Editor,C:/Users/hoseop/CLionProjects/complex_class/complex.h,,9,7,Default task
2023-01-11T00:42:38.474+09:00,Hoseop Shin,KeyEvent,108:76:0,complex_class,Editor,C:/Users/hoseop/CLionProjects/complex_class/complex.h,,9,8,Default task
2023-01-11T00:42:38.566+09:00,Hoseop Shin,KeyEvent,101:69:0,complex_class,Editor,C:/Users/hoseop/CLionProjects/complex_class/complex.h,,9,9,Default task
2023-01-11T00:42:38.786+09:00,Hoseop Shin,KeyEvent,120:88:0,complex_class,Editor,C:/Users/hoseop/CLionProjects/complex_class/complex.h,,9,10,Default task
2023-01-11T00:42:39.583+09:00,Hoseop Shin,KeyEvent,65535:16:1,complex_class,Editor,C:/Users/hoseop/CLionProjects/complex_class/complex.h,,9,11,Default task
2023-01-11T00:42:39.654+09:00,Hoseop Shin,KeyEvent,40:57:1,complex_class,Editor,C:/Users/hoseop/CLionProjects/complex_class/complex.h,,9,11,Default task
2023-01-11T00:43:54.272+09:00,Hoseop Shin,Action,EditorRight,complex_class,Editor,C:/Users/hoseop/CLionProjects/complex_class/complex.h,,9,12,Default task
2023-01-11T00:43:54.281+09:00,Hoseop Shin,KeyEvent,65535:39:0,complex_class,Editor,C:/Users/hoseop/CLionProjects/complex_class/complex.h,,9,13,Default task
2023-01-11T00:43:54.664+09:00,Hoseop Shin,KeyEvent,32:32:0,complex_class,Editor,C:/Users/hoseop/CLionProjects/complex_class/complex.h,,9,13,Default task
2023-01-11T00:43:54.797+09:00,Hoseop Shin,KeyEvent,65535:16:1,complex_class,Editor,C:/Users/hoseop/CLionProjects/complex_class/complex.h,,9,14,Default task
2023-01-11T00:43:54.886+09:00,Hoseop Shin,KeyEvent,123:91:1,complex_class,Editor,C:/Users/hoseop/CLionProjects/complex_class/complex.h,,9,14,Default task
2023-01-11T00:43:55.689+09:00,Hoseop Shin,Action,EditorRight,complex_class,Editor,C:/Users/hoseop/CLionProjects/complex_class/complex.h,,9,15,Default task
2023-01-11T00:43:55.693+09:00,Hoseop Shin,KeyEvent,65535:39:0,complex_class,Editor,C:/Users/hoseop/CLionProjects/complex_class/complex.h,,9,16,Default task
2023-01-11T00:44:18.906+09:00,Hoseop Shin,KeyEvent,59:59:0,complex_class,Editor,C:/Users/hoseop/CLionProjects/complex_class/complex.h,,9,16,Default task
2023-01-11T00:44:20.254+09:00,Hoseop Shin,Action,EditorBackSpace,complex_class,Editor,C:/Users/hoseop/CLionProjects/complex_class/complex.h,,9,17,Default task
2023-01-11T00:44:20.261+09:00,Hoseop Shin,KeyEvent,8:8:0,complex_class,Editor,C:/Users/hoseop/CLionProjects/complex_class/complex.h,,9,16,Default task
2023-01-11T00:46:12.003+09:00,Hoseop Shin,KeyEvent,100:68:0,complex_class,Editor,C:/Users/hoseop/CLionProjects/complex_class/complex.h,,9,12,Default task
2023-01-11T00:46:12.073+09:00,Hoseop Shin,KeyEvent,111:79:0,complex_class,Editor,C:/Users/hoseop/CLionProjects/complex_class/complex.h,,9,13,Default task
2023-01-11T00:46:12.153+09:00,Hoseop Shin,KeyEvent,117:85:0,complex_class,Editor,C:/Users/hoseop/CLionProjects/complex_class/complex.h,,9,14,Default task
2023-01-11T00:46:12.235+09:00,Hoseop Shin,KeyEvent,98:66:0,complex_class,Editor,C:/Users/hoseop/CLionProjects/complex_class/complex.h,,9,15,Default task
2023-01-11T00:46:12.334+09:00,Hoseop Shin,KeyEvent,108:76:0,complex_class,Editor,C:/Users/hoseop/CLionProjects/complex_class/complex.h,,9,16,Default task
2023-01-11T00:46:12.437+09:00,Hoseop Shin,KeyEvent,101:69:0,complex_class,Editor,C:/Users/hoseop/CLionProjects/complex_class/complex.h,,9,17,Default task
2023-01-11T00:46:12.824+09:00,Hoseop Shin,KeyEvent,32:32:0,complex_class,Editor,C:/Users/hoseop/CLionProjects/complex_class/complex.h,,9,18,Default task
2023-01-11T00:46:13.821+09:00,Hoseop Shin,KeyEvent,114:82:0,complex_class,Editor,C:/Users/hoseop/CLionProjects/complex_class/complex.h,,9,19,Default task
2023-01-11T00:46:15.302+09:00,Hoseop Shin,KeyEvent,61:61:0,complex_class,Editor,C:/Users/hoseop/CLionProjects/complex_class/complex.h,,9,20,Default task
2023-01-11T00:46:15.543+09:00,Hoseop Shin,KeyEvent,48:48:0,complex_class,Editor,C:/Users/hoseop/CLionProjects/complex_class/complex.h,,9,21,Default task
2023-01-11T00:46:17.410+09:00,Hoseop Shin,KeyEvent,44:44:0,complex_class,Editor,C:/Users/hoseop/CLionProjects/complex_class/complex.h,,9,22,Default task
2023-01-11T00:46:17.597+09:00,Hoseop Shin,KeyEvent,32:32:0,complex_class,Editor,C:/Users/hoseop/CLionProjects/complex_class/complex.h,,9,23,Default task
2023-01-11T00:46:17.761+09:00,Hoseop Shin,KeyEvent,100:68:0,complex_class,Editor,C:/Users/hoseop/CLionProjects/complex_class/complex.h,,9,24,Default task
2023-01-11T00:46:17.866+09:00,Hoseop Shin,KeyEvent,111:79:0,complex_class,Editor,C:/Users/hoseop/CLionProjects/complex_class/complex.h,,9,25,Default task
2023-01-11T00:46:17.923+09:00,Hoseop Shin,KeyEvent,117:85:0,complex_class,Editor,C:/Users/hoseop/CLionProjects/complex_class/complex.h,,9,26,Default task
2023-01-11T00:46:18.008+09:00,Hoseop Shin,KeyEvent,98:66:0,complex_class,Editor,C:/Users/hoseop/CLionProjects/complex_class/complex.h,,9,27,Default task
2023-01-11T00:46:18.099+09:00,Hoseop Shin,KeyEvent,108:76:0,complex_class,Editor,C:/Users/hoseop/CLionProjects/complex_class/complex.h,,9,28,Default task
2023-01-11T00:46:18.198+09:00,Hoseop Shin,KeyEvent,101:69:0,complex_class,Editor,C:/Users/hoseop/CLionProjects/complex_class/complex.h,,9,29,Default task
2023-01-11T00:46:18.457+09:00,Hoseop Shin,KeyEvent,32:32:0,complex_class,Editor,C:/Users/hoseop/CLionProjects/complex_class/complex.h,,9,30,Default task
2023-01-11T00:46:20.543+09:00,Hoseop Shin,KeyEvent,105:73:0,complex_class,Editor,C:/Users/hoseop/CLionProjects/complex_class/complex.h,,9,31,Default task
2023-01-11T00:46:21.070+09:00,Hoseop Shin,KeyEvent,61:61:0,complex_class,Editor,C:/Users/hoseop/CLionProjects/complex_class/complex.h,,9,32,Default task
2023-01-11T00:46:21.695+09:00,Hoseop Shin,KeyEvent,48:48:0,complex_class,Editor,C:/Users/hoseop/CLionProjects/complex_class/complex.h,,9,33,Default task
2023-01-11T00:46:35.445+09:00,Hoseop Shin,Action,EditorBackSpace,complex_class,Editor,C:/Users/hoseop/CLionProjects/complex_class/complex.h,,9,20,Default task
2023-01-11T00:46:35.450+09:00,Hoseop Shin,KeyEvent,8:8:0,complex_class,Editor,C:/Users/hoseop/CLionProjects/complex_class/complex.h,,9,19,Default task
2023-01-11T00:46:36.724+09:00,Hoseop Shin,KeyEvent,114:82:0,complex_class,Editor,C:/Users/hoseop/CLionProjects/complex_class/complex.h,,9,19,Default task
2023-01-11T00:46:36.868+09:00,Hoseop Shin,KeyEvent,114:82:0,complex_class,Editor,C:/Users/hoseop/CLionProjects/complex_class/complex.h,,9,20,Default task
2023-01-11T00:46:36.994+09:00,Hoseop Shin,Action,EditorRight,complex_class,Editor,C:/Users/hoseop/CLionProjects/complex_class/complex.h,,9,21,Default task
2023-01-11T00:46:36.997+09:00,Hoseop Shin,KeyEvent,65535:39:0,complex_class,Editor,C:/Users/hoseop/CLionProjects/complex_class/complex.h,,9,22,Default task
2023-01-11T00:46:37.156+09:00,Hoseop Shin,Action,EditorRight,complex_class,Editor,C:/Users/hoseop/CLionProjects/complex_class/complex.h,,9,22,Default task
2023-01-11T00:46:37.159+09:00,Hoseop Shin,KeyEvent,65535:39:0,complex_class,Editor,C:/Users/hoseop/CLionProjects/complex_class/complex.h,,9,23,Default task
2023-01-11T00:46:37.282+09:00,Hoseop Shin,Action,EditorRight,complex_class,Editor,C:/Users/hoseop/CLionProjects/complex_class/complex.h,,9,23,Default task
2023-01-11T00:46:37.285+09:00,Hoseop Shin,KeyEvent,65535:39:0,complex_class,Editor,C:/Users/hoseop/CLionProjects/complex_class/complex.h,,9,24,Default task
2023-01-11T00:46:37.421+09:00,Hoseop Shin,Action,EditorRight,complex_class,Editor,C:/Users/hoseop/CLionProjects/complex_class/complex.h,,9,24,Default task
2023-01-11T00:46:37.424+09:00,Hoseop Shin,KeyEvent,65535:39:0,complex_class,Editor,C:/Users/hoseop/CLionProjects/complex_class/complex.h,,9,25,Default task
2023-01-11T00:46:37.570+09:00,Hoseop Shin,Action,EditorRight,complex_class,Editor,C:/Users/hoseop/CLionProjects/complex_class/complex.h,,9,25,Default task
2023-01-11T00:46:37.572+09:00,Hoseop Shin,KeyEvent,65535:39:0,complex_class,Editor,C:/Users/hoseop/CLionProjects/complex_class/complex.h,,9,26,Default task
2023-01-11T00:46:37.711+09:00,Hoseop Shin,Action,EditorRight,complex_class,Editor,C:/Users/hoseop/CLionProjects/complex_class/complex.h,,9,26,Default task
2023-01-11T00:46:37.714+09:00,Hoseop Shin,KeyEvent,65535:39:0,complex_class,Editor,C:/Users/hoseop/CLionProjects/complex_class/complex.h,,9,27,Default task
2023-01-11T00:46:37.834+09:00,Hoseop Shin,Action,EditorRight,complex_class,Editor,C:/Users/hoseop/CLionProjects/complex_class/complex.h,,9,27,Default task
2023-01-11T00:46:37.837+09:00,Hoseop Shin,KeyEvent,65535:39:0,complex_class,Editor,C:/Users/hoseop/CLionProjects/complex_class/complex.h,,9,28,Default task
2023-01-11T00:46:37.981+09:00,Hoseop Shin,Action,EditorRight,complex_class,Editor,C:/Users/hoseop/CLionProjects/complex_class/complex.h,,9,28,Default task
2023-01-11T00:46:37.984+09:00,Hoseop Shin,KeyEvent,65535:39:0,complex_class,Editor,C:/Users/hoseop/CLionProjects/complex_class/complex.h,,9,29,Default task
2023-01-11T00:46:38.117+09:00,Hoseop Shin,Action,EditorRight,complex_class,Editor,C:/Users/hoseop/CLionProjects/complex_class/complex.h,,9,29,Default task
2023-01-11T00:46:38.119+09:00,Hoseop Shin,KeyEvent,65535:39:0,complex_class,Editor,C:/Users/hoseop/CLionProjects/complex_class/complex.h,,9,30,Default task
2023-01-11T00:46:38.249+09:00,Hoseop Shin,Action,EditorRight,complex_class,Editor,C:/Users/hoseop/CLionProjects/complex_class/complex.h,,9,30,Default task
2023-01-11T00:46:38.251+09:00,Hoseop Shin,KeyEvent,65535:39:0,complex_class,Editor,C:/Users/hoseop/CLionProjects/complex_class/complex.h,,9,31,Default task
2023-01-11T00:46:38.550+09:00,Hoseop Shin,Action,EditorRight,complex_class,Editor,C:/Users/hoseop/CLionProjects/complex_class/complex.h,,9,31,Default task
2023-01-11T00:46:38.552+09:00,Hoseop Shin,KeyEvent,65535:39:0,complex_class,Editor,C:/Users/hoseop/CLionProjects/complex_class/complex.h,,9,32,Default task
2023-01-11T00:46:38.728+09:00,Hoseop Shin,Action,EditorRight,complex_class,Editor,C:/Users/hoseop/CLionProjects/complex_class/complex.h,,9,32,Default task
2023-01-11T00:46:38.730+09:00,Hoseop Shin,KeyEvent,65535:39:0,complex_class,Editor,C:/Users/hoseop/CLionProjects/complex_class/complex.h,,9,33,Default task
2023-01-11T00:46:39.446+09:00,Hoseop Shin,KeyEvent,105:73:0,complex_class,Editor,C:/Users/hoseop/CLionProjects/complex_class/complex.h,,9,33,Default task
2023-01-11T00:46:43.121+09:00,Hoseop Shin,KeyEvent,65535:16:1,complex_class,Editor,C:/Users/hoseop/CLionProjects/complex_class/complex.h,,9,38,Default task
2023-01-11T00:46:43.179+09:00,Hoseop Shin,KeyEvent,58:59:1,complex_class,Editor,C:/Users/hoseop/CLionProjects/complex_class/complex.h,,9,38,Default task
2023-01-11T00:46:43.438+09:00,Hoseop Shin,KeyEvent,32:32:0,complex_class,Editor,C:/Users/hoseop/CLionProjects/complex_class/complex.h,,9,39,Default task
2023-01-11T00:46:46.638+09:00,Hoseop Shin,KeyEvent,114:82:0,complex_class,Editor,C:/Users/hoseop/CLionProjects/complex_class/complex.h,,9,40,Default task
2023-01-11T00:46:47.208+09:00,Hoseop Shin,KeyEvent,65535:16:1,complex_class,Editor,C:/Users/hoseop/CLionProjects/complex_class/complex.h,,9,41,Default task
2023-01-11T00:46:47.327+09:00,Hoseop Shin,KeyEvent,40:57:1,complex_class,Editor,C:/Users/hoseop/CLionProjects/complex_class/complex.h,,9,41,Default task
2023-01-11T00:46:49.920+09:00,Hoseop Shin,KeyEvent,114:82:0,complex_class,Editor,C:/Users/hoseop/CLionProjects/complex_class/complex.h,,9,42,Default task
2023-01-11T00:46:50.051+09:00,Hoseop Shin,KeyEvent,114:82:0,complex_class,Editor,C:/Users/hoseop/CLionProjects/complex_class/complex.h,,9,43,Default task
2023-01-11T00:46:50.624+09:00,Hoseop Shin,Action,EditorRight,complex_class,Editor,C:/Users/hoseop/CLionProjects/complex_class/complex.h,,9,44,Default task
2023-01-11T00:46:50.634+09:00,Hoseop Shin,KeyEvent,65535:39:0,complex_class,Editor,C:/Users/hoseop/CLionProjects/complex_class/complex.h,,9,45,Default task
2023-01-11T00:46:51.526+09:00,Hoseop Shin,KeyEvent,44:44:0,complex_class,Editor,C:/Users/hoseop/CLionProjects/complex_class/complex.h,,9,45,Default task
2023-01-11T00:46:56.419+09:00,Hoseop Shin,KeyEvent,105:73:0,complex_class,Editor,C:/Users/hoseop/CLionProjects/complex_class/complex.h,,9,46,Default task
2023-01-11T00:46:56.877+09:00,Hoseop Shin,KeyEvent,65535:16:1,complex_class,Editor,C:/Users/hoseop/CLionProjects/complex_class/complex.h,,9,47,Default task
2023-01-11T00:46:57.020+09:00,Hoseop Shin,KeyEvent,40:57:1,complex_class,Editor,C:/Users/hoseop/CLionProjects/complex_class/complex.h,,9,47,Default task
2023-01-11T00:46:59.890+09:00,Hoseop Shin,KeyEvent,105:73:0,complex_class,Editor,C:/Users/hoseop/CLionProjects/complex_class/complex.h,,9,48,Default task
2023-01-11T00:47:00.039+09:00,Hoseop Shin,KeyEvent,105:73:0,complex_class,Editor,C:/Users/hoseop/CLionProjects/complex_class/complex.h,,9,49,Default task
2023-01-11T00:47:00.814+09:00,Hoseop Shin,Action,EditorRight,complex_class,Editor,C:/Users/hoseop/CLionProjects/complex_class/complex.h,,9,50,Default task
2023-01-11T00:47:00.830+09:00,Hoseop Shin,KeyEvent,65535:39:0,complex_class,Editor,C:/Users/hoseop/CLionProjects/complex_class/complex.h,,9,51,Default task
2023-01-11T00:47:01.056+09:00,Hoseop Shin,KeyEvent,32:32:0,complex_class,Editor,C:/Users/hoseop/CLionProjects/complex_class/complex.h,,9,51,Default task
2023-01-11T00:47:01.415+09:00,Hoseop Shin,Action,EditorRight,complex_class,Editor,C:/Users/hoseop/CLionProjects/complex_class/complex.h,,9,52,Default task
2023-01-11T00:47:01.417+09:00,Hoseop Shin,KeyEvent,65535:39:0,complex_class,Editor,C:/Users/hoseop/CLionProjects/complex_class/complex.h,,9,53,Default task
2023-01-11T00:47:01.736+09:00,Hoseop Shin,Action,EditorRight,complex_class,Editor,C:/Users/hoseop/CLionProjects/complex_class/complex.h,,9,53,Default task
2023-01-11T00:47:01.738+09:00,Hoseop Shin,KeyEvent,65535:39:0,complex_class,Editor,C:/Users/hoseop/CLionProjects/complex_class/complex.h,,9,54,Default task
2023-01-11T00:47:32.149+09:00,Hoseop Shin,Action,EditorEnter,complex_class,Editor,C:/Users/hoseop/CLionProjects/complex_class/complex.h,,9,4,Default task
2023-01-11T00:47:32.161+09:00,Hoseop Shin,KeyEvent,10:10:0,complex_class,Editor,C:/Users/hoseop/CLionProjects/complex_class/complex.h,,10,4,Default task
2023-01-11T00:47:32.493+09:00,Hoseop Shin,Action,EditorUp,complex_class,Editor,C:/Users/hoseop/CLionProjects/complex_class/complex.h,,10,4,Default task
2023-01-11T00:47:32.495+09:00,Hoseop Shin,KeyEvent,65535:38:0,complex_class,Editor,C:/Users/hoseop/CLionProjects/complex_class/complex.h,,9,4,Default task
2023-01-11T00:47:33.194+09:00,Hoseop Shin,KeyEvent,99:67:0,complex_class,Editor,C:/Users/hoseop/CLionProjects/complex_class/complex.h,,9,4,Default task
2023-01-11T00:47:33.273+09:00,Hoseop Shin,KeyEvent,105:73:0,complex_class,Editor,C:/Users/hoseop/CLionProjects/complex_class/complex.h,,9,5,Default task
2023-01-11T00:47:33.416+09:00,Hoseop Shin,KeyEvent,110:78:0,complex_class,Editor,C:/Users/hoseop/CLionProjects/complex_class/complex.h,,9,6,Default task
2023-01-11T00:47:33.587+09:00,Hoseop Shin,KeyEvent,111:79:0,complex_class,Editor,C:/Users/hoseop/CLionProjects/complex_class/complex.h,,9,7,Default task
2023-01-11T00:47:34.170+09:00,Hoseop Shin,Action,EditorBackSpace,complex_class,Editor,C:/Users/hoseop/CLionProjects/complex_class/complex.h,,9,8,Default task
2023-01-11T00:47:34.190+09:00,Hoseop Shin,KeyEvent,8:8:0,complex_class,Editor,C:/Users/hoseop/CLionProjects/complex_class/complex.h,,9,7,Default task
2023-01-11T00:47:34.324+09:00,Hoseop Shin,Action,EditorBackSpace,complex_class,Editor,C:/Users/hoseop/CLionProjects/complex_class/complex.h,,9,7,Default task
2023-01-11T00:47:34.343+09:00,Hoseop Shin,KeyEvent,8:8:0,complex_class,Editor,C:/Users/hoseop/CLionProjects/complex_class/complex.h,,9,6,Default task
2023-01-11T00:47:34.590+09:00,Hoseop Shin,Action,EditorBackSpace,complex_class,Editor,C:/Users/hoseop/CLionProjects/complex_class/complex.h,,9,6,Default task
2023-01-11T00:47:34.603+09:00,Hoseop Shin,KeyEvent,8:8:0,complex_class,Editor,C:/Users/hoseop/CLionProjects/complex_class/complex.h,,9,5,Default task
2023-01-11T00:47:35.109+09:00,Hoseop Shin,KeyEvent,105:73:0,complex_class,Editor,C:/Users/hoseop/CLionProjects/complex_class/complex.h,,9,5,Default task
2023-01-11T00:47:35.838+09:00,Hoseop Shin,Action,EditorBackSpace,complex_class,Editor,C:/Users/hoseop/CLionProjects/complex_class/complex.h,,9,6,Default task
2023-01-11T00:47:35.856+09:00,Hoseop Shin,KeyEvent,8:8:0,complex_class,Editor,C:/Users/hoseop/CLionProjects/complex_class/complex.h,,9,5,Default task
2023-01-11T00:47:36.093+09:00,Hoseop Shin,KeyEvent,111:79:0,complex_class,Editor,C:/Users/hoseop/CLionProjects/complex_class/complex.h,,9,5,Default task
2023-01-11T00:47:36.195+09:00,Hoseop Shin,KeyEvent,109:77:0,complex_class,Editor,C:/Users/hoseop/CLionProjects/complex_class/complex.h,,9,6,Default task
2023-01-11T00:47:36.344+09:00,Hoseop Shin,KeyEvent,112:80:0,complex_class,Editor,C:/Users/hoseop/CLionProjects/complex_class/complex.h,,9,7,Default task
2023-01-11T00:47:36.541+09:00,Hoseop Shin,KeyEvent,108:76:0,complex_class,Editor,C:/Users/hoseop/CLionProjects/complex_class/complex.h,,9,8,Default task
2023-01-11T00:47:36.644+09:00,Hoseop Shin,KeyEvent,101:69:0,complex_class,Editor,C:/Users/hoseop/CLionProjects/complex_class/complex.h,,9,9,Default task
2023-01-11T00:47:36.865+09:00,Hoseop Shin,KeyEvent,120:88:0,complex_class,Editor,C:/Users/hoseop/CLionProjects/complex_class/complex.h,,9,10,Default task
2023-01-11T00:47:37.442+09:00,Hoseop Shin,KeyEvent,65535:16:1,complex_class,Editor,C:/Users/hoseop/CLionProjects/complex_class/complex.h,,9,11,Default task
2023-01-11T00:47:37.497+09:00,Hoseop Shin,KeyEvent,40:57:1,complex_class,Editor,C:/Users/hoseop/CLionProjects/complex_class/complex.h,,9,11,Default task
2023-01-11T00:47:38.066+09:00,Hoseop Shin,Action,EditorRight,complex_class,Editor,C:/Users/hoseop/CLionProjects/complex_class/complex.h,,9,12,Default task
2023-01-11T00:47:38.068+09:00,Hoseop Shin,KeyEvent,65535:39:0,complex_class,Editor,C:/Users/hoseop/CLionProjects/complex_class/complex.h,,9,13,Default task
2023-01-11T00:47:41.223+09:00,Hoseop Shin,KeyEvent,32:32:0,complex_class,Editor,C:/Users/hoseop/CLionProjects/complex_class/complex.h,,9,13,Default task
2023-01-11T00:47:41.298+09:00,Hoseop Shin,KeyEvent,65535:16:1,complex_class,Editor,C:/Users/hoseop/CLionProjects/complex_class/complex.h,,9,14,Default task
2023-01-11T00:47:41.369+09:00,Hoseop Shin,KeyEvent,58:59:1,complex_class,Editor,C:/Users/hoseop/CLionProjects/complex_class/complex.h,,9,14,Default task
2023-01-11T00:47:58.290+09:00,Hoseop Shin,Action,EditorBackSpace,complex_class,Editor,C:/Users/hoseop/CLionProjects/complex_class/complex.h,,9,15,Default task
2023-01-11T00:47:58.295+09:00,Hoseop Shin,KeyEvent,8:8:0,complex_class,Editor,C:/Users/hoseop/CLionProjects/complex_class/complex.h,,9,14,Default task
2023-01-11T00:47:58.503+09:00,Hoseop Shin,KeyEvent,65535:16:1,complex_class,Editor,C:/Users/hoseop/CLionProjects/complex_class/complex.h,,9,14,Default task
2023-01-11T00:47:58.571+09:00,Hoseop Shin,KeyEvent,123:91:1,complex_class,Editor,C:/Users/hoseop/CLionProjects/complex_class/complex.h,,9,14,Default task
2023-01-11T00:47:59.338+09:00,Hoseop Shin,Action,EditorRight,complex_class,Editor,C:/Users/hoseop/CLionProjects/complex_class/complex.h,,9,15,Default task
2023-01-11T00:47:59.341+09:00,Hoseop Shin,KeyEvent,65535:39:0,complex_class,Editor,C:/Users/hoseop/CLionProjects/complex_class/complex.h,,9,16,Default task
2023-01-11T00:48:05.901+09:00,Hoseop Shin,KeyEvent,27:27:0,,,,,-1,-1,
2023-01-11T00:48:26.677+09:00,Hoseop Shin,Action,EditorBackSpace,complex_class,Editor,C:/Users/hoseop/CLionProjects/complex_class/complex.h,,9,0,Default task
2023-01-11T00:48:26.682+09:00,Hoseop Shin,KeyEvent,8:8:0,complex_class,Editor,C:/Users/hoseop/CLionProjects/complex_class/complex.h,,9,0,Default task
2023-01-11T00:48:26.797+09:00,Hoseop Shin,Action,EditorBackSpace,complex_class,Editor,C:/Users/hoseop/CLionProjects/complex_class/complex.h,,9,0,Default task
2023-01-11T00:48:26.813+09:00,Hoseop Shin,KeyEvent,8:8:0,complex_class,Editor,C:/Users/hoseop/CLionProjects/complex_class/complex.h,,8,7,Default task
2023-01-11T00:49:24.186+09:00,Hoseop Shin,KeyEvent,65535:16:1,complex_class,Editor,C:/Users/hoseop/CLionProjects/complex_class/main.cpp,,9,18,Default task
2023-01-11T00:49:24.273+09:00,Hoseop Shin,Action,Run,complex_class,Editor,C:/Users/hoseop/CLionProjects/complex_class/main.cpp,,9,18,Default task
2023-01-11T00:49:24.329+09:00,Hoseop Shin,KeyEvent,65535:121:1,complex_class,Editor,C:/Users/hoseop/CLionProjects/complex_class/main.cpp,,9,18,Default task
2023-01-11T00:49:48.286+09:00,Hoseop Shin,KeyEvent,65535:18:8,complex_class,Editor,C:/Users/hoseop/CLionProjects/complex_class/main.cpp,,10,22,Default task
2023-01-11T00:49:48.400+09:00,Hoseop Shin,Action,ShowIntentionActions,complex_class,Editor,C:/Users/hoseop/CLionProjects/complex_class/main.cpp,,10,22,Default task
2023-01-11T00:49:48.455+09:00,Hoseop Shin,KeyEvent,10:10:8,complex_class,Editor,C:/Users/hoseop/CLionProjects/complex_class/main.cpp,,10,22,Default task
2023-01-11T00:49:50.138+09:00,Hoseop Shin,KeyEvent,27:27:0,,,,,-1,-1,
2023-01-11T00:50:39.177+09:00,Hoseop Shin,KeyEvent,27:27:0,,,,,-1,-1,
2023-01-11T00:52:25.981+09:00,Hoseop Shin,KeyEvent,27:27:0,,,,,-1,-1,
2023-01-11T00:53:00.528+09:00,Hoseop Shin,Action,EditorBackSpace,complex_class,Editor,C:/Users/hoseop/CLionProjects/complex_class/main.cpp,,11,14,Default task
2023-01-11T00:53:00.541+09:00,Hoseop Shin,KeyEvent,8:8:0,complex_class,Editor,C:/Users/hoseop/CLionProjects/complex_class/main.cpp,,11,13,Default task
2023-01-11T00:53:00.632+09:00,Hoseop Shin,KeyEvent,50:50:0,complex_class,Editor,C:/Users/hoseop/CLionProjects/complex_class/main.cpp,,11,13,Default task
2023-01-11T00:53:03.404+09:00,Hoseop Shin,KeyEvent,65535:16:1,complex_class,Editor,C:/Users/hoseop/CLionProjects/complex_class/main.cpp,,11,14,Default task
2023-01-11T00:53:03.494+09:00,Hoseop Shin,Action,Run,complex_class,Editor,C:/Users/hoseop/CLionProjects/complex_class/main.cpp,,11,14,Default task
2023-01-11T00:53:03.530+09:00,Hoseop Shin,KeyEvent,65535:121:1,complex_class,Editor,C:/Users/hoseop/CLionProjects/complex_class/main.cpp,,11,14,Default task
2023-01-11T00:53:12.536+09:00,Hoseop Shin,Action,EditorBackSpace,complex_class,Editor,C:/Users/hoseop/CLionProjects/complex_class/main.cpp,,11,14,Default task
2023-01-11T00:53:12.543+09:00,Hoseop Shin,KeyEvent,8:8:0,complex_class,Editor,C:/Users/hoseop/CLionProjects/complex_class/main.cpp,,11,13,Default task
2023-01-11T00:53:12.645+09:00,Hoseop Shin,KeyEvent,51:51:0,complex_class,Editor,C:/Users/hoseop/CLionProjects/complex_class/main.cpp,,11,13,Default task
2023-01-11T00:53:14.565+09:00,Hoseop Shin,KeyEvent,65535:16:1,complex_class,Editor,C:/Users/hoseop/CLionProjects/complex_class/main.cpp,,11,14,Default task
2023-01-11T00:53:14.666+09:00,Hoseop Shin,Action,Run,complex_class,Editor,C:/Users/hoseop/CLionProjects/complex_class/main.cpp,,11,14,Default task
2023-01-11T00:53:14.675+09:00,Hoseop Shin,KeyEvent,65535:121:1,complex_class,Editor,C:/Users/hoseop/CLionProjects/complex_class/main.cpp,,11,14,Default task
2023-01-11T00:53:25.318+09:00,Hoseop Shin,Action,EditorBackSpace,complex_class,Editor,C:/Users/hoseop/CLionProjects/complex_class/main.cpp,,11,14,Default task
2023-01-11T00:53:25.331+09:00,Hoseop Shin,KeyEvent,8:8:0,complex_class,Editor,C:/Users/hoseop/CLionProjects/complex_class/main.cpp,,11,13,Default task
2023-01-11T00:53:25.417+09:00,Hoseop Shin,KeyEvent,52:52:0,complex_class,Editor,C:/Users/hoseop/CLionProjects/complex_class/main.cpp,,11,13,Default task
2023-01-11T00:53:26.104+09:00,Hoseop Shin,KeyEvent,65535:16:1,complex_class,Editor,C:/Users/hoseop/CLionProjects/complex_class/main.cpp,,11,14,Default task
2023-01-11T00:53:26.231+09:00,Hoseop Shin,Action,Run,complex_class,Editor,C:/Users/hoseop/CLionProjects/complex_class/main.cpp,,11,14,Default task
2023-01-11T00:53:26.238+09:00,Hoseop Shin,KeyEvent,65535:121:1,complex_class,Editor,C:/Users/hoseop/CLionProjects/complex_class/main.cpp,,11,14,Default task
2023-01-11T00:53:33.411+09:00,Hoseop Shin,Action,EditorBackSpace,complex_class,Editor,C:/Users/hoseop/CLionProjects/complex_class/main.cpp,,11,14,Default task
2023-01-11T00:53:33.417+09:00,Hoseop Shin,KeyEvent,8:8:0,complex_class,Editor,C:/Users/hoseop/CLionProjects/complex_class/main.cpp,,11,13,Default task
2023-01-11T00:53:33.495+09:00,Hoseop Shin,KeyEvent,49:49:0,complex_class,Editor,C:/Users/hoseop/CLionProjects/complex_class/main.cpp,,11,13,Default task
2023-01-11T00:53:47.400+09:00,Hoseop Shin,Action,EditorBackSpace,complex_class,Editor,C:/Users/hoseop/CLionProjects/complex_class/main.cpp,,18,14,Default task
2023-01-11T00:53:47.412+09:00,Hoseop Shin,KeyEvent,8:8:0,complex_class,Editor,C:/Users/hoseop/CLionProjects/complex_class/main.cpp,,18,13,Default task
2023-01-11T00:53:47.487+09:00,Hoseop Shin,KeyEvent,54:54:0,complex_class,Editor,C:/Users/hoseop/CLionProjects/complex_class/main.cpp,,18,13,Default task
2023-01-11T00:53:47.892+09:00,Hoseop Shin,Action,EditorDown,complex_class,Editor,C:/Users/hoseop/CLionProjects/complex_class/main.cpp,,18,14,Default task
2023-01-11T00:53:47.895+09:00,Hoseop Shin,KeyEvent,65535:40:0,complex_class,Editor,C:/Users/hoseop/CLionProjects/complex_class/main.cpp,,19,14,Default task
2023-01-11T00:53:48.262+09:00,Hoseop Shin,Action,EditorBackSpace,complex_class,Editor,C:/Users/hoseop/CLionProjects/complex_class/main.cpp,,19,14,Default task
2023-01-11T00:53:48.270+09:00,Hoseop Shin,KeyEvent,8:8:0,complex_class,Editor,C:/Users/hoseop/CLionProjects/complex_class/main.cpp,,19,13,Default task
2023-01-11T00:53:48.335+09:00,Hoseop Shin,KeyEvent,54:54:0,complex_class,Editor,C:/Users/hoseop/CLionProjects/complex_class/main.cpp,,19,13,Default task
2023-01-11T00:53:48.658+09:00,Hoseop Shin,Action,EditorDown,complex_class,Editor,C:/Users/hoseop/CLionProjects/complex_class/main.cpp,,19,14,Default task
2023-01-11T00:53:48.660+09:00,Hoseop Shin,KeyEvent,65535:40:0,complex_class,Editor,C:/Users/hoseop/CLionProjects/complex_class/main.cpp,,20,14,Default task
2023-01-11T00:53:49.020+09:00,Hoseop Shin,Action,EditorBackSpace,complex_class,Editor,C:/Users/hoseop/CLionProjects/complex_class/main.cpp,,20,14,Default task
2023-01-11T00:53:49.036+09:00,Hoseop Shin,KeyEvent,8:8:0,complex_class,Editor,C:/Users/hoseop/CLionProjects/complex_class/main.cpp,,20,13,Default task
2023-01-11T00:53:49.101+09:00,Hoseop Shin,KeyEvent,54:54:0,complex_class,Editor,C:/Users/hoseop/CLionProjects/complex_class/main.cpp,,20,13,Default task
2023-01-11T00:53:49.843+09:00,Hoseop Shin,KeyEvent,65535:16:1,complex_class,Editor,C:/Users/hoseop/CLionProjects/complex_class/main.cpp,,20,14,Default task
2023-01-11T00:53:49.956+09:00,Hoseop Shin,Action,Run,complex_class,Editor,C:/Users/hoseop/CLionProjects/complex_class/main.cpp,,20,14,Default task
2023-01-11T00:53:49.960+09:00,Hoseop Shin,KeyEvent,65535:121:1,complex_class,Editor,C:/Users/hoseop/CLionProjects/complex_class/main.cpp,,20,14,Default task
2023-01-11T00:53:59.925+09:00,Hoseop Shin,Action,EditorBackSpace,complex_class,Editor,C:/Users/hoseop/CLionProjects/complex_class/main.cpp,,18,14,Default task
2023-01-11T00:53:59.935+09:00,Hoseop Shin,KeyEvent,8:8:0,complex_class,Editor,C:/Users/hoseop/CLionProjects/complex_class/main.cpp,,18,13,Default task
2023-01-11T00:53:59.992+09:00,Hoseop Shin,KeyEvent,55:55:0,complex_class,Editor,C:/Users/hoseop/CLionProjects/complex_class/main.cpp,,18,13,Default task
2023-01-11T00:54:00.390+09:00,Hoseop Shin,Action,EditorDown,complex_class,Editor,C:/Users/hoseop/CLionProjects/complex_class/main.cpp,,18,14,Default task
2023-01-11T00:54:00.393+09:00,Hoseop Shin,KeyEvent,65535:40:0,complex_class,Editor,C:/Users/hoseop/CLionProjects/complex_class/main.cpp,,19,14,Default task
2023-01-11T00:54:00.732+09:00,Hoseop Shin,Action,EditorBackSpace,complex_class,Editor,C:/Users/hoseop/CLionProjects/complex_class/main.cpp,,19,14,Default task
2023-01-11T00:54:00.748+09:00,Hoseop Shin,KeyEvent,8:8:0,complex_class,Editor,C:/Users/hoseop/CLionProjects/complex_class/main.cpp,,19,13,Default task
2023-01-11T00:54:00.808+09:00,Hoseop Shin,KeyEvent,55:55:0,complex_class,Editor,C:/Users/hoseop/CLionProjects/complex_class/main.cpp,,19,13,Default task
2023-01-11T00:54:01.048+09:00,Hoseop Shin,Action,EditorDown,complex_class,Editor,C:/Users/hoseop/CLionProjects/complex_class/main.cpp,,19,14,Default task
2023-01-11T00:54:01.051+09:00,Hoseop Shin,KeyEvent,65535:40:0,complex_class,Editor,C:/Users/hoseop/CLionProjects/complex_class/main.cpp,,20,14,Default task
2023-01-11T00:54:01.391+09:00,Hoseop Shin,Action,EditorBackSpace,complex_class,Editor,C:/Users/hoseop/CLionProjects/complex_class/main.cpp,,20,14,Default task
2023-01-11T00:54:01.395+09:00,Hoseop Shin,KeyEvent,8:8:0,complex_class,Editor,C:/Users/hoseop/CLionProjects/complex_class/main.cpp,,20,13,Default task
2023-01-11T00:54:01.495+09:00,Hoseop Shin,KeyEvent,55:55:0,complex_class,Editor,C:/Users/hoseop/CLionProjects/complex_class/main.cpp,,20,13,Default task
2023-01-11T00:54:02.060+09:00,Hoseop Shin,KeyEvent,65535:16:1,complex_class,Editor,C:/Users/hoseop/CLionProjects/complex_class/main.cpp,,20,14,Default task
2023-01-11T00:54:02.153+09:00,Hoseop Shin,Action,Run,complex_class,Editor,C:/Users/hoseop/CLionProjects/complex_class/main.cpp,,20,14,Default task
2023-01-11T00:54:02.162+09:00,Hoseop Shin,KeyEvent,65535:121:1,complex_class,Editor,C:/Users/hoseop/CLionProjects/complex_class/main.cpp,,20,14,Default task
2023-01-11T00:54:23.554+09:00,Hoseop Shin,Action,EditorBackSpace,complex_class,Editor,C:/Users/hoseop/CLionProjects/complex_class/main.cpp,,18,14,Default task
2023-01-11T00:54:23.565+09:00,Hoseop Shin,KeyEvent,8:8:0,complex_class,Editor,C:/Users/hoseop/CLionProjects/complex_class/main.cpp,,18,13,Default task
2023-01-11T00:54:23.653+09:00,Hoseop Shin,KeyEvent,53:53:0,complex_class,Editor,C:/Users/hoseop/CLionProjects/complex_class/main.cpp,,18,13,Default task
2023-01-11T00:54:23.971+09:00,Hoseop Shin,Action,EditorDown,complex_class,Editor,C:/Users/hoseop/CLionProjects/complex_class/main.cpp,,18,14,Default task
2023-01-11T00:54:23.973+09:00,Hoseop Shin,KeyEvent,65535:40:0,complex_class,Editor,C:/Users/hoseop/CLionProjects/complex_class/main.cpp,,19,14,Default task
2023-01-11T00:54:24.308+09:00,Hoseop Shin,Action,EditorBackSpace,complex_class,Editor,C:/Users/hoseop/CLionProjects/complex_class/main.cpp,,19,14,Default task
2023-01-11T00:54:24.314+09:00,Hoseop Shin,KeyEvent,8:8:0,complex_class,Editor,C:/Users/hoseop/CLionProjects/complex_class/main.cpp,,19,13,Default task
2023-01-11T00:54:24.399+09:00,Hoseop Shin,KeyEvent,53:53:0,complex_class,Editor,C:/Users/hoseop/CLionProjects/complex_class/main.cpp,,19,13,Default task
2023-01-11T00:54:25.311+09:00,Hoseop Shin,Action,EditorDown,complex_class,Editor,C:/Users/hoseop/CLionProjects/complex_class/main.cpp,,19,14,Default task
2023-01-11T00:54:25.316+09:00,Hoseop Shin,KeyEvent,65535:40:0,complex_class,Editor,C:/Users/hoseop/CLionProjects/complex_class/main.cpp,,20,14,Default task
2023-01-11T00:54:25.589+09:00,Hoseop Shin,Action,EditorBackSpace,complex_class,Editor,C:/Users/hoseop/CLionProjects/complex_class/main.cpp,,20,14,Default task
2023-01-11T00:54:25.598+09:00,Hoseop Shin,KeyEvent,8:8:0,complex_class,Editor,C:/Users/hoseop/CLionProjects/complex_class/main.cpp,,20,13,Default task
2023-01-11T00:54:25.711+09:00,Hoseop Shin,KeyEvent,53:53:0,complex_class,Editor,C:/Users/hoseop/CLionProjects/complex_class/main.cpp,,20,13,Default task
2023-01-11T00:54:55.589+09:00,Hoseop Shin,KeyEvent,65535:16:1,complex_class,Editor,C:/Users/hoseop/CLionProjects/complex_class/main.cpp,,20,28,Default task
2023-01-11T00:54:55.712+09:00,Hoseop Shin,Action,Run,complex_class,Editor,C:/Users/hoseop/CLionProjects/complex_class/main.cpp,,20,28,Default task
2023-01-11T00:54:55.717+09:00,Hoseop Shin,KeyEvent,65535:121:1,complex_class,Editor,C:/Users/hoseop/CLionProjects/complex_class/main.cpp,,20,28,Default task
2023-01-11T00:55:08.573+09:00,Hoseop Shin,KeyEvent,65535:17:2,complex_class,Editor,C:/Users/hoseop/CLionProjects/complex_class/main.cpp,,12,33,Default task
2023-01-11T00:55:08.717+09:00,Hoseop Shin,KeyEvent,65535:18:10,complex_class,Editor,C:/Users/hoseop/CLionProjects/complex_class/main.cpp,,12,33,Default task
2023-01-11T00:55:08.875+09:00,Hoseop Shin,KeyEvent,65535:16:11,complex_class,Editor,C:/Users/hoseop/CLionProjects/complex_class/main.cpp,,12,33,Default task
2023-01-11T00:55:09.015+09:00,Hoseop Shin,Action,ActivityTracker-Popup,complex_class,Editor,C:/Users/hoseop/CLionProjects/complex_class/main.cpp,,12,33,Default task
2023-01-11T00:55:09.058+09:00,Hoseop Shin,KeyEvent,65535:79:11,complex_class,Editor,C:/Users/hoseop/CLionProjects/complex_class/main.cpp,,12,33,Default task
