2023-01-11T21:32:55.268+09:00,Hoseop Shin,Action,EditorEnter,060,Editor,C:/Users/hoseop/CLionProjects/060/Array.cpp,,32,4,Default task
2023-01-11T21:32:55.276+09:00,Hoseop Shin,KeyEvent,10:10:0,060,Editor,C:/Users/hoseop/CLionProjects/060/Array.cpp,,33,4,Default task
2023-01-11T21:32:55.521+09:00,Hoseop Shin,Action,EditorUp,060,Editor,C:/Users/hoseop/CLionProjects/060/Array.cpp,,33,4,Default task
2023-01-11T21:32:55.523+09:00,Hoseop Shin,KeyEvent,65535:38:0,060,Editor,C:/Users/hoseop/CLionProjects/060/Array.cpp,,32,4,Default task
2023-01-11T21:32:57.573+09:00,Hoseop Shin,KeyEvent,105:73:0,060,Editor,C:/Users/hoseop/CLionProjects/060/Array.cpp,,32,4,Default task
2023-01-11T21:32:57.680+09:00,Hoseop Shin,KeyEvent,102:70:0,060,Editor,C:/Users/hoseop/CLionProjects/060/Array.cpp,,32,5,Default task
2023-01-11T21:32:57.976+09:00,Hoseop Shin,KeyEvent,65535:16:1,060,Editor,C:/Users/hoseop/CLionProjects/060/Array.cpp,,32,6,Default task
2023-01-11T21:32:58.084+09:00,Hoseop Shin,KeyEvent,40:57:1,060,Editor,C:/Users/hoseop/CLionProjects/060/Array.cpp,,32,6,Default task
2023-01-11T21:32:59.274+09:00,Hoseop Shin,KeyEvent,105:73:0,060,Editor,C:/Users/hoseop/CLionProjects/060/Array.cpp,,32,7,Default task
2023-01-11T21:33:00.639+09:00,Hoseop Shin,Action,EditorBackSpace,060,Editor,C:/Users/hoseop/CLionProjects/060/Array.cpp,,32,8,Default task
2023-01-11T21:33:00.650+09:00,Hoseop Shin,KeyEvent,8:8:0,060,Editor,C:/Users/hoseop/CLionProjects/060/Array.cpp,,32,7,Default task
2023-01-11T21:33:01.770+09:00,Hoseop Shin,KeyEvent,115:83:0,060,Editor,C:/Users/hoseop/CLionProjects/060/Array.cpp,,32,7,Default task
2023-01-11T21:33:01.864+09:00,Hoseop Shin,KeyEvent,105:73:0,060,Editor,C:/Users/hoseop/CLionProjects/060/Array.cpp,,32,8,Default task
2023-01-11T21:33:01.949+09:00,Hoseop Shin,KeyEvent,122:90:0,060,Editor,C:/Users/hoseop/CLionProjects/060/Array.cpp,,32,9,Default task
2023-01-11T21:33:02.094+09:00,Hoseop Shin,KeyEvent,101:69:0,060,Editor,C:/Users/hoseop/CLionProjects/060/Array.cpp,,32,10,Default task
2023-01-11T21:33:02.698+09:00,Hoseop Shin,KeyEvent,32:32:0,060,Editor,C:/Users/hoseop/CLionProjects/060/Array.cpp,,32,11,Default task
2023-01-11T21:33:02.865+09:00,Hoseop Shin,KeyEvent,65535:16:1,060,Editor,C:/Users/hoseop/CLionProjects/060/Array.cpp,,32,12,Default task
2023-01-11T21:33:02.964+09:00,Hoseop Shin,KeyEvent,62:46:1,060,Editor,C:/Users/hoseop/CLionProjects/060/Array.cpp,,32,12,Default task
2023-01-11T21:33:03.735+09:00,Hoseop Shin,KeyEvent,61:61:0,060,Editor,C:/Users/hoseop/CLionProjects/060/Array.cpp,,32,13,Default task
2023-01-11T21:33:04.746+09:00,Hoseop Shin,KeyEvent,32:32:0,060,Editor,C:/Users/hoseop/CLionProjects/060/Array.cpp,,32,14,Default task
2023-01-11T21:33:04.905+09:00,Hoseop Shin,KeyEvent,115:83:0,060,Editor,C:/Users/hoseop/CLionProjects/060/Array.cpp,,32,15,Default task
2023-01-11T21:33:04.998+09:00,Hoseop Shin,KeyEvent,116:84:0,060,Editor,C:/Users/hoseop/CLionProjects/060/Array.cpp,,32,16,Default task
2023-01-11T21:33:05.193+09:00,Hoseop Shin,KeyEvent,114:82:0,060,Editor,C:/Users/hoseop/CLionProjects/060/Array.cpp,,32,17,Default task
2023-01-11T21:33:05.251+09:00,Hoseop Shin,KeyEvent,105:73:0,060,Editor,C:/Users/hoseop/CLionProjects/060/Array.cpp,,32,18,Default task
2023-01-11T21:33:05.376+09:00,Hoseop Shin,KeyEvent,110:78:0,060,Editor,C:/Users/hoseop/CLionProjects/060/Array.cpp,,32,19,Default task
2023-01-11T21:33:05.467+09:00,Hoseop Shin,KeyEvent,103:71:0,060,Editor,C:/Users/hoseop/CLionProjects/060/Array.cpp,,32,20,Default task
2023-01-11T21:33:05.724+09:00,Hoseop Shin,Action,EditorBackSpace,060,Editor,C:/Users/hoseop/CLionProjects/060/Array.cpp,,32,21,Default task
2023-01-11T21:33:05.730+09:00,Hoseop Shin,KeyEvent,8:8:0,060,Editor,C:/Users/hoseop/CLionProjects/060/Array.cpp,,32,20,Default task
2023-01-11T21:33:05.869+09:00,Hoseop Shin,Action,EditorBackSpace,060,Editor,C:/Users/hoseop/CLionProjects/060/Array.cpp,,32,20,Default task
2023-01-11T21:33:05.875+09:00,Hoseop Shin,KeyEvent,8:8:0,060,Editor,C:/Users/hoseop/CLionProjects/060/Array.cpp,,32,19,Default task
2023-01-11T21:33:06.053+09:00,Hoseop Shin,Action,EditorBackSpace,060,Editor,C:/Users/hoseop/CLionProjects/060/Array.cpp,,32,19,Default task
2023-01-11T21:33:06.060+09:00,Hoseop Shin,KeyEvent,8:8:0,060,Editor,C:/Users/hoseop/CLionProjects/060/Array.cpp,,32,18,Default task
2023-01-11T21:33:06.197+09:00,Hoseop Shin,Action,EditorBackSpace,060,Editor,C:/Users/hoseop/CLionProjects/060/Array.cpp,,32,18,Default task
2023-01-11T21:33:06.203+09:00,Hoseop Shin,KeyEvent,8:8:0,060,Editor,C:/Users/hoseop/CLionProjects/060/Array.cpp,,32,17,Default task
2023-01-11T21:33:06.334+09:00,Hoseop Shin,Action,EditorBackSpace,060,Editor,C:/Users/hoseop/CLionProjects/060/Array.cpp,,32,17,Default task
2023-01-11T21:33:06.339+09:00,Hoseop Shin,KeyEvent,8:8:0,060,Editor,C:/Users/hoseop/CLionProjects/060/Array.cpp,,32,16,Default task
2023-01-11T21:33:06.480+09:00,Hoseop Shin,Action,EditorBackSpace,060,Editor,C:/Users/hoseop/CLionProjects/060/Array.cpp,,32,16,Default task
2023-01-11T21:33:06.490+09:00,Hoseop Shin,KeyEvent,8:8:0,060,Editor,C:/Users/hoseop/CLionProjects/060/Array.cpp,,32,15,Default task
2023-01-11T21:33:16.149+09:00,Hoseop Shin,KeyEvent,65535:16:1,060,Editor,C:/Users/hoseop/CLionProjects/060/Array.cpp,,32,15,Default task
2023-01-11T21:33:16.215+09:00,Hoseop Shin,KeyEvent,95:45:1,060,Editor,C:/Users/hoseop/CLionProjects/060/Array.cpp,,32,15,Default task
2023-01-11T21:33:16.442+09:00,Hoseop Shin,KeyEvent,115:83:0,060,Editor,C:/Users/hoseop/CLionProjects/060/Array.cpp,,32,16,Default task
2023-01-11T21:33:16.560+09:00,Hoseop Shin,KeyEvent,105:73:0,060,Editor,C:/Users/hoseop/CLionProjects/060/Array.cpp,,32,17,Default task
2023-01-11T21:33:16.709+09:00,Hoseop Shin,KeyEvent,122:90:0,060,Editor,C:/Users/hoseop/CLionProjects/060/Array.cpp,,32,18,Default task
2023-01-11T21:33:17.115+09:00,Hoseop Shin,KeyEvent,101:69:0,060,Editor,C:/Users/hoseop/CLionProjects/060/Array.cpp,,32,19,Default task
2023-01-11T21:33:18.781+09:00,Hoseop Shin,KeyEvent,32:32:0,060,Editor,C:/Users/hoseop/CLionProjects/060/Array.cpp,,32,20,Default task
2023-01-11T21:33:18.962+09:00,Hoseop Shin,KeyEvent,65535:16:1,060,Editor,C:/Users/hoseop/CLionProjects/060/Array.cpp,,32,21,Default task
2023-01-11T21:33:19.115+09:00,Hoseop Shin,KeyEvent,124:92:1,060,Editor,C:/Users/hoseop/CLionProjects/060/Array.cpp,,32,21,Default task
2023-01-11T21:33:19.272+09:00,Hoseop Shin,KeyEvent,124:92:1,060,Editor,C:/Users/hoseop/CLionProjects/060/Array.cpp,,32,22,Default task
2023-01-11T21:33:19.617+09:00,Hoseop Shin,KeyEvent,32:32:0,060,Editor,C:/Users/hoseop/CLionProjects/060/Array.cpp,,32,23,Default task
2023-01-11T21:33:19.820+09:00,Hoseop Shin,KeyEvent,105:73:0,060,Editor,C:/Users/hoseop/CLionProjects/060/Array.cpp,,32,24,Default task
2023-01-11T21:33:20.704+09:00,Hoseop Shin,KeyEvent,32:32:0,060,Editor,C:/Users/hoseop/CLionProjects/060/Array.cpp,,32,25,Default task
2023-01-11T21:33:21.269+09:00,Hoseop Shin,Action,EditorBackSpace,060,Editor,C:/Users/hoseop/CLionProjects/060/Array.cpp,,32,26,Default task
2023-01-11T21:33:21.276+09:00,Hoseop Shin,KeyEvent,8:8:0,060,Editor,C:/Users/hoseop/CLionProjects/060/Array.cpp,,32,25,Default task
2023-01-11T21:33:21.553+09:00,Hoseop Shin,KeyEvent,65535:16:1,060,Editor,C:/Users/hoseop/CLionProjects/060/Array.cpp,,32,25,Default task
2023-01-11T21:33:21.656+09:00,Hoseop Shin,KeyEvent,60:44:1,060,Editor,C:/Users/hoseop/CLionProjects/060/Array.cpp,,32,25,Default task
2023-01-11T21:33:22.167+09:00,Hoseop Shin,KeyEvent,48:48:0,060,Editor,C:/Users/hoseop/CLionProjects/060/Array.cpp,,32,26,Default task
2023-01-11T21:33:23.661+09:00,Hoseop Shin,Action,EditorLeft,060,Editor,C:/Users/hoseop/CLionProjects/060/Array.cpp,,32,27,Default task
2023-01-11T21:33:23.663+09:00,Hoseop Shin,KeyEvent,65535:37:0,060,Editor,C:/Users/hoseop/CLionProjects/060/Array.cpp,,32,26,Default task
2023-01-11T21:33:24.171+09:00,Hoseop Shin,Action,EditorLeft,060,Editor,C:/Users/hoseop/CLionProjects/060/Array.cpp,,32,26,Default task
2023-01-11T21:33:24.173+09:00,Hoseop Shin,KeyEvent,65535:37:0,060,Editor,C:/Users/hoseop/CLionProjects/060/Array.cpp,,32,25,Default task
2023-01-11T21:33:24.684+09:00,Hoseop Shin,Action,EditorBackSpace,060,Editor,C:/Users/hoseop/CLionProjects/060/Array.cpp,,32,25,Default task
2023-01-11T21:33:24.693+09:00,Hoseop Shin,KeyEvent,8:8:0,060,Editor,C:/Users/hoseop/CLionProjects/060/Array.cpp,,32,24,Default task
2023-01-11T21:33:24.922+09:00,Hoseop Shin,KeyEvent,115:83:0,060,Editor,C:/Users/hoseop/CLionProjects/060/Array.cpp,,32,24,Default task
2023-01-11T21:33:25.070+09:00,Hoseop Shin,KeyEvent,105:73:0,060,Editor,C:/Users/hoseop/CLionProjects/060/Array.cpp,,32,25,Default task
2023-01-11T21:33:25.350+09:00,Hoseop Shin,KeyEvent,122:90:0,060,Editor,C:/Users/hoseop/CLionProjects/060/Array.cpp,,32,26,Default task
2023-01-11T21:33:25.550+09:00,Hoseop Shin,KeyEvent,101:69:0,060,Editor,C:/Users/hoseop/CLionProjects/060/Array.cpp,,32,27,Default task
2023-01-11T21:33:26.235+09:00,Hoseop Shin,KeyEvent,32:32:0,060,Editor,C:/Users/hoseop/CLionProjects/060/Array.cpp,,32,28,Default task
2023-01-11T21:33:26.370+09:00,Hoseop Shin,Action,EditorRight,060,Editor,C:/Users/hoseop/CLionProjects/060/Array.cpp,,32,29,Default task
2023-01-11T21:33:26.372+09:00,Hoseop Shin,KeyEvent,65535:39:0,060,Editor,C:/Users/hoseop/CLionProjects/060/Array.cpp,,32,30,Default task
2023-01-11T21:33:26.495+09:00,Hoseop Shin,KeyEvent,32:32:0,060,Editor,C:/Users/hoseop/CLionProjects/060/Array.cpp,,32,30,Default task
2023-01-11T21:33:27.514+09:00,Hoseop Shin,Action,EditorRight,060,Editor,C:/Users/hoseop/CLionProjects/060/Array.cpp,,32,31,Default task
2023-01-11T21:33:27.516+09:00,Hoseop Shin,KeyEvent,65535:39:0,060,Editor,C:/Users/hoseop/CLionProjects/060/Array.cpp,,32,32,Default task
2023-01-11T21:33:28.009+09:00,Hoseop Shin,Action,EditorRight,060,Editor,C:/Users/hoseop/CLionProjects/060/Array.cpp,,32,32,Default task
2023-01-11T21:33:28.011+09:00,Hoseop Shin,KeyEvent,65535:39:0,060,Editor,C:/Users/hoseop/CLionProjects/060/Array.cpp,,32,33,Default task
2023-01-11T21:33:28.377+09:00,Hoseop Shin,Action,EditorEnter,060,Editor,C:/Users/hoseop/CLionProjects/060/Array.cpp,,32,33,Default task
2023-01-11T21:33:28.384+09:00,Hoseop Shin,KeyEvent,10:10:0,060,Editor,C:/Users/hoseop/CLionProjects/060/Array.cpp,,33,8,Default task
2023-01-11T21:33:29.065+09:00,Hoseop Shin,KeyEvent,114:82:0,060,Editor,C:/Users/hoseop/CLionProjects/060/Array.cpp,,33,8,Default task
2023-01-11T21:33:29.151+09:00,Hoseop Shin,KeyEvent,101:69:0,060,Editor,C:/Users/hoseop/CLionProjects/060/Array.cpp,,33,9,Default task
2023-01-11T21:33:29.304+09:00,Hoseop Shin,KeyEvent,116:84:0,060,Editor,C:/Users/hoseop/CLionProjects/060/Array.cpp,,33,10,Default task
2023-01-11T21:33:29.359+09:00,Hoseop Shin,KeyEvent,117:85:0,060,Editor,C:/Users/hoseop/CLionProjects/060/Array.cpp,,33,11,Default task
2023-01-11T21:33:29.469+09:00,Hoseop Shin,KeyEvent,114:82:0,060,Editor,C:/Users/hoseop/CLionProjects/060/Array.cpp,,33,12,Default task
2023-01-11T21:33:29.564+09:00,Hoseop Shin,KeyEvent,110:78:0,060,Editor,C:/Users/hoseop/CLionProjects/060/Array.cpp,,33,13,Default task
2023-01-11T21:33:29.762+09:00,Hoseop Shin,KeyEvent,32:32:0,060,Editor,C:/Users/hoseop/CLionProjects/060/Array.cpp,,33,14,Default task
2023-01-11T21:33:30.228+09:00,Hoseop Shin,KeyEvent,110:78:0,060,Editor,C:/Users/hoseop/CLionProjects/060/Array.cpp,,33,15,Default task
2023-01-11T21:33:30.552+09:00,Hoseop Shin,KeyEvent,117:85:0,060,Editor,C:/Users/hoseop/CLionProjects/060/Array.cpp,,33,16,Default task
2023-01-11T21:33:30.975+09:00,Hoseop Shin,Action,EditorBackSpace,060,Editor,C:/Users/hoseop/CLionProjects/060/Array.cpp,,33,17,Default task
2023-01-11T21:33:30.991+09:00,Hoseop Shin,KeyEvent,8:8:0,060,Editor,C:/Users/hoseop/CLionProjects/060/Array.cpp,,33,16,Default task
2023-01-11T21:33:31.118+09:00,Hoseop Shin,Action,EditorBackSpace,060,Editor,C:/Users/hoseop/CLionProjects/060/Array.cpp,,33,16,Default task
2023-01-11T21:33:31.135+09:00,Hoseop Shin,KeyEvent,8:8:0,060,Editor,C:/Users/hoseop/CLionProjects/060/Array.cpp,,33,15,Default task
2023-01-11T21:33:31.256+09:00,Hoseop Shin,KeyEvent,65535:20:0,060,Editor,C:/Users/hoseop/CLionProjects/060/Array.cpp,,33,15,Default task
2023-01-11T21:33:31.367+09:00,Hoseop Shin,KeyEvent,78:78:0,060,Editor,C:/Users/hoseop/CLionProjects/060/Array.cpp,,33,15,Default task
2023-01-11T21:33:31.506+09:00,Hoseop Shin,KeyEvent,85:85:0,060,Editor,C:/Users/hoseop/CLionProjects/060/Array.cpp,,33,16,Default task
2023-01-11T21:33:31.794+09:00,Hoseop Shin,KeyEvent,76:76:0,060,Editor,C:/Users/hoseop/CLionProjects/060/Array.cpp,,33,17,Default task
2023-01-11T21:33:31.988+09:00,Hoseop Shin,KeyEvent,76:76:0,060,Editor,C:/Users/hoseop/CLionProjects/060/Array.cpp,,33,18,Default task
2023-01-11T21:33:32.485+09:00,Hoseop Shin,KeyEvent,59:59:0,060,Editor,C:/Users/hoseop/CLionProjects/060/Array.cpp,,33,19,Default task
2023-01-11T21:33:32.796+09:00,Hoseop Shin,KeyEvent,65535:20:0,060,Editor,C:/Users/hoseop/CLionProjects/060/Array.cpp,,33,20,Default task
2023-01-11T21:33:38.042+09:00,Hoseop Shin,KeyEvent,48:48:0,060,Editor,C:/Users/hoseop/CLionProjects/060/Array.cpp,,33,15,Default task
2023-01-11T21:33:44.141+09:00,Hoseop Shin,Action,EditorBackSpace,060,Editor,C:/Users/hoseop/CLionProjects/060/Array.cpp,,33,16,Default task
2023-01-11T21:33:44.144+09:00,Hoseop Shin,KeyEvent,8:8:0,060,Editor,C:/Users/hoseop/CLionProjects/060/Array.cpp,,33,15,Default task
2023-01-11T21:33:44.334+09:00,Hoseop Shin,KeyEvent,45:45:0,060,Editor,C:/Users/hoseop/CLionProjects/060/Array.cpp,,33,15,Default task
2023-01-11T21:33:44.363+09:00,Hoseop Shin,KeyEvent,49:49:0,060,Editor,C:/Users/hoseop/CLionProjects/060/Array.cpp,,33,16,Default task
2023-01-11T21:34:11.286+09:00,Hoseop Shin,Action,EditorBackSpace,060,Editor,C:/Users/hoseop/CLionProjects/060/Array.cpp,,33,17,Default task
2023-01-11T21:34:11.291+09:00,Hoseop Shin,KeyEvent,8:8:0,060,Editor,C:/Users/hoseop/CLionProjects/060/Array.cpp,,33,16,Default task
2023-01-11T21:34:11.410+09:00,Hoseop Shin,Action,EditorBackSpace,060,Editor,C:/Users/hoseop/CLionProjects/060/Array.cpp,,33,16,Default task
2023-01-11T21:34:11.413+09:00,Hoseop Shin,KeyEvent,8:8:0,060,Editor,C:/Users/hoseop/CLionProjects/060/Array.cpp,,33,15,Default task
2023-01-11T21:34:11.994+09:00,Hoseop Shin,KeyEvent,110:78:0,060,Editor,C:/Users/hoseop/CLionProjects/060/Array.cpp,,33,15,Default task
2023-01-11T21:34:12.153+09:00,Hoseop Shin,KeyEvent,117:85:0,060,Editor,C:/Users/hoseop/CLionProjects/060/Array.cpp,,33,16,Default task
2023-01-11T21:34:12.384+09:00,Hoseop Shin,KeyEvent,108:76:0,060,Editor,C:/Users/hoseop/CLionProjects/060/Array.cpp,,33,17,Default task
2023-01-11T21:34:12.535+09:00,Hoseop Shin,KeyEvent,108:76:0,060,Editor,C:/Users/hoseop/CLionProjects/060/Array.cpp,,33,18,Default task
2023-01-11T21:34:13.663+09:00,Hoseop Shin,Action,EditorBackSpace,060,Editor,C:/Users/hoseop/CLionProjects/060/Array.cpp,,33,19,Default task
2023-01-11T21:34:13.669+09:00,Hoseop Shin,KeyEvent,8:8:0,060,Editor,C:/Users/hoseop/CLionProjects/060/Array.cpp,,33,18,Default task
2023-01-11T21:34:13.820+09:00,Hoseop Shin,Action,EditorBackSpace,060,Editor,C:/Users/hoseop/CLionProjects/060/Array.cpp,,33,18,Default task
2023-01-11T21:34:13.833+09:00,Hoseop Shin,KeyEvent,8:8:0,060,Editor,C:/Users/hoseop/CLionProjects/060/Array.cpp,,33,17,Default task
2023-01-11T21:34:13.968+09:00,Hoseop Shin,Action,EditorBackSpace,060,Editor,C:/Users/hoseop/CLionProjects/060/Array.cpp,,33,17,Default task
2023-01-11T21:34:13.985+09:00,Hoseop Shin,KeyEvent,8:8:0,060,Editor,C:/Users/hoseop/CLionProjects/060/Array.cpp,,33,16,Default task
2023-01-11T21:34:14.331+09:00,Hoseop Shin,Action,EditorBackSpace,060,Editor,C:/Users/hoseop/CLionProjects/060/Array.cpp,,33,16,Default task
2023-01-11T21:34:14.357+09:00,Hoseop Shin,KeyEvent,8:8:0,060,Editor,C:/Users/hoseop/CLionProjects/060/Array.cpp,,33,15,Default task
2023-01-11T21:34:14.495+09:00,Hoseop Shin,KeyEvent,65535:20:0,060,Editor,C:/Users/hoseop/CLionProjects/060/Array.cpp,,33,15,Default task
2023-01-11T21:34:14.589+09:00,Hoseop Shin,KeyEvent,78:78:0,060,Editor,C:/Users/hoseop/CLionProjects/060/Array.cpp,,33,15,Default task
2023-01-11T21:34:14.724+09:00,Hoseop Shin,KeyEvent,85:85:0,060,Editor,C:/Users/hoseop/CLionProjects/060/Array.cpp,,33,16,Default task
2023-01-11T21:34:14.877+09:00,Hoseop Shin,KeyEvent,76:76:0,060,Editor,C:/Users/hoseop/CLionProjects/060/Array.cpp,,33,17,Default task
2023-01-11T21:34:15.051+09:00,Hoseop Shin,KeyEvent,76:76:0,060,Editor,C:/Users/hoseop/CLionProjects/060/Array.cpp,,33,18,Default task
2023-01-11T21:34:15.216+09:00,Hoseop Shin,KeyEvent,65535:20:0,060,Editor,C:/Users/hoseop/CLionProjects/060/Array.cpp,,33,19,Default task
2023-01-11T21:34:16.825+09:00,Hoseop Shin,Action,EditorRight,060,Editor,C:/Users/hoseop/CLionProjects/060/Array.cpp,,33,19,Default task
2023-01-11T21:34:16.828+09:00,Hoseop Shin,KeyEvent,65535:39:0,060,Editor,C:/Users/hoseop/CLionProjects/060/Array.cpp,,33,20,Default task
2023-01-11T21:34:34.878+09:00,Hoseop Shin,KeyEvent,65535:17:2,060,Editor,C:/Users/hoseop/CLionProjects/060/Array.cpp,,34,49,Default task
2023-01-11T21:34:34.967+09:00,Hoseop Shin,Action,EditorCut,060,Editor,C:/Users/hoseop/CLionProjects/060/Array.cpp,,34,49,Default task
2023-01-11T21:34:34.987+09:00,Hoseop Shin,KeyEvent,24:88:2,060,Editor,C:/Users/hoseop/CLionProjects/060/Array.cpp,,34,4,Default task
2023-01-11T21:34:35.536+09:00,Hoseop Shin,Action,EditorBackSpace,060,Editor,C:/Users/hoseop/CLionProjects/060/Array.cpp,,34,4,Default task
2023-01-11T21:34:35.554+09:00,Hoseop Shin,KeyEvent,8:8:0,060,Editor,C:/Users/hoseop/CLionProjects/060/Array.cpp,,33,20,Default task
2023-01-11T21:34:36.442+09:00,Hoseop Shin,Action,EditorUp,060,Editor,C:/Users/hoseop/CLionProjects/060/Array.cpp,,33,20,Default task
2023-01-11T21:34:36.444+09:00,Hoseop Shin,KeyEvent,65535:38:0,060,Editor,C:/Users/hoseop/CLionProjects/060/Array.cpp,,32,20,Default task
2023-01-11T21:34:36.945+09:00,Hoseop Shin,Action,EditorLineStart,060,Editor,C:/Users/hoseop/CLionProjects/060/Array.cpp,,32,20,Default task
2023-01-11T21:34:36.946+09:00,Hoseop Shin,KeyEvent,65535:36:0,060,Editor,C:/Users/hoseop/CLionProjects/060/Array.cpp,,32,4,Default task
2023-01-11T21:34:37.240+09:00,Hoseop Shin,Action,EditorEnter,060,Editor,C:/Users/hoseop/CLionProjects/060/Array.cpp,,32,4,Default task
2023-01-11T21:34:37.245+09:00,Hoseop Shin,KeyEvent,10:10:0,060,Editor,C:/Users/hoseop/CLionProjects/060/Array.cpp,,33,4,Default task
2023-01-11T21:34:37.545+09:00,Hoseop Shin,Action,EditorUp,060,Editor,C:/Users/hoseop/CLionProjects/060/Array.cpp,,33,4,Default task
2023-01-11T21:34:37.546+09:00,Hoseop Shin,KeyEvent,65535:38:0,060,Editor,C:/Users/hoseop/CLionProjects/060/Array.cpp,,32,4,Default task
2023-01-11T21:34:37.677+09:00,Hoseop Shin,KeyEvent,65535:17:2,060,Editor,C:/Users/hoseop/CLionProjects/060/Array.cpp,,32,4,Default task
2023-01-11T21:34:37.728+09:00,Hoseop Shin,Action,EditorPaste,060,Editor,C:/Users/hoseop/CLionProjects/060/Array.cpp,,32,4,Default task
2023-01-11T21:34:37.756+09:00,Hoseop Shin,KeyEvent,22:86:2,060,Editor,C:/Users/hoseop/CLionProjects/060/Array.cpp,,32,49,Default task
2023-01-11T21:34:40.873+09:00,Hoseop Shin,Action,EditorRight,060,Editor,C:/Users/hoseop/CLionProjects/060/Array.cpp,,35,3,Default task
2023-01-11T21:34:40.875+09:00,Hoseop Shin,KeyEvent,65535:39:0,060,Editor,C:/Users/hoseop/CLionProjects/060/Array.cpp,,35,4,Default task
2023-01-11T21:34:41.259+09:00,Hoseop Shin,KeyEvent,101:69:0,060,Editor,C:/Users/hoseop/CLionProjects/060/Array.cpp,,35,4,Default task
2023-01-11T21:34:41.344+09:00,Hoseop Shin,KeyEvent,108:76:0,060,Editor,C:/Users/hoseop/CLionProjects/060/Array.cpp,,35,5,Default task
2023-01-11T21:34:41.422+09:00,Hoseop Shin,KeyEvent,115:83:0,060,Editor,C:/Users/hoseop/CLionProjects/060/Array.cpp,,35,6,Default task
2023-01-11T21:34:41.524+09:00,Hoseop Shin,KeyEvent,101:69:0,060,Editor,C:/Users/hoseop/CLionProjects/060/Array.cpp,,35,7,Default task
2023-01-11T21:34:41.620+09:00,Hoseop Shin,KeyEvent,32:32:0,060,Editor,C:/Users/hoseop/CLionProjects/060/Array.cpp,,35,8,Default task
2023-01-11T21:35:20.561+09:00,Hoseop Shin,Action,EditorBackSpace,060,Editor,C:/Users/hoseop/CLionProjects/060/Array.cpp,,35,9,Default task
2023-01-11T21:35:20.572+09:00,Hoseop Shin,KeyEvent,8:8:0,060,Editor,C:/Users/hoseop/CLionProjects/060/Array.cpp,,35,8,Default task
2023-01-11T21:35:20.717+09:00,Hoseop Shin,Action,EditorBackSpace,060,Editor,C:/Users/hoseop/CLionProjects/060/Array.cpp,,35,8,Default task
2023-01-11T21:35:20.730+09:00,Hoseop Shin,KeyEvent,8:8:0,060,Editor,C:/Users/hoseop/CLionProjects/060/Array.cpp,,35,7,Default task
2023-01-11T21:35:20.884+09:00,Hoseop Shin,Action,EditorBackSpace,060,Editor,C:/Users/hoseop/CLionProjects/060/Array.cpp,,35,7,Default task
2023-01-11T21:35:20.899+09:00,Hoseop Shin,KeyEvent,8:8:0,060,Editor,C:/Users/hoseop/CLionProjects/060/Array.cpp,,35,6,Default task
2023-01-11T21:35:21.054+09:00,Hoseop Shin,Action,EditorBackSpace,060,Editor,C:/Users/hoseop/CLionProjects/060/Array.cpp,,35,6,Default task
2023-01-11T21:35:21.067+09:00,Hoseop Shin,KeyEvent,8:8:0,060,Editor,C:/Users/hoseop/CLionProjects/060/Array.cpp,,35,5,Default task
2023-01-11T21:35:21.291+09:00,Hoseop Shin,Action,EditorBackSpace,060,Editor,C:/Users/hoseop/CLionProjects/060/Array.cpp,,35,5,Default task
2023-01-11T21:35:21.299+09:00,Hoseop Shin,KeyEvent,8:8:0,060,Editor,C:/Users/hoseop/CLionProjects/060/Array.cpp,,35,4,Default task
2023-01-11T21:35:29.290+09:00,Hoseop Shin,Action,EditorBackSpace,060,Editor,C:/Users/hoseop/CLionProjects/060/Array.cpp,,33,4,Default task
2023-01-11T21:35:29.294+09:00,Hoseop Shin,KeyEvent,8:8:0,060,Editor,C:/Users/hoseop/CLionProjects/060/Array.cpp,,33,4,Default task
2023-01-11T21:35:31.571+09:00,Hoseop Shin,KeyEvent,105:73:0,060,Editor,C:/Users/hoseop/CLionProjects/060/Array.cpp,,33,4,Default task
2023-01-11T21:35:31.782+09:00,Hoseop Shin,KeyEvent,102:70:0,060,Editor,C:/Users/hoseop/CLionProjects/060/Array.cpp,,33,5,Default task
2023-01-11T21:35:32.729+09:00,Hoseop Shin,KeyEvent,65535:16:1,060,Editor,C:/Users/hoseop/CLionProjects/060/Array.cpp,,33,6,Default task
2023-01-11T21:35:32.826+09:00,Hoseop Shin,KeyEvent,40:57:1,060,Editor,C:/Users/hoseop/CLionProjects/060/Array.cpp,,33,6,Default task
2023-01-11T21:35:34.439+09:00,Hoseop Shin,KeyEvent,115:83:0,060,Editor,C:/Users/hoseop/CLionProjects/060/Array.cpp,,33,7,Default task
2023-01-11T21:35:34.566+09:00,Hoseop Shin,KeyEvent,105:73:0,060,Editor,C:/Users/hoseop/CLionProjects/060/Array.cpp,,33,8,Default task
2023-01-11T21:35:34.702+09:00,Hoseop Shin,KeyEvent,122:90:0,060,Editor,C:/Users/hoseop/CLionProjects/060/Array.cpp,,33,9,Default task
2023-01-11T21:35:34.873+09:00,Hoseop Shin,KeyEvent,101:69:0,060,Editor,C:/Users/hoseop/CLionProjects/060/Array.cpp,,33,10,Default task
2023-01-11T21:35:39.366+09:00,Hoseop Shin,Action,EditorLeft,060,Editor,C:/Users/hoseop/CLionProjects/060/Array.cpp,,33,11,Default task
2023-01-11T21:35:39.371+09:00,Hoseop Shin,KeyEvent,65535:37:0,060,Editor,C:/Users/hoseop/CLionProjects/060/Array.cpp,,33,10,Default task
2023-01-11T21:35:39.509+09:00,Hoseop Shin,Action,EditorLeft,060,Editor,C:/Users/hoseop/CLionProjects/060/Array.cpp,,33,10,Default task
2023-01-11T21:35:39.518+09:00,Hoseop Shin,KeyEvent,65535:37:0,060,Editor,C:/Users/hoseop/CLionProjects/060/Array.cpp,,33,9,Default task
2023-01-11T21:35:39.670+09:00,Hoseop Shin,Action,EditorLeft,060,Editor,C:/Users/hoseop/CLionProjects/060/Array.cpp,,33,9,Default task
2023-01-11T21:35:39.674+09:00,Hoseop Shin,KeyEvent,65535:37:0,060,Editor,C:/Users/hoseop/CLionProjects/060/Array.cpp,,33,8,Default task
2023-01-11T21:35:39.921+09:00,Hoseop Shin,Action,EditorLeft,060,Editor,C:/Users/hoseop/CLionProjects/060/Array.cpp,,33,8,Default task
2023-01-11T21:35:39.924+09:00,Hoseop Shin,KeyEvent,65535:37:0,060,Editor,C:/Users/hoseop/CLionProjects/060/Array.cpp,,33,7,Default task
2023-01-11T21:35:40.466+09:00,Hoseop Shin,Action,EditorRight,060,Editor,C:/Users/hoseop/CLionProjects/060/Array.cpp,,33,7,Default task
2023-01-11T21:35:40.474+09:00,Hoseop Shin,KeyEvent,65535:39:0,060,Editor,C:/Users/hoseop/CLionProjects/060/Array.cpp,,33,8,Default task
2023-01-11T21:35:40.648+09:00,Hoseop Shin,Action,EditorRight,060,Editor,C:/Users/hoseop/CLionProjects/060/Array.cpp,,33,8,Default task
2023-01-11T21:35:40.655+09:00,Hoseop Shin,KeyEvent,65535:39:0,060,Editor,C:/Users/hoseop/CLionProjects/060/Array.cpp,,33,9,Default task
2023-01-11T21:35:40.759+09:00,Hoseop Shin,Action,EditorRight,060,Editor,C:/Users/hoseop/CLionProjects/060/Array.cpp,,33,9,Default task
2023-01-11T21:35:40.765+09:00,Hoseop Shin,KeyEvent,65535:39:0,060,Editor,C:/Users/hoseop/CLionProjects/060/Array.cpp,,33,10,Default task
2023-01-11T21:35:41.532+09:00,Hoseop Shin,Action,EditorRight,060,Editor,C:/Users/hoseop/CLionProjects/060/Array.cpp,,33,10,Default task
2023-01-11T21:35:41.537+09:00,Hoseop Shin,KeyEvent,65535:39:0,060,Editor,C:/Users/hoseop/CLionProjects/060/Array.cpp,,33,11,Default task
2023-01-11T21:35:44.889+09:00,Hoseop Shin,Action,EditorLeft,060,Editor,C:/Users/hoseop/CLionProjects/060/Array.cpp,,33,11,Default task
2023-01-11T21:35:44.895+09:00,Hoseop Shin,KeyEvent,65535:37:0,060,Editor,C:/Users/hoseop/CLionProjects/060/Array.cpp,,33,10,Default task
2023-01-11T21:35:45.014+09:00,Hoseop Shin,Action,EditorLeft,060,Editor,C:/Users/hoseop/CLionProjects/060/Array.cpp,,33,10,Default task
2023-01-11T21:35:45.020+09:00,Hoseop Shin,KeyEvent,65535:37:0,060,Editor,C:/Users/hoseop/CLionProjects/060/Array.cpp,,33,9,Default task
2023-01-11T21:35:45.142+09:00,Hoseop Shin,Action,EditorLeft,060,Editor,C:/Users/hoseop/CLionProjects/060/Array.cpp,,33,9,Default task
2023-01-11T21:35:45.151+09:00,Hoseop Shin,KeyEvent,65535:37:0,060,Editor,C:/Users/hoseop/CLionProjects/060/Array.cpp,,33,8,Default task
2023-01-11T21:35:45.291+09:00,Hoseop Shin,Action,EditorLeft,060,Editor,C:/Users/hoseop/CLionProjects/060/Array.cpp,,33,8,Default task
2023-01-11T21:35:45.295+09:00,Hoseop Shin,KeyEvent,65535:37:0,060,Editor,C:/Users/hoseop/CLionProjects/060/Array.cpp,,33,7,Default task
2023-01-11T21:35:46.068+09:00,Hoseop Shin,KeyEvent,65535:16:1,060,Editor,C:/Users/hoseop/CLionProjects/060/Array.cpp,,33,7,Default task
2023-01-11T21:35:46.173+09:00,Hoseop Shin,KeyEvent,95:45:1,060,Editor,C:/Users/hoseop/CLionProjects/060/Array.cpp,,33,7,Default task
2023-01-11T21:35:46.572+09:00,Hoseop Shin,Action,EditorRight,060,Editor,C:/Users/hoseop/CLionProjects/060/Array.cpp,,33,8,Default task
2023-01-11T21:35:46.580+09:00,Hoseop Shin,KeyEvent,65535:39:0,060,Editor,C:/Users/hoseop/CLionProjects/060/Array.cpp,,33,9,Default task
2023-01-11T21:35:46.756+09:00,Hoseop Shin,Action,EditorRight,060,Editor,C:/Users/hoseop/CLionProjects/060/Array.cpp,,33,9,Default task
2023-01-11T21:35:46.766+09:00,Hoseop Shin,KeyEvent,65535:39:0,060,Editor,C:/Users/hoseop/CLionProjects/060/Array.cpp,,33,10,Default task
2023-01-11T21:35:46.907+09:00,Hoseop Shin,Action,EditorRight,060,Editor,C:/Users/hoseop/CLionProjects/060/Array.cpp,,33,10,Default task
2023-01-11T21:35:46.916+09:00,Hoseop Shin,KeyEvent,65535:39:0,060,Editor,C:/Users/hoseop/CLionProjects/060/Array.cpp,,33,11,Default task
2023-01-11T21:35:47.034+09:00,Hoseop Shin,Action,EditorRight,060,Editor,C:/Users/hoseop/CLionProjects/060/Array.cpp,,33,11,Default task
2023-01-11T21:35:47.037+09:00,Hoseop Shin,KeyEvent,65535:39:0,060,Editor,C:/Users/hoseop/CLionProjects/060/Array.cpp,,33,12,Default task
2023-01-11T21:35:48.422+09:00,Hoseop Shin,KeyEvent,65535:16:1,060,Editor,C:/Users/hoseop/CLionProjects/060/Array.cpp,,33,12,Default task
2023-01-11T21:35:48.516+09:00,Hoseop Shin,KeyEvent,33:49:1,060,Editor,C:/Users/hoseop/CLionProjects/060/Array.cpp,,33,12,Default task
2023-01-11T21:35:48.727+09:00,Hoseop Shin,KeyEvent,61:61:0,060,Editor,C:/Users/hoseop/CLionProjects/060/Array.cpp,,33,13,Default task
2023-01-11T21:35:48.941+09:00,Hoseop Shin,KeyEvent,48:48:0,060,Editor,C:/Users/hoseop/CLionProjects/060/Array.cpp,,33,14,Default task
2023-01-11T21:35:50.047+09:00,Hoseop Shin,KeyEvent,32:32:0,060,Editor,C:/Users/hoseop/CLionProjects/060/Array.cpp,,33,15,Default task
2023-01-11T21:35:50.475+09:00,Hoseop Shin,KeyEvent,65535:16:1,060,Editor,C:/Users/hoseop/CLionProjects/060/Array.cpp,,33,16,Default task
2023-01-11T21:35:50.880+09:00,Hoseop Shin,KeyEvent,38:55:1,060,Editor,C:/Users/hoseop/CLionProjects/060/Array.cpp,,33,16,Default task
2023-01-11T21:35:51.001+09:00,Hoseop Shin,KeyEvent,38:55:1,060,Editor,C:/Users/hoseop/CLionProjects/060/Array.cpp,,33,17,Default task
2023-01-11T21:35:51.232+09:00,Hoseop Shin,KeyEvent,32:32:0,060,Editor,C:/Users/hoseop/CLionProjects/060/Array.cpp,,33,18,Default task
2023-01-11T21:35:52.914+09:00,Hoseop Shin,KeyEvent,48:48:0,060,Editor,C:/Users/hoseop/CLionProjects/060/Array.cpp,,33,19,Default task
2023-01-11T21:35:53.188+09:00,Hoseop Shin,KeyEvent,65535:16:1,060,Editor,C:/Users/hoseop/CLionProjects/060/Array.cpp,,33,20,Default task
2023-01-11T21:35:53.336+09:00,Hoseop Shin,KeyEvent,60:44:1,060,Editor,C:/Users/hoseop/CLionProjects/060/Array.cpp,,33,20,Default task
2023-01-11T21:35:53.625+09:00,Hoseop Shin,KeyEvent,61:61:0,060,Editor,C:/Users/hoseop/CLionProjects/060/Array.cpp,,33,21,Default task
2023-01-11T21:35:54.205+09:00,Hoseop Shin,KeyEvent,32:32:0,060,Editor,C:/Users/hoseop/CLionProjects/060/Array.cpp,,33,22,Default task
2023-01-11T21:35:54.845+09:00,Hoseop Shin,KeyEvent,115:83:0,060,Editor,C:/Users/hoseop/CLionProjects/060/Array.cpp,,33,23,Default task
2023-01-11T21:35:54.930+09:00,Hoseop Shin,KeyEvent,105:73:0,060,Editor,C:/Users/hoseop/CLionProjects/060/Array.cpp,,33,24,Default task
2023-01-11T21:35:55.061+09:00,Hoseop Shin,KeyEvent,122:90:0,060,Editor,C:/Users/hoseop/CLionProjects/060/Array.cpp,,33,25,Default task
2023-01-11T21:35:55.177+09:00,Hoseop Shin,KeyEvent,101:69:0,060,Editor,C:/Users/hoseop/CLionProjects/060/Array.cpp,,33,26,Default task
2023-01-11T21:35:57.006+09:00,Hoseop Shin,KeyEvent,32:32:0,060,Editor,C:/Users/hoseop/CLionProjects/060/Array.cpp,,33,27,Default task
2023-01-11T21:35:57.482+09:00,Hoseop Shin,KeyEvent,65535:16:1,060,Editor,C:/Users/hoseop/CLionProjects/060/Array.cpp,,33,28,Default task
2023-01-11T21:35:57.562+09:00,Hoseop Shin,KeyEvent,38:55:1,060,Editor,C:/Users/hoseop/CLionProjects/060/Array.cpp,,33,28,Default task
2023-01-11T21:35:58.278+09:00,Hoseop Shin,KeyEvent,65535:16:1,060,Editor,C:/Users/hoseop/CLionProjects/060/Array.cpp,,33,29,Default task
2023-01-11T21:35:58.354+09:00,Hoseop Shin,KeyEvent,38:55:1,060,Editor,C:/Users/hoseop/CLionProjects/060/Array.cpp,,33,29,Default task
2023-01-11T21:35:58.638+09:00,Hoseop Shin,KeyEvent,32:32:0,060,Editor,C:/Users/hoseop/CLionProjects/060/Array.cpp,,33,30,Default task
2023-01-11T21:36:00.751+09:00,Hoseop Shin,KeyEvent,115:83:0,060,Editor,C:/Users/hoseop/CLionProjects/060/Array.cpp,,33,31,Default task
2023-01-11T21:36:01.081+09:00,Hoseop Shin,KeyEvent,105:73:0,060,Editor,C:/Users/hoseop/CLionProjects/060/Array.cpp,,33,32,Default task
2023-01-11T21:36:01.193+09:00,Hoseop Shin,KeyEvent,122:90:0,060,Editor,C:/Users/hoseop/CLionProjects/060/Array.cpp,,33,33,Default task
2023-01-11T21:36:01.301+09:00,Hoseop Shin,KeyEvent,101:69:0,060,Editor,C:/Users/hoseop/CLionProjects/060/Array.cpp,,33,34,Default task
2023-01-11T21:36:02.552+09:00,Hoseop Shin,KeyEvent,32:32:0,060,Editor,C:/Users/hoseop/CLionProjects/060/Array.cpp,,33,35,Default task
2023-01-11T21:36:02.712+09:00,Hoseop Shin,KeyEvent,65535:16:1,060,Editor,C:/Users/hoseop/CLionProjects/060/Array.cpp,,33,36,Default task
2023-01-11T21:36:02.811+09:00,Hoseop Shin,KeyEvent,60:44:1,060,Editor,C:/Users/hoseop/CLionProjects/060/Array.cpp,,33,36,Default task
2023-01-11T21:36:04.328+09:00,Hoseop Shin,Action,EditorLeft,060,Editor,C:/Users/hoseop/CLionProjects/060/Array.cpp,,33,37,Default task
2023-01-11T21:36:04.331+09:00,Hoseop Shin,KeyEvent,65535:37:0,060,Editor,C:/Users/hoseop/CLionProjects/060/Array.cpp,,33,36,Default task
2023-01-11T21:36:04.825+09:00,Hoseop Shin,Action,EditorLeft,060,Editor,C:/Users/hoseop/CLionProjects/060/Array.cpp,,33,36,Default task
2023-01-11T21:36:04.827+09:00,Hoseop Shin,KeyEvent,65535:37:0,060,Editor,C:/Users/hoseop/CLionProjects/060/Array.cpp,,33,35,Default task
2023-01-11T21:36:04.857+09:00,Hoseop Shin,Action,EditorLeft,060,Editor,C:/Users/hoseop/CLionProjects/060/Array.cpp,,33,35,Default task
2023-01-11T21:36:04.859+09:00,Hoseop Shin,KeyEvent,65535:37:0,060,Editor,C:/Users/hoseop/CLionProjects/060/Array.cpp,,33,34,Default task
2023-01-11T21:36:04.888+09:00,Hoseop Shin,Action,EditorLeft,060,Editor,C:/Users/hoseop/CLionProjects/060/Array.cpp,,33,34,Default task
2023-01-11T21:36:04.890+09:00,Hoseop Shin,KeyEvent,65535:37:0,060,Editor,C:/Users/hoseop/CLionProjects/060/Array.cpp,,33,33,Default task
2023-01-11T21:36:04.921+09:00,Hoseop Shin,Action,EditorLeft,060,Editor,C:/Users/hoseop/CLionProjects/060/Array.cpp,,33,33,Default task
2023-01-11T21:36:04.923+09:00,Hoseop Shin,KeyEvent,65535:37:0,060,Editor,C:/Users/hoseop/CLionProjects/060/Array.cpp,,33,32,Default task
2023-01-11T21:36:04.952+09:00,Hoseop Shin,Action,EditorLeft,060,Editor,C:/Users/hoseop/CLionProjects/060/Array.cpp,,33,32,Default task
2023-01-11T21:36:04.955+09:00,Hoseop Shin,KeyEvent,65535:37:0,060,Editor,C:/Users/hoseop/CLionProjects/060/Array.cpp,,33,31,Default task
2023-01-11T21:36:04.984+09:00,Hoseop Shin,Action,EditorLeft,060,Editor,C:/Users/hoseop/CLionProjects/060/Array.cpp,,33,31,Default task
2023-01-11T21:36:04.987+09:00,Hoseop Shin,KeyEvent,65535:37:0,060,Editor,C:/Users/hoseop/CLionProjects/060/Array.cpp,,33,30,Default task
2023-01-11T21:36:05.015+09:00,Hoseop Shin,Action,EditorLeft,060,Editor,C:/Users/hoseop/CLionProjects/060/Array.cpp,,33,30,Default task
2023-01-11T21:36:05.017+09:00,Hoseop Shin,KeyEvent,65535:37:0,060,Editor,C:/Users/hoseop/CLionProjects/060/Array.cpp,,33,29,Default task
2023-01-11T21:36:05.048+09:00,Hoseop Shin,Action,EditorLeft,060,Editor,C:/Users/hoseop/CLionProjects/060/Array.cpp,,33,29,Default task
2023-01-11T21:36:05.050+09:00,Hoseop Shin,KeyEvent,65535:37:0,060,Editor,C:/Users/hoseop/CLionProjects/060/Array.cpp,,33,28,Default task
2023-01-11T21:36:05.081+09:00,Hoseop Shin,Action,EditorLeft,060,Editor,C:/Users/hoseop/CLionProjects/060/Array.cpp,,33,28,Default task
2023-01-11T21:36:05.083+09:00,Hoseop Shin,KeyEvent,65535:37:0,060,Editor,C:/Users/hoseop/CLionProjects/060/Array.cpp,,33,27,Default task
2023-01-11T21:36:05.112+09:00,Hoseop Shin,Action,EditorLeft,060,Editor,C:/Users/hoseop/CLionProjects/060/Array.cpp,,33,27,Default task
2023-01-11T21:36:05.114+09:00,Hoseop Shin,KeyEvent,65535:37:0,060,Editor,C:/Users/hoseop/CLionProjects/060/Array.cpp,,33,26,Default task
2023-01-11T21:36:05.145+09:00,Hoseop Shin,Action,EditorLeft,060,Editor,C:/Users/hoseop/CLionProjects/060/Array.cpp,,33,26,Default task
2023-01-11T21:36:05.147+09:00,Hoseop Shin,KeyEvent,65535:37:0,060,Editor,C:/Users/hoseop/CLionProjects/060/Array.cpp,,33,25,Default task
2023-01-11T21:36:05.353+09:00,Hoseop Shin,Action,EditorLeft,060,Editor,C:/Users/hoseop/CLionProjects/060/Array.cpp,,33,25,Default task
2023-01-11T21:36:05.354+09:00,Hoseop Shin,KeyEvent,65535:37:0,060,Editor,C:/Users/hoseop/CLionProjects/060/Array.cpp,,33,24,Default task
2023-01-11T21:36:05.499+09:00,Hoseop Shin,Action,EditorLeft,060,Editor,C:/Users/hoseop/CLionProjects/060/Array.cpp,,33,24,Default task
2023-01-11T21:36:05.501+09:00,Hoseop Shin,KeyEvent,65535:37:0,060,Editor,C:/Users/hoseop/CLionProjects/060/Array.cpp,,33,23,Default task
2023-01-11T21:36:05.631+09:00,Hoseop Shin,Action,EditorLeft,060,Editor,C:/Users/hoseop/CLionProjects/060/Array.cpp,,33,23,Default task
2023-01-11T21:36:05.633+09:00,Hoseop Shin,KeyEvent,65535:37:0,060,Editor,C:/Users/hoseop/CLionProjects/060/Array.cpp,,33,22,Default task
2023-01-11T21:36:05.767+09:00,Hoseop Shin,Action,EditorLeft,060,Editor,C:/Users/hoseop/CLionProjects/060/Array.cpp,,33,22,Default task
2023-01-11T21:36:05.768+09:00,Hoseop Shin,KeyEvent,65535:37:0,060,Editor,C:/Users/hoseop/CLionProjects/060/Array.cpp,,33,21,Default task
2023-01-11T21:36:05.927+09:00,Hoseop Shin,Action,EditorLeft,060,Editor,C:/Users/hoseop/CLionProjects/060/Array.cpp,,33,21,Default task
2023-01-11T21:36:05.929+09:00,Hoseop Shin,KeyEvent,65535:37:0,060,Editor,C:/Users/hoseop/CLionProjects/060/Array.cpp,,33,20,Default task
2023-01-11T21:36:06.306+09:00,Hoseop Shin,KeyEvent,32:32:0,060,Editor,C:/Users/hoseop/CLionProjects/060/Array.cpp,,33,20,Default task
2023-01-11T21:36:06.674+09:00,Hoseop Shin,Action,EditorLineEnd,060,Editor,C:/Users/hoseop/CLionProjects/060/Array.cpp,,33,21,Default task
2023-01-11T21:36:06.676+09:00,Hoseop Shin,KeyEvent,65535:35:0,060,Editor,C:/Users/hoseop/CLionProjects/060/Array.cpp,,33,39,Default task
2023-01-11T21:36:06.893+09:00,Hoseop Shin,Action,EditorLeft,060,Editor,C:/Users/hoseop/CLionProjects/060/Array.cpp,,33,39,Default task
2023-01-11T21:36:06.896+09:00,Hoseop Shin,KeyEvent,65535:37:0,060,Editor,C:/Users/hoseop/CLionProjects/060/Array.cpp,,33,38,Default task
2023-01-11T21:36:08.467+09:00,Hoseop Shin,KeyEvent,32:32:0,060,Editor,C:/Users/hoseop/CLionProjects/060/Array.cpp,,33,38,Default task
2023-01-11T21:36:09.477+09:00,Hoseop Shin,KeyEvent,65535:16:1,060,Editor,C:/Users/hoseop/CLionProjects/060/Array.cpp,,33,39,Default task
2023-01-11T21:36:09.580+09:00,Hoseop Shin,KeyEvent,95:45:1,060,Editor,C:/Users/hoseop/CLionProjects/060/Array.cpp,,33,39,Default task
2023-01-11T21:36:09.740+09:00,Hoseop Shin,KeyEvent,115:83:0,060,Editor,C:/Users/hoseop/CLionProjects/060/Array.cpp,,33,40,Default task
2023-01-11T21:36:09.918+09:00,Hoseop Shin,KeyEvent,117:85:0,060,Editor,C:/Users/hoseop/CLionProjects/060/Array.cpp,,33,41,Default task
2023-01-11T21:36:10.018+09:00,Hoseop Shin,KeyEvent,122:90:0,060,Editor,C:/Users/hoseop/CLionProjects/060/Array.cpp,,33,42,Default task
2023-01-11T21:36:10.170+09:00,Hoseop Shin,KeyEvent,101:69:0,060,Editor,C:/Users/hoseop/CLionProjects/060/Array.cpp,,33,43,Default task
2023-01-11T21:36:11.253+09:00,Hoseop Shin,Action,EditorBackSpace,060,Editor,C:/Users/hoseop/CLionProjects/060/Array.cpp,,33,44,Default task
2023-01-11T21:36:11.274+09:00,Hoseop Shin,KeyEvent,8:8:0,060,Editor,C:/Users/hoseop/CLionProjects/060/Array.cpp,,33,43,Default task
2023-01-11T21:36:11.388+09:00,Hoseop Shin,Action,EditorBackSpace,060,Editor,C:/Users/hoseop/CLionProjects/060/Array.cpp,,33,43,Default task
2023-01-11T21:36:11.391+09:00,Hoseop Shin,KeyEvent,8:8:0,060,Editor,C:/Users/hoseop/CLionProjects/060/Array.cpp,,33,42,Default task
2023-01-11T21:36:11.800+09:00,Hoseop Shin,Action,EditorBackSpace,060,Editor,C:/Users/hoseop/CLionProjects/060/Array.cpp,,33,42,Default task
2023-01-11T21:36:11.806+09:00,Hoseop Shin,KeyEvent,8:8:0,060,Editor,C:/Users/hoseop/CLionProjects/060/Array.cpp,,33,41,Default task
2023-01-11T21:36:12.154+09:00,Hoseop Shin,KeyEvent,105:73:0,060,Editor,C:/Users/hoseop/CLionProjects/060/Array.cpp,,33,41,Default task
2023-01-11T21:36:12.729+09:00,Hoseop Shin,KeyEvent,122:90:0,060,Editor,C:/Users/hoseop/CLionProjects/060/Array.cpp,,33,42,Default task
2023-01-11T21:36:12.938+09:00,Hoseop Shin,KeyEvent,101:69:0,060,Editor,C:/Users/hoseop/CLionProjects/060/Array.cpp,,33,43,Default task
2023-01-11T21:36:13.473+09:00,Hoseop Shin,Action,EditorRight,060,Editor,C:/Users/hoseop/CLionProjects/060/Array.cpp,,33,44,Default task
2023-01-11T21:36:13.480+09:00,Hoseop Shin,KeyEvent,65535:39:0,060,Editor,C:/Users/hoseop/CLionProjects/060/Array.cpp,,33,45,Default task
2023-01-11T21:36:17.925+09:00,Hoseop Shin,Action,EditorDown,060,Editor,C:/Users/hoseop/CLionProjects/060/Array.cpp,,33,45,Default task
2023-01-11T21:36:17.928+09:00,Hoseop Shin,KeyEvent,65535:40:0,060,Editor,C:/Users/hoseop/CLionProjects/060/Array.cpp,,34,22,Default task
2023-01-11T21:36:18.529+09:00,Hoseop Shin,Action,EditorLineStart,060,Editor,C:/Users/hoseop/CLionProjects/060/Array.cpp,,34,22,Default task
2023-01-11T21:36:18.531+09:00,Hoseop Shin,KeyEvent,65535:36:0,060,Editor,C:/Users/hoseop/CLionProjects/060/Array.cpp,,34,4,Default task
2023-01-11T21:36:18.719+09:00,Hoseop Shin,Action,EditorTab,060,Editor,C:/Users/hoseop/CLionProjects/060/Array.cpp,,34,4,Default task
2023-01-11T21:36:18.722+09:00,Hoseop Shin,KeyEvent,9:9:0,060,Editor,C:/Users/hoseop/CLionProjects/060/Array.cpp,,34,8,Default task
2023-01-11T21:36:19.778+09:00,Hoseop Shin,Action,EditorUp,060,Editor,C:/Users/hoseop/CLionProjects/060/Array.cpp,,34,8,Default task
2023-01-11T21:36:19.783+09:00,Hoseop Shin,KeyEvent,65535:38:0,060,Editor,C:/Users/hoseop/CLionProjects/060/Array.cpp,,33,8,Default task
2023-01-11T21:36:22.605+09:00,Hoseop Shin,Action,EditorDown,060,Editor,C:/Users/hoseop/CLionProjects/060/Array.cpp,,33,8,Default task
2023-01-11T21:36:22.608+09:00,Hoseop Shin,KeyEvent,65535:40:0,060,Editor,C:/Users/hoseop/CLionProjects/060/Array.cpp,,34,8,Default task
2023-01-11T21:36:30.328+09:00,Hoseop Shin,Action,EditorEnter,060,Editor,C:/Users/hoseop/CLionProjects/060/Array.cpp,,34,26,Default task
2023-01-11T21:36:30.334+09:00,Hoseop Shin,KeyEvent,10:10:0,060,Editor,C:/Users/hoseop/CLionProjects/060/Array.cpp,,35,4,Default task
2023-01-11T21:36:30.451+09:00,Hoseop Shin,KeyEvent,65535:17:2,060,Editor,C:/Users/hoseop/CLionProjects/060/Array.cpp,,35,4,Default task
2023-01-11T21:36:30.498+09:00,Hoseop Shin,Action,EditorPaste,060,Editor,C:/Users/hoseop/CLionProjects/060/Array.cpp,,35,4,Default task
2023-01-11T21:36:30.556+09:00,Hoseop Shin,KeyEvent,22:86:2,060,Editor,C:/Users/hoseop/CLionProjects/060/Array.cpp,,35,134,Default task
2023-01-11T21:36:31.927+09:00,Hoseop Shin,Action,EditorLineStart,060,Editor,C:/Users/hoseop/CLionProjects/060/Array.cpp,,35,134,Default task
2023-01-11T21:36:31.929+09:00,Hoseop Shin,KeyEvent,65535:36:0,060,Editor,C:/Users/hoseop/CLionProjects/060/Array.cpp,,35,4,Default task
2023-01-11T21:36:41.072+09:00,Hoseop Shin,KeyEvent,115:83:0,060,Editor,C:/Users/hoseop/CLionProjects/060/Array.cpp,,35,71,Default task
2023-01-11T21:36:41.194+09:00,Hoseop Shin,KeyEvent,105:73:0,060,Editor,C:/Users/hoseop/CLionProjects/060/Array.cpp,,35,72,Default task
2023-01-11T21:36:41.233+09:00,Hoseop Shin,KeyEvent,122:90:0,060,Editor,C:/Users/hoseop/CLionProjects/060/Array.cpp,,35,73,Default task
2023-01-11T21:36:41.346+09:00,Hoseop Shin,KeyEvent,101:69:0,060,Editor,C:/Users/hoseop/CLionProjects/060/Array.cpp,,35,74,Default task
2023-01-11T21:36:42.683+09:00,Hoseop Shin,Action,EditorRight,060,Editor,C:/Users/hoseop/CLionProjects/060/Array.cpp,,35,75,Default task
2023-01-11T21:36:42.692+09:00,Hoseop Shin,KeyEvent,65535:39:0,060,Editor,C:/Users/hoseop/CLionProjects/060/Array.cpp,,35,76,Default task
2023-01-11T21:36:43.179+09:00,Hoseop Shin,Action,EditorRight,060,Editor,C:/Users/hoseop/CLionProjects/060/Array.cpp,,35,76,Default task
2023-01-11T21:36:43.182+09:00,Hoseop Shin,KeyEvent,65535:39:0,060,Editor,C:/Users/hoseop/CLionProjects/060/Array.cpp,,35,77,Default task
2023-01-11T21:36:43.211+09:00,Hoseop Shin,Action,EditorRight,060,Editor,C:/Users/hoseop/CLionProjects/060/Array.cpp,,35,77,Default task
2023-01-11T21:36:43.213+09:00,Hoseop Shin,KeyEvent,65535:39:0,060,Editor,C:/Users/hoseop/CLionProjects/060/Array.cpp,,35,78,Default task
2023-01-11T21:36:43.261+09:00,Hoseop Shin,Action,EditorRight,060,Editor,C:/Users/hoseop/CLionProjects/060/Array.cpp,,35,78,Default task
2023-01-11T21:36:43.263+09:00,Hoseop Shin,KeyEvent,65535:39:0,060,Editor,C:/Users/hoseop/CLionProjects/060/Array.cpp,,35,79,Default task
2023-01-11T21:36:43.274+09:00,Hoseop Shin,Action,EditorRight,060,Editor,C:/Users/hoseop/CLionProjects/060/Array.cpp,,35,79,Default task
2023-01-11T21:36:43.277+09:00,Hoseop Shin,KeyEvent,65535:39:0,060,Editor,C:/Users/hoseop/CLionProjects/060/Array.cpp,,35,80,Default task
2023-01-11T21:36:43.307+09:00,Hoseop Shin,Action,EditorRight,060,Editor,C:/Users/hoseop/CLionProjects/060/Array.cpp,,35,80,Default task
2023-01-11T21:36:43.309+09:00,Hoseop Shin,KeyEvent,65535:39:0,060,Editor,C:/Users/hoseop/CLionProjects/060/Array.cpp,,35,81,Default task
2023-01-11T21:36:43.338+09:00,Hoseop Shin,Action,EditorRight,060,Editor,C:/Users/hoseop/CLionProjects/060/Array.cpp,,35,81,Default task
2023-01-11T21:36:43.339+09:00,Hoseop Shin,KeyEvent,65535:39:0,060,Editor,C:/Users/hoseop/CLionProjects/060/Array.cpp,,35,82,Default task
2023-01-11T21:36:43.375+09:00,Hoseop Shin,Action,EditorRight,060,Editor,C:/Users/hoseop/CLionProjects/060/Array.cpp,,35,82,Default task
2023-01-11T21:36:43.380+09:00,Hoseop Shin,KeyEvent,65535:39:0,060,Editor,C:/Users/hoseop/CLionProjects/060/Array.cpp,,35,83,Default task
2023-01-11T21:36:43.413+09:00,Hoseop Shin,Action,EditorRight,060,Editor,C:/Users/hoseop/CLionProjects/060/Array.cpp,,35,83,Default task
2023-01-11T21:36:43.416+09:00,Hoseop Shin,KeyEvent,65535:39:0,060,Editor,C:/Users/hoseop/CLionProjects/060/Array.cpp,,35,84,Default task
2023-01-11T21:36:43.437+09:00,Hoseop Shin,Action,EditorRight,060,Editor,C:/Users/hoseop/CLionProjects/060/Array.cpp,,35,84,Default task
2023-01-11T21:36:43.440+09:00,Hoseop Shin,KeyEvent,65535:39:0,060,Editor,C:/Users/hoseop/CLionProjects/060/Array.cpp,,35,85,Default task
2023-01-11T21:36:43.468+09:00,Hoseop Shin,Action,EditorRight,060,Editor,C:/Users/hoseop/CLionProjects/060/Array.cpp,,35,85,Default task
2023-01-11T21:36:43.471+09:00,Hoseop Shin,KeyEvent,65535:39:0,060,Editor,C:/Users/hoseop/CLionProjects/060/Array.cpp,,35,86,Default task
2023-01-11T21:36:43.500+09:00,Hoseop Shin,Action,EditorRight,060,Editor,C:/Users/hoseop/CLionProjects/060/Array.cpp,,35,86,Default task
2023-01-11T21:36:43.503+09:00,Hoseop Shin,KeyEvent,65535:39:0,060,Editor,C:/Users/hoseop/CLionProjects/060/Array.cpp,,35,87,Default task
2023-01-11T21:36:43.534+09:00,Hoseop Shin,Action,EditorRight,060,Editor,C:/Users/hoseop/CLionProjects/060/Array.cpp,,35,87,Default task
2023-01-11T21:36:43.537+09:00,Hoseop Shin,KeyEvent,65535:39:0,060,Editor,C:/Users/hoseop/CLionProjects/060/Array.cpp,,35,88,Default task
2023-01-11T21:36:43.563+09:00,Hoseop Shin,Action,EditorRight,060,Editor,C:/Users/hoseop/CLionProjects/060/Array.cpp,,35,88,Default task
2023-01-11T21:36:43.565+09:00,Hoseop Shin,KeyEvent,65535:39:0,060,Editor,C:/Users/hoseop/CLionProjects/060/Array.cpp,,35,89,Default task
2023-01-11T21:36:43.595+09:00,Hoseop Shin,Action,EditorRight,060,Editor,C:/Users/hoseop/CLionProjects/060/Array.cpp,,35,89,Default task
2023-01-11T21:36:43.597+09:00,Hoseop Shin,KeyEvent,65535:39:0,060,Editor,C:/Users/hoseop/CLionProjects/060/Array.cpp,,35,90,Default task
2023-01-11T21:36:43.627+09:00,Hoseop Shin,Action,EditorRight,060,Editor,C:/Users/hoseop/CLionProjects/060/Array.cpp,,35,90,Default task
2023-01-11T21:36:43.628+09:00,Hoseop Shin,KeyEvent,65535:39:0,060,Editor,C:/Users/hoseop/CLionProjects/060/Array.cpp,,35,91,Default task
2023-01-11T21:36:43.659+09:00,Hoseop Shin,Action,EditorRight,060,Editor,C:/Users/hoseop/CLionProjects/060/Array.cpp,,35,91,Default task
2023-01-11T21:36:43.660+09:00,Hoseop Shin,KeyEvent,65535:39:0,060,Editor,C:/Users/hoseop/CLionProjects/060/Array.cpp,,35,92,Default task
2023-01-11T21:36:43.690+09:00,Hoseop Shin,Action,EditorRight,060,Editor,C:/Users/hoseop/CLionProjects/060/Array.cpp,,35,92,Default task
2023-01-11T21:36:43.692+09:00,Hoseop Shin,KeyEvent,65535:39:0,060,Editor,C:/Users/hoseop/CLionProjects/060/Array.cpp,,35,93,Default task
2023-01-11T21:36:43.723+09:00,Hoseop Shin,Action,EditorRight,060,Editor,C:/Users/hoseop/CLionProjects/060/Array.cpp,,35,93,Default task
2023-01-11T21:36:43.725+09:00,Hoseop Shin,KeyEvent,65535:39:0,060,Editor,C:/Users/hoseop/CLionProjects/060/Array.cpp,,35,94,Default task
2023-01-11T21:36:43.755+09:00,Hoseop Shin,Action,EditorRight,060,Editor,C:/Users/hoseop/CLionProjects/060/Array.cpp,,35,94,Default task
2023-01-11T21:36:43.757+09:00,Hoseop Shin,KeyEvent,65535:39:0,060,Editor,C:/Users/hoseop/CLionProjects/060/Array.cpp,,35,95,Default task
2023-01-11T21:36:43.786+09:00,Hoseop Shin,Action,EditorRight,060,Editor,C:/Users/hoseop/CLionProjects/060/Array.cpp,,35,95,Default task
2023-01-11T21:36:43.788+09:00,Hoseop Shin,KeyEvent,65535:39:0,060,Editor,C:/Users/hoseop/CLionProjects/060/Array.cpp,,35,96,Default task
2023-01-11T21:36:43.818+09:00,Hoseop Shin,Action,EditorRight,060,Editor,C:/Users/hoseop/CLionProjects/060/Array.cpp,,35,96,Default task
2023-01-11T21:36:43.820+09:00,Hoseop Shin,KeyEvent,65535:39:0,060,Editor,C:/Users/hoseop/CLionProjects/060/Array.cpp,,35,97,Default task
2023-01-11T21:36:43.850+09:00,Hoseop Shin,Action,EditorRight,060,Editor,C:/Users/hoseop/CLionProjects/060/Array.cpp,,35,97,Default task
2023-01-11T21:36:43.853+09:00,Hoseop Shin,KeyEvent,65535:39:0,060,Editor,C:/Users/hoseop/CLionProjects/060/Array.cpp,,35,98,Default task
2023-01-11T21:36:43.882+09:00,Hoseop Shin,Action,EditorRight,060,Editor,C:/Users/hoseop/CLionProjects/060/Array.cpp,,35,98,Default task
2023-01-11T21:36:43.884+09:00,Hoseop Shin,KeyEvent,65535:39:0,060,Editor,C:/Users/hoseop/CLionProjects/060/Array.cpp,,35,99,Default task
2023-01-11T21:36:43.915+09:00,Hoseop Shin,Action,EditorRight,060,Editor,C:/Users/hoseop/CLionProjects/060/Array.cpp,,35,99,Default task
2023-01-11T21:36:43.917+09:00,Hoseop Shin,KeyEvent,65535:39:0,060,Editor,C:/Users/hoseop/CLionProjects/060/Array.cpp,,35,100,Default task
2023-01-11T21:36:43.946+09:00,Hoseop Shin,Action,EditorRight,060,Editor,C:/Users/hoseop/CLionProjects/060/Array.cpp,,35,100,Default task
2023-01-11T21:36:43.948+09:00,Hoseop Shin,KeyEvent,65535:39:0,060,Editor,C:/Users/hoseop/CLionProjects/060/Array.cpp,,35,101,Default task
2023-01-11T21:36:43.978+09:00,Hoseop Shin,Action,EditorRight,060,Editor,C:/Users/hoseop/CLionProjects/060/Array.cpp,,35,101,Default task
2023-01-11T21:36:43.980+09:00,Hoseop Shin,KeyEvent,65535:39:0,060,Editor,C:/Users/hoseop/CLionProjects/060/Array.cpp,,35,102,Default task
2023-01-11T21:36:44.010+09:00,Hoseop Shin,Action,EditorRight,060,Editor,C:/Users/hoseop/CLionProjects/060/Array.cpp,,35,102,Default task
2023-01-11T21:36:44.011+09:00,Hoseop Shin,KeyEvent,65535:39:0,060,Editor,C:/Users/hoseop/CLionProjects/060/Array.cpp,,35,103,Default task
2023-01-11T21:36:44.042+09:00,Hoseop Shin,Action,EditorRight,060,Editor,C:/Users/hoseop/CLionProjects/060/Array.cpp,,35,103,Default task
2023-01-11T21:36:44.043+09:00,Hoseop Shin,KeyEvent,65535:39:0,060,Editor,C:/Users/hoseop/CLionProjects/060/Array.cpp,,35,104,Default task
2023-01-11T21:36:44.073+09:00,Hoseop Shin,Action,EditorRight,060,Editor,C:/Users/hoseop/CLionProjects/060/Array.cpp,,35,104,Default task
2023-01-11T21:36:44.075+09:00,Hoseop Shin,KeyEvent,65535:39:0,060,Editor,C:/Users/hoseop/CLionProjects/060/Array.cpp,,35,105,Default task
2023-01-11T21:36:44.105+09:00,Hoseop Shin,Action,EditorRight,060,Editor,C:/Users/hoseop/CLionProjects/060/Array.cpp,,35,105,Default task
2023-01-11T21:36:44.107+09:00,Hoseop Shin,KeyEvent,65535:39:0,060,Editor,C:/Users/hoseop/CLionProjects/060/Array.cpp,,35,106,Default task
2023-01-11T21:36:44.137+09:00,Hoseop Shin,Action,EditorRight,060,Editor,C:/Users/hoseop/CLionProjects/060/Array.cpp,,35,106,Default task
2023-01-11T21:36:44.140+09:00,Hoseop Shin,KeyEvent,65535:39:0,060,Editor,C:/Users/hoseop/CLionProjects/060/Array.cpp,,35,107,Default task
2023-01-11T21:36:44.169+09:00,Hoseop Shin,Action,EditorRight,060,Editor,C:/Users/hoseop/CLionProjects/060/Array.cpp,,35,107,Default task
2023-01-11T21:36:44.171+09:00,Hoseop Shin,KeyEvent,65535:39:0,060,Editor,C:/Users/hoseop/CLionProjects/060/Array.cpp,,35,108,Default task
2023-01-11T21:36:44.201+09:00,Hoseop Shin,Action,EditorRight,060,Editor,C:/Users/hoseop/CLionProjects/060/Array.cpp,,35,108,Default task
2023-01-11T21:36:44.203+09:00,Hoseop Shin,KeyEvent,65535:39:0,060,Editor,C:/Users/hoseop/CLionProjects/060/Array.cpp,,35,109,Default task
2023-01-11T21:36:44.233+09:00,Hoseop Shin,Action,EditorRight,060,Editor,C:/Users/hoseop/CLionProjects/060/Array.cpp,,35,109,Default task
2023-01-11T21:36:44.235+09:00,Hoseop Shin,KeyEvent,65535:39:0,060,Editor,C:/Users/hoseop/CLionProjects/060/Array.cpp,,35,110,Default task
2023-01-11T21:36:44.265+09:00,Hoseop Shin,Action,EditorRight,060,Editor,C:/Users/hoseop/CLionProjects/060/Array.cpp,,35,110,Default task
2023-01-11T21:36:44.267+09:00,Hoseop Shin,KeyEvent,65535:39:0,060,Editor,C:/Users/hoseop/CLionProjects/060/Array.cpp,,35,111,Default task
2023-01-11T21:36:44.299+09:00,Hoseop Shin,Action,EditorRight,060,Editor,C:/Users/hoseop/CLionProjects/060/Array.cpp,,35,111,Default task
2023-01-11T21:36:44.301+09:00,Hoseop Shin,KeyEvent,65535:39:0,060,Editor,C:/Users/hoseop/CLionProjects/060/Array.cpp,,35,112,Default task
2023-01-11T21:36:44.330+09:00,Hoseop Shin,Action,EditorRight,060,Editor,C:/Users/hoseop/CLionProjects/060/Array.cpp,,35,112,Default task
2023-01-11T21:36:44.331+09:00,Hoseop Shin,KeyEvent,65535:39:0,060,Editor,C:/Users/hoseop/CLionProjects/060/Array.cpp,,35,113,Default task
2023-01-11T21:36:44.361+09:00,Hoseop Shin,Action,EditorRight,060,Editor,C:/Users/hoseop/CLionProjects/060/Array.cpp,,35,113,Default task
2023-01-11T21:36:44.363+09:00,Hoseop Shin,KeyEvent,65535:39:0,060,Editor,C:/Users/hoseop/CLionProjects/060/Array.cpp,,35,114,Default task
2023-01-11T21:36:44.393+09:00,Hoseop Shin,Action,EditorRight,060,Editor,C:/Users/hoseop/CLionProjects/060/Array.cpp,,35,114,Default task
2023-01-11T21:36:44.395+09:00,Hoseop Shin,KeyEvent,65535:39:0,060,Editor,C:/Users/hoseop/CLionProjects/060/Array.cpp,,35,115,Default task
2023-01-11T21:36:44.429+09:00,Hoseop Shin,Action,EditorRight,060,Editor,C:/Users/hoseop/CLionProjects/060/Array.cpp,,35,115,Default task
2023-01-11T21:36:44.431+09:00,Hoseop Shin,KeyEvent,65535:39:0,060,Editor,C:/Users/hoseop/CLionProjects/060/Array.cpp,,35,116,Default task
2023-01-11T21:36:44.457+09:00,Hoseop Shin,Action,EditorRight,060,Editor,C:/Users/hoseop/CLionProjects/060/Array.cpp,,35,116,Default task
2023-01-11T21:36:44.459+09:00,Hoseop Shin,KeyEvent,65535:39:0,060,Editor,C:/Users/hoseop/CLionProjects/060/Array.cpp,,35,117,Default task
2023-01-11T21:36:44.489+09:00,Hoseop Shin,Action,EditorRight,060,Editor,C:/Users/hoseop/CLionProjects/060/Array.cpp,,35,117,Default task
2023-01-11T21:36:44.491+09:00,Hoseop Shin,KeyEvent,65535:39:0,060,Editor,C:/Users/hoseop/CLionProjects/060/Array.cpp,,35,118,Default task
2023-01-11T21:36:44.521+09:00,Hoseop Shin,Action,EditorRight,060,Editor,C:/Users/hoseop/CLionProjects/060/Array.cpp,,35,118,Default task
2023-01-11T21:36:44.523+09:00,Hoseop Shin,KeyEvent,65535:39:0,060,Editor,C:/Users/hoseop/CLionProjects/060/Array.cpp,,35,119,Default task
2023-01-11T21:36:44.553+09:00,Hoseop Shin,Action,EditorRight,060,Editor,C:/Users/hoseop/CLionProjects/060/Array.cpp,,35,119,Default task
2023-01-11T21:36:44.555+09:00,Hoseop Shin,KeyEvent,65535:39:0,060,Editor,C:/Users/hoseop/CLionProjects/060/Array.cpp,,35,120,Default task
2023-01-11T21:36:44.584+09:00,Hoseop Shin,Action,EditorRight,060,Editor,C:/Users/hoseop/CLionProjects/060/Array.cpp,,35,120,Default task
2023-01-11T21:36:44.587+09:00,Hoseop Shin,KeyEvent,65535:39:0,060,Editor,C:/Users/hoseop/CLionProjects/060/Array.cpp,,35,121,Default task
2023-01-11T21:36:44.617+09:00,Hoseop Shin,Action,EditorRight,060,Editor,C:/Users/hoseop/CLionProjects/060/Array.cpp,,35,121,Default task
2023-01-11T21:36:44.619+09:00,Hoseop Shin,KeyEvent,65535:39:0,060,Editor,C:/Users/hoseop/CLionProjects/060/Array.cpp,,35,122,Default task
2023-01-11T21:36:44.648+09:00,Hoseop Shin,Action,EditorRight,060,Editor,C:/Users/hoseop/CLionProjects/060/Array.cpp,,35,122,Default task
2023-01-11T21:36:44.651+09:00,Hoseop Shin,KeyEvent,65535:39:0,060,Editor,C:/Users/hoseop/CLionProjects/060/Array.cpp,,35,123,Default task
2023-01-11T21:36:44.682+09:00,Hoseop Shin,Action,EditorRight,060,Editor,C:/Users/hoseop/CLionProjects/060/Array.cpp,,35,123,Default task
2023-01-11T21:36:44.684+09:00,Hoseop Shin,KeyEvent,65535:39:0,060,Editor,C:/Users/hoseop/CLionProjects/060/Array.cpp,,35,124,Default task
2023-01-11T21:36:44.711+09:00,Hoseop Shin,Action,EditorRight,060,Editor,C:/Users/hoseop/CLionProjects/060/Array.cpp,,35,124,Default task
2023-01-11T21:36:44.713+09:00,Hoseop Shin,KeyEvent,65535:39:0,060,Editor,C:/Users/hoseop/CLionProjects/060/Array.cpp,,35,125,Default task
2023-01-11T21:36:44.744+09:00,Hoseop Shin,Action,EditorRight,060,Editor,C:/Users/hoseop/CLionProjects/060/Array.cpp,,35,125,Default task
2023-01-11T21:36:44.745+09:00,Hoseop Shin,KeyEvent,65535:39:0,060,Editor,C:/Users/hoseop/CLionProjects/060/Array.cpp,,35,126,Default task
2023-01-11T21:36:44.777+09:00,Hoseop Shin,Action,EditorRight,060,Editor,C:/Users/hoseop/CLionProjects/060/Array.cpp,,35,126,Default task
2023-01-11T21:36:44.779+09:00,Hoseop Shin,KeyEvent,65535:39:0,060,Editor,C:/Users/hoseop/CLionProjects/060/Array.cpp,,35,127,Default task
2023-01-11T21:36:44.809+09:00,Hoseop Shin,Action,EditorRight,060,Editor,C:/Users/hoseop/CLionProjects/060/Array.cpp,,35,127,Default task
2023-01-11T21:36:44.810+09:00,Hoseop Shin,KeyEvent,65535:39:0,060,Editor,C:/Users/hoseop/CLionProjects/060/Array.cpp,,35,128,Default task
2023-01-11T21:36:44.841+09:00,Hoseop Shin,Action,EditorRight,060,Editor,C:/Users/hoseop/CLionProjects/060/Array.cpp,,35,128,Default task
2023-01-11T21:36:44.842+09:00,Hoseop Shin,KeyEvent,65535:39:0,060,Editor,C:/Users/hoseop/CLionProjects/060/Array.cpp,,35,129,Default task
2023-01-11T21:36:45.116+09:00,Hoseop Shin,Action,EditorRight,060,Editor,C:/Users/hoseop/CLionProjects/060/Array.cpp,,35,129,Default task
2023-01-11T21:36:45.117+09:00,Hoseop Shin,KeyEvent,65535:39:0,060,Editor,C:/Users/hoseop/CLionProjects/060/Array.cpp,,35,130,Default task
2023-01-11T21:36:45.614+09:00,Hoseop Shin,Action,EditorRight,060,Editor,C:/Users/hoseop/CLionProjects/060/Array.cpp,,35,130,Default task
2023-01-11T21:36:45.616+09:00,Hoseop Shin,KeyEvent,65535:39:0,060,Editor,C:/Users/hoseop/CLionProjects/060/Array.cpp,,35,131,Default task
2023-01-11T21:36:45.647+09:00,Hoseop Shin,Action,EditorRight,060,Editor,C:/Users/hoseop/CLionProjects/060/Array.cpp,,35,131,Default task
2023-01-11T21:36:45.650+09:00,Hoseop Shin,KeyEvent,65535:39:0,060,Editor,C:/Users/hoseop/CLionProjects/060/Array.cpp,,35,132,Default task
2023-01-11T21:36:45.686+09:00,Hoseop Shin,Action,EditorRight,060,Editor,C:/Users/hoseop/CLionProjects/060/Array.cpp,,35,132,Default task
2023-01-11T21:36:45.691+09:00,Hoseop Shin,KeyEvent,65535:39:0,060,Editor,C:/Users/hoseop/CLionProjects/060/Array.cpp,,35,133,Default task
2023-01-11T21:36:45.712+09:00,Hoseop Shin,Action,EditorRight,060,Editor,C:/Users/hoseop/CLionProjects/060/Array.cpp,,35,133,Default task
2023-01-11T21:36:45.714+09:00,Hoseop Shin,KeyEvent,65535:39:0,060,Editor,C:/Users/hoseop/CLionProjects/060/Array.cpp,,35,134,Default task
2023-01-11T21:36:45.743+09:00,Hoseop Shin,Action,EditorRight,060,Editor,C:/Users/hoseop/CLionProjects/060/Array.cpp,,35,134,Default task
2023-01-11T21:36:45.745+09:00,Hoseop Shin,KeyEvent,65535:39:0,060,Editor,C:/Users/hoseop/CLionProjects/060/Array.cpp,,35,135,Default task
2023-01-11T21:36:45.775+09:00,Hoseop Shin,Action,EditorRight,060,Editor,C:/Users/hoseop/CLionProjects/060/Array.cpp,,35,135,Default task
2023-01-11T21:36:45.777+09:00,Hoseop Shin,KeyEvent,65535:39:0,060,Editor,C:/Users/hoseop/CLionProjects/060/Array.cpp,,36,0,Default task
2023-01-11T21:36:45.808+09:00,Hoseop Shin,Action,EditorRight,060,Editor,C:/Users/hoseop/CLionProjects/060/Array.cpp,,36,0,Default task
2023-01-11T21:36:45.809+09:00,Hoseop Shin,KeyEvent,65535:39:0,060,Editor,C:/Users/hoseop/CLionProjects/060/Array.cpp,,36,1,Default task
2023-01-11T21:36:45.840+09:00,Hoseop Shin,Action,EditorRight,060,Editor,C:/Users/hoseop/CLionProjects/060/Array.cpp,,36,1,Default task
2023-01-11T21:36:45.841+09:00,Hoseop Shin,KeyEvent,65535:39:0,060,Editor,C:/Users/hoseop/CLionProjects/060/Array.cpp,,37,0,Default task
2023-01-11T21:36:45.871+09:00,Hoseop Shin,Action,EditorRight,060,Editor,C:/Users/hoseop/CLionProjects/060/Array.cpp,,37,0,Default task
2023-01-11T21:36:45.872+09:00,Hoseop Shin,KeyEvent,65535:39:0,060,Editor,C:/Users/hoseop/CLionProjects/060/Array.cpp,,38,0,Default task
2023-01-11T21:36:46.222+09:00,Hoseop Shin,Action,EditorLeft,060,Editor,C:/Users/hoseop/CLionProjects/060/Array.cpp,,38,0,Default task
2023-01-11T21:36:46.224+09:00,Hoseop Shin,KeyEvent,65535:37:0,060,Editor,C:/Users/hoseop/CLionProjects/060/Array.cpp,,37,0,Default task
2023-01-11T21:36:46.477+09:00,Hoseop Shin,Action,EditorLeft,060,Editor,C:/Users/hoseop/CLionProjects/060/Array.cpp,,37,0,Default task
2023-01-11T21:36:46.478+09:00,Hoseop Shin,KeyEvent,65535:37:0,060,Editor,C:/Users/hoseop/CLionProjects/060/Array.cpp,,36,1,Default task
2023-01-11T21:36:46.690+09:00,Hoseop Shin,Action,EditorLeft,060,Editor,C:/Users/hoseop/CLionProjects/060/Array.cpp,,36,1,Default task
2023-01-11T21:36:46.691+09:00,Hoseop Shin,KeyEvent,65535:37:0,060,Editor,C:/Users/hoseop/CLionProjects/060/Array.cpp,,36,0,Default task
2023-01-11T21:36:47.039+09:00,Hoseop Shin,Action,EditorLeft,060,Editor,C:/Users/hoseop/CLionProjects/060/Array.cpp,,36,0,Default task
2023-01-11T21:36:47.041+09:00,Hoseop Shin,KeyEvent,65535:37:0,060,Editor,C:/Users/hoseop/CLionProjects/060/Array.cpp,,35,135,Default task
2023-01-11T21:36:47.493+09:00,Hoseop Shin,Action,EditorLeft,060,Editor,C:/Users/hoseop/CLionProjects/060/Array.cpp,,35,135,Default task
2023-01-11T21:36:47.496+09:00,Hoseop Shin,KeyEvent,65535:37:0,060,Editor,C:/Users/hoseop/CLionProjects/060/Array.cpp,,35,134,Default task
2023-01-11T21:36:47.749+09:00,Hoseop Shin,Action,EditorLeft,060,Editor,C:/Users/hoseop/CLionProjects/060/Array.cpp,,35,134,Default task
2023-01-11T21:36:47.752+09:00,Hoseop Shin,KeyEvent,65535:37:0,060,Editor,C:/Users/hoseop/CLionProjects/060/Array.cpp,,35,133,Default task
2023-01-11T21:36:48.193+09:00,Hoseop Shin,Action,EditorLeft,060,Editor,C:/Users/hoseop/CLionProjects/060/Array.cpp,,35,133,Default task
2023-01-11T21:36:48.195+09:00,Hoseop Shin,KeyEvent,65535:37:0,060,Editor,C:/Users/hoseop/CLionProjects/060/Array.cpp,,35,132,Default task
2023-01-11T21:36:49.008+09:00,Hoseop Shin,Action,EditorBackSpace,060,Editor,C:/Users/hoseop/CLionProjects/060/Array.cpp,,35,132,Default task
2023-01-11T21:36:49.012+09:00,Hoseop Shin,KeyEvent,8:8:0,060,Editor,C:/Users/hoseop/CLionProjects/060/Array.cpp,,35,131,Default task
2023-01-11T21:36:49.146+09:00,Hoseop Shin,Action,EditorBackSpace,060,Editor,C:/Users/hoseop/CLionProjects/060/Array.cpp,,35,131,Default task
2023-01-11T21:36:49.165+09:00,Hoseop Shin,KeyEvent,8:8:0,060,Editor,C:/Users/hoseop/CLionProjects/060/Array.cpp,,35,130,Default task
2023-01-11T21:36:49.281+09:00,Hoseop Shin,Action,EditorBackSpace,060,Editor,C:/Users/hoseop/CLionProjects/060/Array.cpp,,35,130,Default task
2023-01-11T21:36:49.291+09:00,Hoseop Shin,KeyEvent,8:8:0,060,Editor,C:/Users/hoseop/CLionProjects/060/Array.cpp,,35,129,Default task
2023-01-11T21:36:49.981+09:00,Hoseop Shin,KeyEvent,65535:16:1,060,Editor,C:/Users/hoseop/CLionProjects/060/Array.cpp,,35,129,Default task
2023-01-11T21:36:50.099+09:00,Hoseop Shin,KeyEvent,95:45:1,060,Editor,C:/Users/hoseop/CLionProjects/060/Array.cpp,,35,129,Default task
2023-01-11T21:36:50.372+09:00,Hoseop Shin,KeyEvent,115:83:0,060,Editor,C:/Users/hoseop/CLionProjects/060/Array.cpp,,35,130,Default task
2023-01-11T21:36:50.445+09:00,Hoseop Shin,KeyEvent,105:73:0,060,Editor,C:/Users/hoseop/CLionProjects/060/Array.cpp,,35,131,Default task
2023-01-11T21:36:50.561+09:00,Hoseop Shin,KeyEvent,122:90:0,060,Editor,C:/Users/hoseop/CLionProjects/060/Array.cpp,,35,132,Default task
2023-01-11T21:36:50.655+09:00,Hoseop Shin,KeyEvent,101:69:0,060,Editor,C:/Users/hoseop/CLionProjects/060/Array.cpp,,35,133,Default task
2023-01-11T21:36:52.975+09:00,Hoseop Shin,Action,EditorLeft,060,Editor,C:/Users/hoseop/CLionProjects/060/Array.cpp,,35,134,Default task
2023-01-11T21:36:52.979+09:00,Hoseop Shin,KeyEvent,65535:37:0,060,Editor,C:/Users/hoseop/CLionProjects/060/Array.cpp,,35,133,Default task
2023-01-11T21:36:53.243+09:00,Hoseop Shin,Action,EditorLeft,060,Editor,C:/Users/hoseop/CLionProjects/060/Array.cpp,,35,133,Default task
2023-01-11T21:36:53.246+09:00,Hoseop Shin,KeyEvent,65535:37:0,060,Editor,C:/Users/hoseop/CLionProjects/060/Array.cpp,,35,132,Default task
2023-01-11T21:36:53.446+09:00,Hoseop Shin,Action,EditorLeft,060,Editor,C:/Users/hoseop/CLionProjects/060/Array.cpp,,35,132,Default task
2023-01-11T21:36:53.451+09:00,Hoseop Shin,KeyEvent,65535:37:0,060,Editor,C:/Users/hoseop/CLionProjects/060/Array.cpp,,35,131,Default task
2023-01-11T21:36:53.580+09:00,Hoseop Shin,Action,EditorLeft,060,Editor,C:/Users/hoseop/CLionProjects/060/Array.cpp,,35,131,Default task
2023-01-11T21:36:53.583+09:00,Hoseop Shin,KeyEvent,65535:37:0,060,Editor,C:/Users/hoseop/CLionProjects/060/Array.cpp,,35,130,Default task
2023-01-11T21:36:54.232+09:00,Hoseop Shin,Action,EditorRight,060,Editor,C:/Users/hoseop/CLionProjects/060/Array.cpp,,35,130,Default task
2023-01-11T21:36:54.238+09:00,Hoseop Shin,KeyEvent,65535:39:0,060,Editor,C:/Users/hoseop/CLionProjects/060/Array.cpp,,35,131,Default task
2023-01-11T21:36:54.390+09:00,Hoseop Shin,Action,EditorRight,060,Editor,C:/Users/hoseop/CLionProjects/060/Array.cpp,,35,131,Default task
2023-01-11T21:36:54.398+09:00,Hoseop Shin,KeyEvent,65535:39:0,060,Editor,C:/Users/hoseop/CLionProjects/060/Array.cpp,,35,132,Default task
2023-01-11T21:36:54.530+09:00,Hoseop Shin,Action,EditorRight,060,Editor,C:/Users/hoseop/CLionProjects/060/Array.cpp,,35,132,Default task
2023-01-11T21:36:54.538+09:00,Hoseop Shin,KeyEvent,65535:39:0,060,Editor,C:/Users/hoseop/CLionProjects/060/Array.cpp,,35,133,Default task
2023-01-11T21:36:54.693+09:00,Hoseop Shin,Action,EditorRight,060,Editor,C:/Users/hoseop/CLionProjects/060/Array.cpp,,35,133,Default task
2023-01-11T21:36:54.704+09:00,Hoseop Shin,KeyEvent,65535:39:0,060,Editor,C:/Users/hoseop/CLionProjects/060/Array.cpp,,35,134,Default task
2023-01-11T21:36:54.831+09:00,Hoseop Shin,Action,EditorRight,060,Editor,C:/Users/hoseop/CLionProjects/060/Array.cpp,,35,134,Default task
2023-01-11T21:36:54.839+09:00,Hoseop Shin,KeyEvent,65535:39:0,060,Editor,C:/Users/hoseop/CLionProjects/060/Array.cpp,,35,135,Default task
2023-01-11T21:36:54.992+09:00,Hoseop Shin,Action,EditorRight,060,Editor,C:/Users/hoseop/CLionProjects/060/Array.cpp,,35,135,Default task
2023-01-11T21:36:54.994+09:00,Hoseop Shin,KeyEvent,65535:39:0,060,Editor,C:/Users/hoseop/CLionProjects/060/Array.cpp,,35,136,Default task
2023-01-11T21:36:55.141+09:00,Hoseop Shin,Action,EditorRight,060,Editor,C:/Users/hoseop/CLionProjects/060/Array.cpp,,35,136,Default task
2023-01-11T21:36:55.143+09:00,Hoseop Shin,KeyEvent,65535:39:0,060,Editor,C:/Users/hoseop/CLionProjects/060/Array.cpp,,35,137,Default task
2023-01-11T21:36:56.848+09:00,Hoseop Shin,Action,EditorLineStart,060,Editor,C:/Users/hoseop/CLionProjects/060/Array.cpp,,35,137,Default task
2023-01-11T21:36:56.849+09:00,Hoseop Shin,KeyEvent,65535:36:0,060,Editor,C:/Users/hoseop/CLionProjects/060/Array.cpp,,35,4,Default task
2023-01-11T21:37:03.966+09:00,Hoseop Shin,KeyEvent,65535:16:1,060,Editor,C:/Users/hoseop/CLionProjects/060/Array.cpp,,34,26,Default task
2023-01-11T21:37:04.044+09:00,Hoseop Shin,Action,Run,060,Editor,C:/Users/hoseop/CLionProjects/060/Array.cpp,,34,26,Default task
2023-01-11T21:37:04.048+09:00,Hoseop Shin,KeyEvent,65535:121:1,060,Editor,C:/Users/hoseop/CLionProjects/060/Array.cpp,,34,26,Default task
2023-01-11T21:37:15.342+09:00,Hoseop Shin,KeyEvent,65535:17:2,060,Editor,C:/Users/hoseop/CLionProjects/060/Array.cpp,,34,21,Default task
2023-01-11T21:37:15.540+09:00,Hoseop Shin,KeyEvent,65535:18:10,060,Editor,C:/Users/hoseop/CLionProjects/060/Array.cpp,,34,21,Default task
2023-01-11T21:37:15.779+09:00,Hoseop Shin,KeyEvent,65535:16:11,060,Editor,C:/Users/hoseop/CLionProjects/060/Array.cpp,,34,21,Default task
2023-01-11T21:37:16.260+09:00,Hoseop Shin,Action,ActivityTracker-Popup,060,Editor,C:/Users/hoseop/CLionProjects/060/Array.cpp,,34,21,Default task
2023-01-11T21:37:16.299+09:00,Hoseop Shin,KeyEvent,65535:79:11,060,Editor,C:/Users/hoseop/CLionProjects/060/Array.cpp,,34,21,Default task
2023-01-11T21:37:17.336+09:00,Hoseop Shin,KeyEvent,27:27:0,,,,,-1,-1,
2023-01-11T21:37:33.034+09:00,Hoseop Shin,KeyEvent,65535:17:2,060,Project,C:/Users/hoseop/CLionProjects/060/Array.cpp,,34,21,Default task
2023-01-11T21:37:33.128+09:00,Hoseop Shin,Action,$Copy,060,Project,C:/Users/hoseop/CLionProjects/060/Array.cpp,,34,21,Default task
2023-01-11T21:37:33.141+09:00,Hoseop Shin,KeyEvent,3:67:2,060,Project,C:/Users/hoseop/CLionProjects/060/Array.cpp,,34,21,Default task
2023-01-11T21:37:35.529+09:00,Hoseop Shin,KeyEvent,65535:17:2,060,Project,C:/Users/hoseop/CLionProjects/060/Array.cpp,,34,21,Default task
2023-01-11T21:37:35.626+09:00,Hoseop Shin,Action,$Copy,060,Project,C:/Users/hoseop/CLionProjects/060/Array.cpp,,34,21,Default task
2023-01-11T21:37:35.638+09:00,Hoseop Shin,KeyEvent,3:67:2,060,Project,C:/Users/hoseop/CLionProjects/060/Array.cpp,,34,21,Default task
2023-01-11T21:37:47.838+09:00,Hoseop Shin,KeyEvent,65535:18:8,,,,,-1,-1,
2023-01-11T21:37:53.472+09:00,Hoseop Shin,KeyEvent,65535:18:8,060,Project,C:/Users/hoseop/CLionProjects/060/Array.cpp,,34,21,Default task
2023-01-11T21:37:56.813+09:00,Hoseop Shin,KeyEvent,65535:18:8,060,Project,C:/Users/hoseop/CLionProjects/060/Array.cpp,,34,21,Default task
2023-01-11T21:38:57.617+09:00,Hoseop Shin,KeyEvent,65535:18:8,060,Project,C:/Users/hoseop/CLionProjects/060/Array.cpp,,34,21,Default task
2023-01-11T21:38:57.683+09:00,Hoseop Shin,Action,ActivateProjectToolWindow,060,Project,C:/Users/hoseop/CLionProjects/060/Array.cpp,,34,21,Default task
2023-01-11T21:38:57.691+09:00,Hoseop Shin,KeyEvent,49:49:8,060,Project,C:/Users/hoseop/CLionProjects/060/Array.cpp,,34,21,Default task
2023-01-11T21:44:39.059+09:00,Hoseop Shin,KeyEvent,65535:18:8,060,Editor,C:/Users/hoseop/CLionProjects/060/Array.cpp,,34,21,Default task
2023-01-11T21:45:55.801+09:00,Hoseop Shin,KeyEvent,65535:18:8,BNZ.63beaf6e5444f629,Project,C:/Users/hoseop/AppData/Local/Temp/BNZ.63beaf6e5444f629/complex.h,,11,40,Default task
2023-01-11T21:45:55.879+09:00,Hoseop Shin,Action,ActivateProjectToolWindow,BNZ.63beaf6e5444f629,Project,C:/Users/hoseop/AppData/Local/Temp/BNZ.63beaf6e5444f629/complex.h,,11,40,Default task
2023-01-11T21:45:55.889+09:00,Hoseop Shin,KeyEvent,49:49:8,BNZ.63beaf6e5444f629,Project,C:/Users/hoseop/AppData/Local/Temp/BNZ.63beaf6e5444f629/complex.h,,11,40,Default task
2023-01-11T21:49:12.129+09:00,Hoseop Shin,KeyEvent,65535:17:2,BNZ.63beaf6e5444f629,Editor,C:/Users/hoseop/AppData/Local/Temp/BNZ.63beaf6e5444f629/complex.h,,9,54,Default task
2023-01-11T21:49:12.311+09:00,Hoseop Shin,Action,EditorCopy,BNZ.63beaf6e5444f629,Editor,C:/Users/hoseop/AppData/Local/Temp/BNZ.63beaf6e5444f629/complex.h,,9,54,Default task
2023-01-11T21:49:12.327+09:00,Hoseop Shin,KeyEvent,3:67:2,BNZ.63beaf6e5444f629,Editor,C:/Users/hoseop/AppData/Local/Temp/BNZ.63beaf6e5444f629/complex.h,,9,54,Default task
2023-01-11T21:53:08.513+09:00,Hoseop Shin,KeyEvent,65535:16:1,BNZ.63beb0e8544ab990,Editor,C:/Users/hoseop/AppData/Local/Temp/BNZ.63beb0e8544ab990/Vehicle.h,,7,4,Default task
2023-01-11T21:53:08.650+09:00,Hoseop Shin,Action,EditorLineEndWithSelection,BNZ.63beb0e8544ab990,Editor,C:/Users/hoseop/AppData/Local/Temp/BNZ.63beb0e8544ab990/Vehicle.h,,7,4,Default task
2023-01-11T21:53:08.653+09:00,Hoseop Shin,KeyEvent,65535:35:1,BNZ.63beb0e8544ab990,Editor,C:/Users/hoseop/AppData/Local/Temp/BNZ.63beb0e8544ab990/Vehicle.h,,7,82,Default task
2023-01-11T21:53:08.898+09:00,Hoseop Shin,KeyEvent,65535:17:2,BNZ.63beb0e8544ab990,Editor,C:/Users/hoseop/AppData/Local/Temp/BNZ.63beb0e8544ab990/Vehicle.h,,7,82,Default task
2023-01-11T21:53:09.016+09:00,Hoseop Shin,Action,EditorCopy,BNZ.63beb0e8544ab990,Editor,C:/Users/hoseop/AppData/Local/Temp/BNZ.63beb0e8544ab990/Vehicle.h,,7,82,Default task
2023-01-11T21:53:09.033+09:00,Hoseop Shin,KeyEvent,3:67:2,BNZ.63beb0e8544ab990,Editor,C:/Users/hoseop/AppData/Local/Temp/BNZ.63beb0e8544ab990/Vehicle.h,,7,82,Default task
2023-01-11T22:00:24.732+09:00,Hoseop Shin,KeyEvent,65535:18:8,BNZ.63beb2e454527abb,Editor,C:/Users/hoseop/AppData/Local/Temp/BNZ.63beb2e454527abb/String.cpp,,10,12,Default task
2023-01-11T22:00:24.735+09:00,Hoseop Shin,Action,ActivateProjectToolWindow,BNZ.63beb2e454527abb,Editor,C:/Users/hoseop/AppData/Local/Temp/BNZ.63beb2e454527abb/String.cpp,,10,12,Default task
2023-01-11T22:00:24.740+09:00,Hoseop Shin,KeyEvent,49:49:8,BNZ.63beb2e454527abb,Editor,C:/Users/hoseop/AppData/Local/Temp/BNZ.63beb2e454527abb/String.cpp,,10,12,Default task
2023-01-11T22:00:25.347+09:00,Hoseop Shin,KeyEvent,65535:18:8,BNZ.63beb2e454527abb,Project,C:/Users/hoseop/AppData/Local/Temp/BNZ.63beb2e454527abb/String.cpp,,10,12,Default task
2023-01-11T22:00:25.399+09:00,Hoseop Shin,Action,ActivateProjectToolWindow,BNZ.63beb2e454527abb,Project,C:/Users/hoseop/AppData/Local/Temp/BNZ.63beb2e454527abb/String.cpp,,10,12,Default task
2023-01-11T22:00:25.407+09:00,Hoseop Shin,KeyEvent,49:49:8,BNZ.63beb2e454527abb,Project,C:/Users/hoseop/AppData/Local/Temp/BNZ.63beb2e454527abb/String.cpp,,10,12,Default task
2023-01-11T22:05:06.251+09:00,Hoseop Shin,KeyEvent,65535:18:8,060,Editor,C:/Users/hoseop/CLionProjects/060/Array.cpp,,33,37,Default task
2023-01-11T22:05:06.306+09:00,Hoseop Shin,Action,ActivateProjectToolWindow,060,Editor,C:/Users/hoseop/CLionProjects/060/Array.cpp,,33,37,Default task
2023-01-11T22:05:06.324+09:00,Hoseop Shin,KeyEvent,49:49:8,060,Editor,C:/Users/hoseop/CLionProjects/060/Array.cpp,,33,37,Default task
2023-01-11T22:05:07.156+09:00,Hoseop Shin,KeyEvent,49:49:0,060,Project,C:/Users/hoseop/CLionProjects/060/Array.cpp,,33,37,Default task
2023-01-11T22:05:07.189+09:00,Hoseop Shin,KeyEvent,65535:18:8,060,Project,C:/Users/hoseop/CLionProjects/060/Array.cpp,,33,37,Default task
2023-01-11T22:05:07.545+09:00,Hoseop Shin,KeyEvent,65535:18:8,060,Project,C:/Users/hoseop/CLionProjects/060/Array.cpp,,33,37,Default task
2023-01-11T22:05:07.599+09:00,Hoseop Shin,Action,ActivateProjectToolWindow,060,Project,C:/Users/hoseop/CLionProjects/060/Array.cpp,,33,37,Default task
2023-01-11T22:05:07.606+09:00,Hoseop Shin,KeyEvent,49:49:8,060,Project,C:/Users/hoseop/CLionProjects/060/Array.cpp,,33,37,Default task
2023-01-12T00:19:47.674+09:00,Hoseop Shin,Action,CPP.CreateCMakeProject,060,Editor,C:/Users/hoseop/CLionProjects/060/Array.cpp,,30,0,Default task
2023-01-12T00:20:01.216+09:00,Hoseop Shin,KeyEvent,48:48:0,060,Editor,C:/Users/hoseop/CLionProjects/060/Array.cpp,,30,0,Default task
2023-01-12T00:20:02.400+09:00,Hoseop Shin,KeyEvent,55:55:0,060,Editor,C:/Users/hoseop/CLionProjects/060/Array.cpp,,30,0,Default task
2023-01-12T00:20:02.485+09:00,Hoseop Shin,KeyEvent,49:49:0,060,Editor,C:/Users/hoseop/CLionProjects/060/Array.cpp,,30,0,Default task
2023-01-12T00:20:48.173+09:00,Hoseop Shin,Action,Debug,071,Editor,C:/Users/hoseop/CLionProjects/071/main.cpp,,6,0,Default task
2023-01-12T00:21:04.555+09:00,Hoseop Shin,Action,Run,071,Editor,C:/Users/hoseop/CLionProjects/071/main.cpp,,6,0,Default task
2023-01-12T00:22:20.119+09:00,Hoseop Shin,Action,CPP.NewCppFile,071,Popup,C:/Users/hoseop/CLionProjects/071/main.cpp,,6,0,Default task
2023-01-12T00:32:31.411+09:00,Hoseop Shin,KeyEvent,99:67:0,071,Popup,C:/Users/hoseop/CLionProjects/071/main.cpp,,6,0,Default task
2023-01-12T00:32:31.924+09:00,Hoseop Shin,Action,EditorBackSpace,071,Popup,C:/Users/hoseop/CLionProjects/071/main.cpp,,6,0,Default task
2023-01-12T00:32:31.938+09:00,Hoseop Shin,KeyEvent,8:8:0,071,Popup,C:/Users/hoseop/CLionProjects/071/main.cpp,,6,0,Default task
2023-01-12T00:32:31.966+09:00,Hoseop Shin,KeyEvent,65535:20:0,071,Popup,C:/Users/hoseop/CLionProjects/071/main.cpp,,6,0,Default task
2023-01-12T00:32:32.159+09:00,Hoseop Shin,KeyEvent,67:67:0,071,Popup,C:/Users/hoseop/CLionProjects/071/main.cpp,,6,0,Default task
2023-01-12T00:32:32.376+09:00,Hoseop Shin,KeyEvent,65535:20:0,071,Popup,C:/Users/hoseop/CLionProjects/071/main.cpp,,6,0,Default task
2023-01-12T00:32:32.599+09:00,Hoseop Shin,KeyEvent,109:77:0,071,Popup,C:/Users/hoseop/CLionProjects/071/main.cpp,,6,0,Default task
2023-01-12T00:32:33.131+09:00,Hoseop Shin,Action,EditorBackSpace,071,Popup,C:/Users/hoseop/CLionProjects/071/main.cpp,,6,0,Default task
2023-01-12T00:32:33.135+09:00,Hoseop Shin,KeyEvent,8:8:0,071,Popup,C:/Users/hoseop/CLionProjects/071/main.cpp,,6,0,Default task
2023-01-12T00:32:33.365+09:00,Hoseop Shin,KeyEvent,111:79:0,071,Popup,C:/Users/hoseop/CLionProjects/071/main.cpp,,6,0,Default task
2023-01-12T00:32:33.506+09:00,Hoseop Shin,KeyEvent,109:77:0,071,Popup,C:/Users/hoseop/CLionProjects/071/main.cpp,,6,0,Default task
2023-01-12T00:32:33.662+09:00,Hoseop Shin,KeyEvent,112:80:0,071,Popup,C:/Users/hoseop/CLionProjects/071/main.cpp,,6,0,Default task
2023-01-12T00:32:33.896+09:00,Hoseop Shin,KeyEvent,108:76:0,071,Popup,C:/Users/hoseop/CLionProjects/071/main.cpp,,6,0,Default task
2023-01-12T00:32:34.106+09:00,Hoseop Shin,KeyEvent,101:69:0,071,Popup,C:/Users/hoseop/CLionProjects/071/main.cpp,,6,0,Default task
2023-01-12T00:32:34.315+09:00,Hoseop Shin,KeyEvent,120:88:0,071,Popup,C:/Users/hoseop/CLionProjects/071/main.cpp,,6,0,Default task
2023-01-12T00:32:44.647+09:00,Hoseop Shin,Action,RenameFile,071,Popup,C:/Users/hoseop/CLionProjects/071/main.cpp,,6,0,Default task
2023-01-12T00:32:54.303+09:00,Hoseop Shin,KeyEvent,65535:20:0,071,Popup,C:/Users/hoseop/CLionProjects/071/main.cpp,,6,0,Default task
2023-01-12T00:32:54.592+09:00,Hoseop Shin,KeyEvent,67:67:0,071,Popup,C:/Users/hoseop/CLionProjects/071/main.cpp,,6,0,Default task
2023-01-12T00:32:54.989+09:00,Hoseop Shin,KeyEvent,65535:20:0,071,Popup,C:/Users/hoseop/CLionProjects/071/main.cpp,,6,0,Default task
2023-01-12T00:32:55.201+09:00,Hoseop Shin,KeyEvent,111:79:0,071,Popup,C:/Users/hoseop/CLionProjects/071/main.cpp,,6,0,Default task
2023-01-12T00:32:55.357+09:00,Hoseop Shin,KeyEvent,109:77:0,071,Popup,C:/Users/hoseop/CLionProjects/071/main.cpp,,6,0,Default task
2023-01-12T00:32:56.350+09:00,Hoseop Shin,KeyEvent,112:80:0,071,Popup,C:/Users/hoseop/CLionProjects/071/main.cpp,,6,0,Default task
2023-01-12T00:32:56.590+09:00,Hoseop Shin,KeyEvent,108:76:0,071,Popup,C:/Users/hoseop/CLionProjects/071/main.cpp,,6,0,Default task
2023-01-12T00:32:56.720+09:00,Hoseop Shin,KeyEvent,101:69:0,071,Popup,C:/Users/hoseop/CLionProjects/071/main.cpp,,6,0,Default task
2023-01-12T00:32:56.925+09:00,Hoseop Shin,KeyEvent,120:88:0,071,Popup,C:/Users/hoseop/CLionProjects/071/main.cpp,,6,0,Default task
2023-01-12T00:32:57.305+09:00,Hoseop Shin,KeyEvent,65535:20:0,071,Popup,C:/Users/hoseop/CLionProjects/071/main.cpp,,6,0,Default task
2023-01-12T00:32:57.518+09:00,Hoseop Shin,KeyEvent,84:84:0,071,Popup,C:/Users/hoseop/CLionProjects/071/main.cpp,,6,0,Default task
2023-01-12T00:32:57.622+09:00,Hoseop Shin,KeyEvent,65535:20:0,071,Popup,C:/Users/hoseop/CLionProjects/071/main.cpp,,6,0,Default task
2023-01-12T00:32:57.733+09:00,Hoseop Shin,KeyEvent,101:69:0,071,Popup,C:/Users/hoseop/CLionProjects/071/main.cpp,,6,0,Default task
2023-01-12T00:32:57.886+09:00,Hoseop Shin,KeyEvent,115:83:0,071,Popup,C:/Users/hoseop/CLionProjects/071/main.cpp,,6,0,Default task
2023-01-12T00:32:58.043+09:00,Hoseop Shin,KeyEvent,116:84:0,071,Popup,C:/Users/hoseop/CLionProjects/071/main.cpp,,6,0,Default task
2023-01-12T00:34:39.455+09:00,Hoseop Shin,KeyEvent,65535:17:2,071,Editor,C:/Users/hoseop/CLionProjects/071/ComplexTest.cpp,,2,0,Default task
2023-01-12T00:34:39.534+09:00,Hoseop Shin,Action,EditorPaste,071,Editor,C:/Users/hoseop/CLionProjects/071/ComplexTest.cpp,,2,0,Default task
2023-01-12T00:34:39.904+09:00,Hoseop Shin,KeyEvent,22:86:2,071,Editor,C:/Users/hoseop/CLionProjects/071/ComplexTest.cpp,,8,1,Default task
2023-01-12T00:34:58.606+09:00,Hoseop Shin,KeyEvent,65535:17:2,071,Editor,C:/Users/hoseop/CLionProjects/071/Complex.h,,4,0,Default task
2023-01-12T00:34:58.701+09:00,Hoseop Shin,Action,EditorPaste,071,Editor,C:/Users/hoseop/CLionProjects/071/Complex.h,,4,0,Default task
2023-01-12T00:34:59.037+09:00,Hoseop Shin,KeyEvent,22:86:2,071,Editor,C:/Users/hoseop/CLionProjects/071/Complex.h,,15,63,Default task
2023-01-12T00:35:03.364+09:00,Hoseop Shin,KeyEvent,65535:18:8,071,Project,C:/Users/hoseop/CLionProjects/071/Complex.h,,15,63,Default task
2023-01-12T00:35:03.506+09:00,Hoseop Shin,Action,ActivateProjectToolWindow,071,Project,C:/Users/hoseop/CLionProjects/071/Complex.h,,15,63,Default task
2023-01-12T00:35:03.516+09:00,Hoseop Shin,KeyEvent,49:49:8,071,Project,C:/Users/hoseop/CLionProjects/071/Complex.h,,15,63,Default task
2023-01-12T00:36:07.130+09:00,Hoseop Shin,KeyEvent,65535:18:8,071,Editor,C:/Users/hoseop/CLionProjects/071/Complex.h,,15,18,Default task
2023-01-12T00:36:07.277+09:00,Hoseop Shin,Action,ShowIntentionActions,071,Editor,C:/Users/hoseop/CLionProjects/071/Complex.h,,15,18,Default task
2023-01-12T00:36:07.502+09:00,Hoseop Shin,KeyEvent,10:10:8,071,Editor,C:/Users/hoseop/CLionProjects/071/Complex.h,,15,18,Default task
2023-01-12T00:36:24.075+09:00,Hoseop Shin,Action,EditorBackSpace,071,Editor,C:/Users/hoseop/CLionProjects/071/Complex.h,,9,0,Default task
2023-01-12T00:36:24.084+09:00,Hoseop Shin,KeyEvent,8:8:0,071,Editor,C:/Users/hoseop/CLionProjects/071/Complex.h,,9,0,Default task
2023-01-12T00:36:24.600+09:00,Hoseop Shin,Action,EditorBackSpace,071,Editor,C:/Users/hoseop/CLionProjects/071/Complex.h,,9,0,Default task
2023-01-12T00:36:24.744+09:00,Hoseop Shin,KeyEvent,8:8:0,071,Editor,C:/Users/hoseop/CLionProjects/071/Complex.h,,8,74,Default task
2023-01-12T00:36:32.430+09:00,Hoseop Shin,Action,EditorBackSpace,071,Editor,C:/Users/hoseop/CLionProjects/071/Complex.cpp,,7,26,Default task
2023-01-12T00:36:32.446+09:00,Hoseop Shin,KeyEvent,8:8:0,071,Editor,C:/Users/hoseop/CLionProjects/071/Complex.cpp,,7,11,Default task
2023-01-12T00:36:33.356+09:00,Hoseop Shin,KeyEvent,111:79:0,071,Editor,C:/Users/hoseop/CLionProjects/071/Complex.cpp,,7,11,Default task
2023-01-12T00:36:33.433+09:00,Hoseop Shin,KeyEvent,115:83:0,071,Editor,C:/Users/hoseop/CLionProjects/071/Complex.cpp,,7,12,Default task
2023-01-12T00:36:34.056+09:00,Hoseop Shin,Action,EditorLineStart,071,Editor,C:/Users/hoseop/CLionProjects/071/Complex.cpp,,7,13,Default task
2023-01-12T00:36:34.064+09:00,Hoseop Shin,KeyEvent,65535:36:0,071,Editor,C:/Users/hoseop/CLionProjects/071/Complex.cpp,,7,4,Default task
2023-01-12T00:36:34.377+09:00,Hoseop Shin,Action,EditorEnter,071,Editor,C:/Users/hoseop/CLionProjects/071/Complex.cpp,,7,4,Default task
2023-01-12T00:36:34.473+09:00,Hoseop Shin,KeyEvent,10:10:0,071,Editor,C:/Users/hoseop/CLionProjects/071/Complex.cpp,,8,4,Default task
2023-01-12T00:36:34.840+09:00,Hoseop Shin,Action,EditorUp,071,Editor,C:/Users/hoseop/CLionProjects/071/Complex.cpp,,8,4,Default task
2023-01-12T00:36:34.845+09:00,Hoseop Shin,KeyEvent,65535:38:0,071,Editor,C:/Users/hoseop/CLionProjects/071/Complex.cpp,,7,4,Default task
2023-01-12T00:37:47.341+09:00,Hoseop Shin,KeyEvent,105:73:0,071,Editor,C:/Users/hoseop/CLionProjects/071/Complex.cpp,,7,4,Default task
2023-01-12T00:37:47.454+09:00,Hoseop Shin,KeyEvent,115:83:0,071,Editor,C:/Users/hoseop/CLionProjects/071/Complex.cpp,,7,5,Default task
2023-01-12T00:37:47.744+09:00,Hoseop Shin,KeyEvent,32:32:0,071,Editor,C:/Users/hoseop/CLionProjects/071/Complex.cpp,,7,6,Default task
2023-01-12T00:37:48.048+09:00,Hoseop Shin,Action,EditorBackSpace,071,Editor,C:/Users/hoseop/CLionProjects/071/Complex.cpp,,7,7,Default task
2023-01-12T00:37:48.055+09:00,Hoseop Shin,KeyEvent,8:8:0,071,Editor,C:/Users/hoseop/CLionProjects/071/Complex.cpp,,7,6,Default task
2023-01-12T00:37:48.178+09:00,Hoseop Shin,Action,EditorBackSpace,071,Editor,C:/Users/hoseop/CLionProjects/071/Complex.cpp,,7,6,Default task
2023-01-12T00:37:48.193+09:00,Hoseop Shin,KeyEvent,8:8:0,071,Editor,C:/Users/hoseop/CLionProjects/071/Complex.cpp,,7,5,Default task
2023-01-12T00:37:48.881+09:00,Hoseop Shin,Action,EditorBackSpace,071,Editor,C:/Users/hoseop/CLionProjects/071/Complex.cpp,,7,5,Default task
2023-01-12T00:37:48.893+09:00,Hoseop Shin,KeyEvent,8:8:0,071,Editor,C:/Users/hoseop/CLionProjects/071/Complex.cpp,,7,4,Default task
2023-01-12T00:37:49.323+09:00,Hoseop Shin,KeyEvent,115:83:0,071,Editor,C:/Users/hoseop/CLionProjects/071/Complex.cpp,,7,4,Default task
2023-01-12T00:37:49.693+09:00,Hoseop Shin,Action,EditorLineStart,071,Editor,C:/Users/hoseop/CLionProjects/071/Complex.cpp,,7,5,Default task
2023-01-12T00:37:49.697+09:00,Hoseop Shin,KeyEvent,65535:36:0,071,Editor,C:/Users/hoseop/CLionProjects/071/Complex.cpp,,7,4,Default task
2023-01-12T00:37:50.504+09:00,Hoseop Shin,Action,EditorLineEnd,071,Editor,C:/Users/hoseop/CLionProjects/071/Complex.cpp,,7,4,Default task
2023-01-12T00:37:50.508+09:00,Hoseop Shin,KeyEvent,65535:35:0,071,Editor,C:/Users/hoseop/CLionProjects/071/Complex.cpp,,7,5,Default task
2023-01-12T00:37:50.805+09:00,Hoseop Shin,Action,EditorBackSpace,071,Editor,C:/Users/hoseop/CLionProjects/071/Complex.cpp,,7,5,Default task
2023-01-12T00:37:50.812+09:00,Hoseop Shin,KeyEvent,8:8:0,071,Editor,C:/Users/hoseop/CLionProjects/071/Complex.cpp,,7,4,Default task
2023-01-12T00:37:51.261+09:00,Hoseop Shin,KeyEvent,111:79:0,071,Editor,C:/Users/hoseop/CLionProjects/071/Complex.cpp,,7,4,Default task
2023-01-12T00:37:51.350+09:00,Hoseop Shin,KeyEvent,115:83:0,071,Editor,C:/Users/hoseop/CLionProjects/071/Complex.cpp,,7,5,Default task
2023-01-12T00:37:51.694+09:00,Hoseop Shin,KeyEvent,32:32:0,071,Editor,C:/Users/hoseop/CLionProjects/071/Complex.cpp,,7,6,Default task
2023-01-12T00:37:51.916+09:00,Hoseop Shin,KeyEvent,65535:16:1,071,Editor,C:/Users/hoseop/CLionProjects/071/Complex.cpp,,7,7,Default task
2023-01-12T00:37:52.002+09:00,Hoseop Shin,KeyEvent,60:44:1,071,Editor,C:/Users/hoseop/CLionProjects/071/Complex.cpp,,7,7,Default task
2023-01-12T00:37:52.158+09:00,Hoseop Shin,KeyEvent,60:44:1,071,Editor,C:/Users/hoseop/CLionProjects/071/Complex.cpp,,7,8,Default task
2023-01-12T00:37:52.317+09:00,Hoseop Shin,KeyEvent,32:32:0,071,Editor,C:/Users/hoseop/CLionProjects/071/Complex.cpp,,7,9,Default task
2023-01-12T00:38:00.995+09:00,Hoseop Shin,KeyEvent,99:67:0,071,Editor,C:/Users/hoseop/CLionProjects/071/Complex.cpp,,7,10,Default task
2023-01-12T00:38:01.266+09:00,Hoseop Shin,KeyEvent,46:46:0,071,Editor,C:/Users/hoseop/CLionProjects/071/Complex.cpp,,7,11,Default task
2023-01-12T00:38:01.785+09:00,Hoseop Shin,KeyEvent,114:82:0,071,Editor,C:/Users/hoseop/CLionProjects/071/Complex.cpp,,7,12,Default task
2023-01-12T00:38:02.531+09:00,Hoseop Shin,KeyEvent,32:32:0,071,Editor,C:/Users/hoseop/CLionProjects/071/Complex.cpp,,7,13,Default task
2023-01-12T00:38:02.812+09:00,Hoseop Shin,KeyEvent,65535:16:1,071,Editor,C:/Users/hoseop/CLionProjects/071/Complex.cpp,,7,14,Default task
2023-01-12T00:38:02.939+09:00,Hoseop Shin,KeyEvent,60:44:1,071,Editor,C:/Users/hoseop/CLionProjects/071/Complex.cpp,,7,14,Default task
2023-01-12T00:38:03.064+09:00,Hoseop Shin,KeyEvent,60:44:1,071,Editor,C:/Users/hoseop/CLionProjects/071/Complex.cpp,,7,15,Default task
2023-01-12T00:38:03.156+09:00,Hoseop Shin,KeyEvent,32:32:0,071,Editor,C:/Users/hoseop/CLionProjects/071/Complex.cpp,,7,16,Default task
2023-01-12T00:38:03.354+09:00,Hoseop Shin,KeyEvent,65535:16:1,071,Editor,C:/Users/hoseop/CLionProjects/071/Complex.cpp,,7,17,Default task
2023-01-12T00:38:03.425+09:00,Hoseop Shin,KeyEvent,34:222:1,071,Editor,C:/Users/hoseop/CLionProjects/071/Complex.cpp,,7,17,Default task
2023-01-12T00:38:07.190+09:00,Hoseop Shin,KeyEvent,32:32:0,071,Editor,C:/Users/hoseop/CLionProjects/071/Complex.cpp,,7,18,Default task
2023-01-12T00:38:07.318+09:00,Hoseop Shin,KeyEvent,65535:16:1,071,Editor,C:/Users/hoseop/CLionProjects/071/Complex.cpp,,7,19,Default task
2023-01-12T00:38:07.386+09:00,Hoseop Shin,KeyEvent,43:61:1,071,Editor,C:/Users/hoseop/CLionProjects/071/Complex.cpp,,7,19,Default task
2023-01-12T00:38:07.536+09:00,Hoseop Shin,KeyEvent,32:32:0,071,Editor,C:/Users/hoseop/CLionProjects/071/Complex.cpp,,7,20,Default task
2023-01-12T00:38:08.136+09:00,Hoseop Shin,Action,EditorRight,071,Editor,C:/Users/hoseop/CLionProjects/071/Complex.cpp,,7,21,Default task
2023-01-12T00:38:08.143+09:00,Hoseop Shin,KeyEvent,65535:39:0,071,Editor,C:/Users/hoseop/CLionProjects/071/Complex.cpp,,7,22,Default task
2023-01-12T00:38:08.909+09:00,Hoseop Shin,KeyEvent,32:32:0,071,Editor,C:/Users/hoseop/CLionProjects/071/Complex.cpp,,7,22,Default task
2023-01-12T00:38:09.065+09:00,Hoseop Shin,KeyEvent,65535:16:1,071,Editor,C:/Users/hoseop/CLionProjects/071/Complex.cpp,,7,23,Default task
2023-01-12T00:38:09.181+09:00,Hoseop Shin,KeyEvent,60:44:1,071,Editor,C:/Users/hoseop/CLionProjects/071/Complex.cpp,,7,23,Default task
2023-01-12T00:38:09.312+09:00,Hoseop Shin,KeyEvent,60:44:1,071,Editor,C:/Users/hoseop/CLionProjects/071/Complex.cpp,,7,24,Default task
2023-01-12T00:38:09.835+09:00,Hoseop Shin,KeyEvent,32:32:0,071,Editor,C:/Users/hoseop/CLionProjects/071/Complex.cpp,,7,25,Default task
2023-01-12T00:38:10.847+09:00,Hoseop Shin,KeyEvent,99:67:0,071,Editor,C:/Users/hoseop/CLionProjects/071/Complex.cpp,,7,26,Default task
2023-01-12T00:38:11.295+09:00,Hoseop Shin,KeyEvent,46:46:0,071,Editor,C:/Users/hoseop/CLionProjects/071/Complex.cpp,,7,27,Default task
2023-01-12T00:38:14.145+09:00,Hoseop Shin,KeyEvent,105:73:0,071,Editor,C:/Users/hoseop/CLionProjects/071/Complex.cpp,,7,28,Default task
2023-01-12T00:38:15.287+09:00,Hoseop Shin,KeyEvent,32:32:0,071,Editor,C:/Users/hoseop/CLionProjects/071/Complex.cpp,,7,29,Default task
2023-01-12T00:38:15.462+09:00,Hoseop Shin,KeyEvent,65535:16:1,071,Editor,C:/Users/hoseop/CLionProjects/071/Complex.cpp,,7,30,Default task
2023-01-12T00:38:15.569+09:00,Hoseop Shin,KeyEvent,60:44:1,071,Editor,C:/Users/hoseop/CLionProjects/071/Complex.cpp,,7,30,Default task
2023-01-12T00:38:15.731+09:00,Hoseop Shin,KeyEvent,60:44:1,071,Editor,C:/Users/hoseop/CLionProjects/071/Complex.cpp,,7,31,Default task
2023-01-12T00:38:15.859+09:00,Hoseop Shin,KeyEvent,32:32:0,071,Editor,C:/Users/hoseop/CLionProjects/071/Complex.cpp,,7,32,Default task
2023-01-12T00:38:16.061+09:00,Hoseop Shin,KeyEvent,65535:16:1,071,Editor,C:/Users/hoseop/CLionProjects/071/Complex.cpp,,7,33,Default task
2023-01-12T00:38:16.156+09:00,Hoseop Shin,KeyEvent,34:222:1,071,Editor,C:/Users/hoseop/CLionProjects/071/Complex.cpp,,7,33,Default task
2023-01-12T00:38:17.399+09:00,Hoseop Shin,KeyEvent,105:73:0,071,Editor,C:/Users/hoseop/CLionProjects/071/Complex.cpp,,7,34,Default task
2023-01-12T00:38:18.194+09:00,Hoseop Shin,Action,EditorRight,071,Editor,C:/Users/hoseop/CLionProjects/071/Complex.cpp,,7,35,Default task
2023-01-12T00:38:18.198+09:00,Hoseop Shin,KeyEvent,65535:39:0,071,Editor,C:/Users/hoseop/CLionProjects/071/Complex.cpp,,7,36,Default task
2023-01-12T00:38:18.586+09:00,Hoseop Shin,KeyEvent,59:59:0,071,Editor,C:/Users/hoseop/CLionProjects/071/Complex.cpp,,7,36,Default task
2023-01-12T00:38:27.135+09:00,Hoseop Shin,KeyEvent,65535:18:8,071,Editor,C:/Users/hoseop/CLionProjects/071/ComplexTest.cpp,,3,10,Default task
2023-01-12T00:38:27.209+09:00,Hoseop Shin,Action,ShowIntentionActions,071,Editor,C:/Users/hoseop/CLionProjects/071/ComplexTest.cpp,,3,10,Default task
2023-01-12T00:38:27.275+09:00,Hoseop Shin,KeyEvent,10:10:8,071,Editor,C:/Users/hoseop/CLionProjects/071/ComplexTest.cpp,,3,10,Default task
2023-01-12T00:38:41.743+09:00,Hoseop Shin,KeyEvent,65535:16:1,071,Editor,C:/Users/hoseop/CLionProjects/071/ComplexTest.cpp,,5,19,Default task
2023-01-12T00:38:41.952+09:00,Hoseop Shin,Action,Run,071,Editor,C:/Users/hoseop/CLionProjects/071/ComplexTest.cpp,,5,19,Default task
2023-01-12T00:38:42.143+09:00,Hoseop Shin,KeyEvent,65535:121:1,071,Editor,C:/Users/hoseop/CLionProjects/071/ComplexTest.cpp,,5,19,Default task
2023-01-12T00:39:10.524+09:00,Hoseop Shin,Action,editRunConfigurations,,,,,-1,-1,
2023-01-12T00:39:19.305+09:00,Hoseop Shin,KeyEvent,99:67:0,071,Dialog,C:/Users/hoseop/CLionProjects/071/ComplexTest.cpp,,5,19,Default task
2023-01-12T00:39:19.689+09:00,Hoseop Shin,Action,EditorBackSpace,071,Dialog,C:/Users/hoseop/CLionProjects/071/ComplexTest.cpp,,5,19,Default task
2023-01-12T00:39:19.693+09:00,Hoseop Shin,KeyEvent,8:8:0,071,Dialog,C:/Users/hoseop/CLionProjects/071/ComplexTest.cpp,,5,19,Default task
2023-01-12T00:39:19.775+09:00,Hoseop Shin,KeyEvent,65535:20:0,071,Dialog,C:/Users/hoseop/CLionProjects/071/ComplexTest.cpp,,5,19,Default task
2023-01-12T00:39:19.943+09:00,Hoseop Shin,KeyEvent,67:67:0,071,Dialog,C:/Users/hoseop/CLionProjects/071/ComplexTest.cpp,,5,19,Default task
2023-01-12T00:39:20.073+09:00,Hoseop Shin,KeyEvent,65535:20:0,071,Dialog,C:/Users/hoseop/CLionProjects/071/ComplexTest.cpp,,5,19,Default task
2023-01-12T00:39:20.187+09:00,Hoseop Shin,KeyEvent,111:79:0,071,Dialog,C:/Users/hoseop/CLionProjects/071/ComplexTest.cpp,,5,19,Default task
2023-01-12T00:39:20.294+09:00,Hoseop Shin,KeyEvent,109:77:0,071,Dialog,C:/Users/hoseop/CLionProjects/071/ComplexTest.cpp,,5,19,Default task
2023-01-12T00:39:21.438+09:00,Hoseop Shin,KeyEvent,112:80:0,071,Dialog,C:/Users/hoseop/CLionProjects/071/ComplexTest.cpp,,5,19,Default task
2023-01-12T00:39:21.638+09:00,Hoseop Shin,KeyEvent,108:76:0,071,Dialog,C:/Users/hoseop/CLionProjects/071/ComplexTest.cpp,,5,19,Default task
2023-01-12T00:39:21.736+09:00,Hoseop Shin,KeyEvent,101:69:0,071,Dialog,C:/Users/hoseop/CLionProjects/071/ComplexTest.cpp,,5,19,Default task
2023-01-12T00:39:21.940+09:00,Hoseop Shin,KeyEvent,120:88:0,071,Dialog,C:/Users/hoseop/CLionProjects/071/ComplexTest.cpp,,5,19,Default task
2023-01-12T00:39:22.579+09:00,Hoseop Shin,KeyEvent,65535:20:0,071,Dialog,C:/Users/hoseop/CLionProjects/071/ComplexTest.cpp,,5,19,Default task
2023-01-12T00:39:22.714+09:00,Hoseop Shin,KeyEvent,84:84:0,071,Dialog,C:/Users/hoseop/CLionProjects/071/ComplexTest.cpp,,5,19,Default task
2023-01-12T00:39:22.889+09:00,Hoseop Shin,KeyEvent,65535:20:0,071,Dialog,C:/Users/hoseop/CLionProjects/071/ComplexTest.cpp,,5,19,Default task
2023-01-12T00:39:23.050+09:00,Hoseop Shin,KeyEvent,101:69:0,071,Dialog,C:/Users/hoseop/CLionProjects/071/ComplexTest.cpp,,5,19,Default task
2023-01-12T00:39:23.194+09:00,Hoseop Shin,KeyEvent,115:83:0,071,Dialog,C:/Users/hoseop/CLionProjects/071/ComplexTest.cpp,,5,19,Default task
2023-01-12T00:39:23.279+09:00,Hoseop Shin,KeyEvent,116:84:0,071,Dialog,C:/Users/hoseop/CLionProjects/071/ComplexTest.cpp,,5,19,Default task
2023-01-12T00:39:24.830+09:00,Hoseop Shin,KeyEvent,46:46:0,071,Dialog,C:/Users/hoseop/CLionProjects/071/ComplexTest.cpp,,5,19,Default task
2023-01-12T00:39:24.952+09:00,Hoseop Shin,KeyEvent,99:67:0,071,Dialog,C:/Users/hoseop/CLionProjects/071/ComplexTest.cpp,,5,19,Default task
2023-01-12T00:39:25.064+09:00,Hoseop Shin,KeyEvent,112:80:0,071,Dialog,C:/Users/hoseop/CLionProjects/071/ComplexTest.cpp,,5,19,Default task
2023-01-12T00:39:25.213+09:00,Hoseop Shin,KeyEvent,112:80:0,071,Dialog,C:/Users/hoseop/CLionProjects/071/ComplexTest.cpp,,5,19,Default task
2023-01-12T00:39:25.684+09:00,Hoseop Shin,KeyEvent,65535:20:0,071,Dialog,C:/Users/hoseop/CLionProjects/071/ComplexTest.cpp,,5,19,Default task
2023-01-12T00:39:28.408+09:00,Hoseop Shin,Action,FileChooser.GotoProject,071,Dialog,C:/Users/hoseop/CLionProjects/071/ComplexTest.cpp,,5,19,Default task
2023-01-12T00:39:35.987+09:00,Hoseop Shin,KeyEvent,65535:16:1,071,Editor,C:/Users/hoseop/CLionProjects/071/ComplexTest.cpp,,5,19,Default task
2023-01-12T00:39:36.104+09:00,Hoseop Shin,Action,Run,071,Editor,C:/Users/hoseop/CLionProjects/071/ComplexTest.cpp,,5,19,Default task
2023-01-12T00:39:36.110+09:00,Hoseop Shin,KeyEvent,65535:121:1,071,Editor,C:/Users/hoseop/CLionProjects/071/ComplexTest.cpp,,5,19,Default task
2023-01-12T00:40:51.583+09:00,Hoseop Shin,Action,Run,071,Editor,C:/Users/hoseop/CLionProjects/071/ComplexTest.cpp,,5,19,Default task
2023-01-12T00:41:48.270+09:00,Hoseop Shin,KeyEvent,65535:17:2,071,Editor,C:/Users/hoseop/CLionProjects/071/Complex.cpp,,9,1,Default task
2023-01-12T00:41:48.382+09:00,Hoseop Shin,KeyEvent,65535:18:10,071,Editor,C:/Users/hoseop/CLionProjects/071/Complex.cpp,,9,1,Default task
2023-01-12T00:41:48.625+09:00,Hoseop Shin,KeyEvent,65535:16:11,071,Editor,C:/Users/hoseop/CLionProjects/071/Complex.cpp,,9,1,Default task
2023-01-12T00:41:48.765+09:00,Hoseop Shin,Action,ActivityTracker-Popup,071,Editor,C:/Users/hoseop/CLionProjects/071/Complex.cpp,,9,1,Default task
2023-01-12T00:41:48.810+09:00,Hoseop Shin,KeyEvent,65535:79:11,071,Editor,C:/Users/hoseop/CLionProjects/071/Complex.cpp,,9,1,Default task
2023-01-12T00:41:57.152+09:00,Hoseop Shin,Action,RevealIn,071,Popup,C:/Users/hoseop/AppData/Roaming/JetBrains/CLion2022.3/plugins/activity-tracker/ide-events.csv,,0,0,Default task
