2023-01-16T21:16:33.785+09:00,Hoseop Shin,KeyEvent,65535:18:8,082,Editor,C:/Users/hoseop/AppData/Roaming/JetBrains/CLion2022.3/plugins/activity-tracker/ide-events.csv,,0,0,Default task
2023-01-16T21:16:40.132+09:00,Hoseop Shin,KeyEvent,65535:17:2,082,Project,C:/Users/hoseop/CLionProjects/082/my_vector.h,,11,31,Default task
2023-01-16T21:16:40.231+09:00,Hoseop Shin,Action,$Copy,082,Project,C:/Users/hoseop/CLionProjects/082/my_vector.h,,11,31,Default task
2023-01-16T21:16:40.241+09:00,Hoseop Shin,KeyEvent,3:67:2,082,Project,C:/Users/hoseop/CLionProjects/082/my_vector.h,,11,31,Default task
2023-01-16T21:17:21.690+09:00,Hoseop Shin,KeyEvent,65535:18:8,082,Project,C:/Users/hoseop/CLionProjects/082/my_vector.h,,11,31,Default task
2023-01-16T21:17:22.620+09:00,Hoseop Shin,KeyEvent,65535:18:8,082,Project,C:/Users/hoseop/CLionProjects/082/my_vector.h,,11,31,Default task
2023-01-16T21:17:24.147+09:00,Hoseop Shin,KeyEvent,65535:18:8,082,Project,C:/Users/hoseop/CLionProjects/082/my_vector.h,,11,31,Default task
2023-01-16T21:29:53.833+09:00,Hoseop Shin,KeyEvent,65535:18:8,082,Project,C:/Users/hoseop/CLionProjects/082/my_vector.h,,14,12,Default task
2023-01-16T21:29:53.892+09:00,Hoseop Shin,Action,ActivateProjectToolWindow,082,Project,C:/Users/hoseop/CLionProjects/082/my_vector.h,,14,12,Default task
2023-01-16T21:29:53.900+09:00,Hoseop Shin,KeyEvent,49:49:8,082,Project,C:/Users/hoseop/CLionProjects/082/my_vector.h,,14,12,Default task
2023-01-16T21:31:56.409+09:00,Hoseop Shin,KeyEvent,65535:17:2,082,Editor,C:/Users/hoseop/CLionProjects/082/my_vector.h,,50,5,Default task
2023-01-16T21:31:56.527+09:00,Hoseop Shin,Action,EditorCopy,082,Editor,C:/Users/hoseop/CLionProjects/082/my_vector.h,,50,5,Default task
2023-01-16T21:31:56.588+09:00,Hoseop Shin,KeyEvent,3:67:2,082,Editor,C:/Users/hoseop/CLionProjects/082/my_vector.h,,50,5,Default task
2023-01-16T21:31:58.987+09:00,Hoseop Shin,Action,EditorEnter,082,Editor,C:/Users/hoseop/CLionProjects/082/my_vector_iterator.h,,28,5,Default task
2023-01-16T21:31:58.994+09:00,Hoseop Shin,KeyEvent,10:10:0,082,Editor,C:/Users/hoseop/CLionProjects/082/my_vector_iterator.h,,29,4,Default task
2023-01-16T21:31:59.493+09:00,Hoseop Shin,Action,EditorEnter,082,Editor,C:/Users/hoseop/CLionProjects/082/my_vector_iterator.h,,29,4,Default task
2023-01-16T21:31:59.510+09:00,Hoseop Shin,KeyEvent,10:10:0,082,Editor,C:/Users/hoseop/CLionProjects/082/my_vector_iterator.h,,30,4,Default task
2023-01-16T21:31:59.587+09:00,Hoseop Shin,KeyEvent,65535:17:2,082,Editor,C:/Users/hoseop/CLionProjects/082/my_vector_iterator.h,,30,4,Default task
2023-01-16T21:31:59.642+09:00,Hoseop Shin,Action,EditorPaste,082,Editor,C:/Users/hoseop/CLionProjects/082/my_vector_iterator.h,,30,4,Default task
2023-01-16T21:31:59.668+09:00,Hoseop Shin,KeyEvent,22:86:2,082,Editor,C:/Users/hoseop/CLionProjects/082/my_vector_iterator.h,,36,5,Default task
2023-01-16T21:32:18.919+09:00,Hoseop Shin,KeyEvent,116:84:0,082,Editor,C:/Users/hoseop/CLionProjects/082/my_vector_iterator.h,,31,37,Default task
2023-01-16T21:32:19.014+09:00,Hoseop Shin,KeyEvent,104:72:0,082,Editor,C:/Users/hoseop/CLionProjects/082/my_vector_iterator.h,,31,38,Default task
2023-01-16T21:32:19.070+09:00,Hoseop Shin,KeyEvent,105:73:0,082,Editor,C:/Users/hoseop/CLionProjects/082/my_vector_iterator.h,,31,39,Default task
2023-01-16T21:32:19.192+09:00,Hoseop Shin,KeyEvent,115:83:0,082,Editor,C:/Users/hoseop/CLionProjects/082/my_vector_iterator.h,,31,40,Default task
2023-01-16T21:32:21.768+09:00,Hoseop Shin,KeyEvent,45:45:0,082,Editor,C:/Users/hoseop/CLionProjects/082/my_vector_iterator.h,,31,41,Default task
2023-01-16T21:32:22.040+09:00,Hoseop Shin,KeyEvent,65535:16:1,082,Editor,C:/Users/hoseop/CLionProjects/082/my_vector_iterator.h,,31,42,Default task
2023-01-16T21:32:22.106+09:00,Hoseop Shin,KeyEvent,62:46:1,082,Editor,C:/Users/hoseop/CLionProjects/082/my_vector_iterator.h,,31,42,Default task
2023-01-16T21:32:28.145+09:00,Hoseop Shin,Action,EditorBackSpace,082,Editor,C:/Users/hoseop/CLionProjects/082/my_vector_iterator.h,,31,43,Default task
2023-01-16T21:32:28.169+09:00,Hoseop Shin,KeyEvent,8:8:0,082,Editor,C:/Users/hoseop/CLionProjects/082/my_vector_iterator.h,,31,42,Default task
2023-01-16T21:32:28.321+09:00,Hoseop Shin,Action,EditorBackSpace,082,Editor,C:/Users/hoseop/CLionProjects/082/my_vector_iterator.h,,31,42,Default task
2023-01-16T21:32:28.326+09:00,Hoseop Shin,KeyEvent,8:8:0,082,Editor,C:/Users/hoseop/CLionProjects/082/my_vector_iterator.h,,31,41,Default task
2023-01-16T21:32:28.506+09:00,Hoseop Shin,Action,EditorBackSpace,082,Editor,C:/Users/hoseop/CLionProjects/082/my_vector_iterator.h,,31,41,Default task
2023-01-16T21:32:28.510+09:00,Hoseop Shin,KeyEvent,8:8:0,082,Editor,C:/Users/hoseop/CLionProjects/082/my_vector_iterator.h,,31,40,Default task
2023-01-16T21:32:28.680+09:00,Hoseop Shin,Action,EditorBackSpace,082,Editor,C:/Users/hoseop/CLionProjects/082/my_vector_iterator.h,,31,40,Default task
2023-01-16T21:32:28.693+09:00,Hoseop Shin,KeyEvent,8:8:0,082,Editor,C:/Users/hoseop/CLionProjects/082/my_vector_iterator.h,,31,39,Default task
2023-01-16T21:32:28.863+09:00,Hoseop Shin,Action,EditorBackSpace,082,Editor,C:/Users/hoseop/CLionProjects/082/my_vector_iterator.h,,31,39,Default task
2023-01-16T21:32:28.875+09:00,Hoseop Shin,KeyEvent,8:8:0,082,Editor,C:/Users/hoseop/CLionProjects/082/my_vector_iterator.h,,31,38,Default task
2023-01-16T21:32:29.095+09:00,Hoseop Shin,Action,EditorBackSpace,082,Editor,C:/Users/hoseop/CLionProjects/082/my_vector_iterator.h,,31,38,Default task
2023-01-16T21:32:29.105+09:00,Hoseop Shin,KeyEvent,8:8:0,082,Editor,C:/Users/hoseop/CLionProjects/082/my_vector_iterator.h,,31,37,Default task
2023-01-16T21:32:40.629+09:00,Hoseop Shin,Action,EditorBackSpace,082,Editor,C:/Users/hoseop/CLionProjects/082/my_vector_iterator.h,,30,0,Default task
2023-01-16T21:32:40.632+09:00,Hoseop Shin,KeyEvent,8:8:0,082,Editor,C:/Users/hoseop/CLionProjects/082/my_vector_iterator.h,,30,0,Default task
2023-01-16T21:32:40.795+09:00,Hoseop Shin,Action,EditorBackSpace,082,Editor,C:/Users/hoseop/CLionProjects/082/my_vector_iterator.h,,30,0,Default task
2023-01-16T21:32:40.804+09:00,Hoseop Shin,KeyEvent,8:8:0,082,Editor,C:/Users/hoseop/CLionProjects/082/my_vector_iterator.h,,29,4,Default task
2023-01-16T21:32:42.244+09:00,Hoseop Shin,Action,EditorRight,082,Editor,C:/Users/hoseop/CLionProjects/082/my_vector_iterator.h,,29,4,Default task
2023-01-16T21:32:42.247+09:00,Hoseop Shin,KeyEvent,65535:39:0,082,Editor,C:/Users/hoseop/CLionProjects/082/my_vector_iterator.h,,30,0,Default task
2023-01-16T21:32:42.562+09:00,Hoseop Shin,Action,EditorDown,082,Editor,C:/Users/hoseop/CLionProjects/082/my_vector_iterator.h,,30,0,Default task
2023-01-16T21:32:42.564+09:00,Hoseop Shin,KeyEvent,65535:40:0,082,Editor,C:/Users/hoseop/CLionProjects/082/my_vector_iterator.h,,31,0,Default task
2023-01-16T21:32:43.038+09:00,Hoseop Shin,Action,EditorUp,082,Editor,C:/Users/hoseop/CLionProjects/082/my_vector_iterator.h,,31,0,Default task
2023-01-16T21:32:43.040+09:00,Hoseop Shin,KeyEvent,65535:38:0,082,Editor,C:/Users/hoseop/CLionProjects/082/my_vector_iterator.h,,30,0,Default task
2023-01-16T21:32:43.337+09:00,Hoseop Shin,Action,EditorLineEnd,082,Editor,C:/Users/hoseop/CLionProjects/082/my_vector_iterator.h,,30,0,Default task
2023-01-16T21:32:43.339+09:00,Hoseop Shin,KeyEvent,65535:35:0,082,Editor,C:/Users/hoseop/CLionProjects/082/my_vector_iterator.h,,30,5,Default task
2023-01-16T21:32:43.689+09:00,Hoseop Shin,Action,EditorBackSpace,082,Editor,C:/Users/hoseop/CLionProjects/082/my_vector_iterator.h,,30,5,Default task
2023-01-16T21:32:43.700+09:00,Hoseop Shin,KeyEvent,8:8:0,082,Editor,C:/Users/hoseop/CLionProjects/082/my_vector_iterator.h,,30,4,Default task
2023-01-16T21:32:43.905+09:00,Hoseop Shin,Action,EditorBackSpace,082,Editor,C:/Users/hoseop/CLionProjects/082/my_vector_iterator.h,,30,4,Default task
2023-01-16T21:32:43.912+09:00,Hoseop Shin,KeyEvent,8:8:0,082,Editor,C:/Users/hoseop/CLionProjects/082/my_vector_iterator.h,,29,4,Default task
2023-01-16T21:32:44.389+09:00,Hoseop Shin,Action,EditorBackSpace,082,Editor,C:/Users/hoseop/CLionProjects/082/my_vector_iterator.h,,29,4,Default task
2023-01-16T21:32:44.404+09:00,Hoseop Shin,KeyEvent,8:8:0,082,Editor,C:/Users/hoseop/CLionProjects/082/my_vector_iterator.h,,28,5,Default task
2023-01-16T21:33:46.903+09:00,Hoseop Shin,Action,EditorBackSpace,082,Editor,C:/Users/hoseop/CLionProjects/082/my_vector_iterator.h,,34,0,Default task
2023-01-16T21:33:46.913+09:00,Hoseop Shin,KeyEvent,8:8:0,082,Editor,C:/Users/hoseop/CLionProjects/082/my_vector_iterator.h,,34,0,Default task
2023-01-16T21:33:47.086+09:00,Hoseop Shin,Action,EditorBackSpace,082,Editor,C:/Users/hoseop/CLionProjects/082/my_vector_iterator.h,,34,0,Default task
2023-01-16T21:33:47.090+09:00,Hoseop Shin,KeyEvent,8:8:0,082,Editor,C:/Users/hoseop/CLionProjects/082/my_vector_iterator.h,,33,0,Default task
2023-01-16T21:33:47.368+09:00,Hoseop Shin,Action,EditorBackSpace,082,Editor,C:/Users/hoseop/CLionProjects/082/my_vector_iterator.h,,33,0,Default task
2023-01-16T21:33:47.374+09:00,Hoseop Shin,KeyEvent,8:8:0,082,Editor,C:/Users/hoseop/CLionProjects/082/my_vector_iterator.h,,32,3,Default task
2023-01-16T21:33:50.236+09:00,Hoseop Shin,Action,EditorDown,082,Editor,C:/Users/hoseop/CLionProjects/082/my_vector_iterator.h,,7,22,Default task
2023-01-16T21:33:50.238+09:00,Hoseop Shin,KeyEvent,65535:40:0,082,Editor,C:/Users/hoseop/CLionProjects/082/my_vector_iterator.h,,8,0,Default task
2023-01-16T21:33:50.639+09:00,Hoseop Shin,KeyEvent,65535:17:2,082,Editor,C:/Users/hoseop/CLionProjects/082/my_vector_iterator.h,,8,0,Default task
2023-01-16T21:33:50.727+09:00,Hoseop Shin,Action,EditorPaste,082,Editor,C:/Users/hoseop/CLionProjects/082/my_vector_iterator.h,,8,0,Default task
2023-01-16T21:33:50.751+09:00,Hoseop Shin,KeyEvent,22:86:2,082,Editor,C:/Users/hoseop/CLionProjects/082/my_vector_iterator.h,,14,1,Default task
2023-01-16T21:33:52.383+09:00,Hoseop Shin,KeyEvent,65535:17:2,082,Editor,C:/Users/hoseop/CLionProjects/082/my_vector_iterator.h,,14,1,Default task
2023-01-16T21:33:52.539+09:00,Hoseop Shin,Action,$Undo,082,Editor,C:/Users/hoseop/CLionProjects/082/my_vector_iterator.h,,14,1,Default task
2023-01-16T21:33:52.554+09:00,Hoseop Shin,KeyEvent,26:90:2,082,Editor,C:/Users/hoseop/CLionProjects/082/my_vector_iterator.h,,8,0,Default task
2023-01-16T21:33:57.712+09:00,Hoseop Shin,KeyEvent,116:84:0,082,Editor,C:/Users/hoseop/CLionProjects/082/my_vector_iterator.h,,8,0,Default task
2023-01-16T21:33:57.876+09:00,Hoseop Shin,KeyEvent,101:69:0,082,Editor,C:/Users/hoseop/CLionProjects/082/my_vector_iterator.h,,8,1,Default task
2023-01-16T21:33:58.008+09:00,Hoseop Shin,KeyEvent,109:77:0,082,Editor,C:/Users/hoseop/CLionProjects/082/my_vector_iterator.h,,8,2,Default task
2023-01-16T21:33:58.068+09:00,Hoseop Shin,KeyEvent,112:80:0,082,Editor,C:/Users/hoseop/CLionProjects/082/my_vector_iterator.h,,8,3,Default task
2023-01-16T21:33:58.387+09:00,Hoseop Shin,KeyEvent,108:76:0,082,Editor,C:/Users/hoseop/CLionProjects/082/my_vector_iterator.h,,8,4,Default task
2023-01-16T21:33:58.653+09:00,Hoseop Shin,KeyEvent,97:65:0,082,Editor,C:/Users/hoseop/CLionProjects/082/my_vector_iterator.h,,8,5,Default task
2023-01-16T21:33:58.990+09:00,Hoseop Shin,KeyEvent,116:84:0,082,Editor,C:/Users/hoseop/CLionProjects/082/my_vector_iterator.h,,8,6,Default task
2023-01-16T21:33:59.411+09:00,Hoseop Shin,KeyEvent,101:69:0,082,Editor,C:/Users/hoseop/CLionProjects/082/my_vector_iterator.h,,8,7,Default task
2023-01-16T21:33:59.913+09:00,Hoseop Shin,KeyEvent,32:32:0,082,Editor,C:/Users/hoseop/CLionProjects/082/my_vector_iterator.h,,8,8,Default task
2023-01-16T21:34:00.820+09:00,Hoseop Shin,Action,EditorBackSpace,082,Editor,C:/Users/hoseop/CLionProjects/082/my_vector_iterator.h,,8,9,Default task
2023-01-16T21:34:00.831+09:00,Hoseop Shin,KeyEvent,8:8:0,082,Editor,C:/Users/hoseop/CLionProjects/082/my_vector_iterator.h,,8,8,Default task
2023-01-16T21:34:01.102+09:00,Hoseop Shin,KeyEvent,65535:16:1,082,Editor,C:/Users/hoseop/CLionProjects/082/my_vector_iterator.h,,8,8,Default task
2023-01-16T21:34:01.181+09:00,Hoseop Shin,KeyEvent,60:44:1,082,Editor,C:/Users/hoseop/CLionProjects/082/my_vector_iterator.h,,8,8,Default task
2023-01-16T21:34:01.497+09:00,Hoseop Shin,KeyEvent,116:84:0,082,Editor,C:/Users/hoseop/CLionProjects/082/my_vector_iterator.h,,8,9,Default task
2023-01-16T21:34:01.637+09:00,Hoseop Shin,KeyEvent,121:89:0,082,Editor,C:/Users/hoseop/CLionProjects/082/my_vector_iterator.h,,8,10,Default task
2023-01-16T21:34:01.776+09:00,Hoseop Shin,KeyEvent,112:80:0,082,Editor,C:/Users/hoseop/CLionProjects/082/my_vector_iterator.h,,8,11,Default task
2023-01-16T21:34:01.916+09:00,Hoseop Shin,KeyEvent,101:69:0,082,Editor,C:/Users/hoseop/CLionProjects/082/my_vector_iterator.h,,8,12,Default task
2023-01-16T21:34:02.717+09:00,Hoseop Shin,KeyEvent,110:78:0,082,Editor,C:/Users/hoseop/CLionProjects/082/my_vector_iterator.h,,8,13,Default task
2023-01-16T21:34:02.780+09:00,Hoseop Shin,KeyEvent,97:65:0,082,Editor,C:/Users/hoseop/CLionProjects/082/my_vector_iterator.h,,8,14,Default task
2023-01-16T21:34:02.916+09:00,Hoseop Shin,KeyEvent,109:77:0,082,Editor,C:/Users/hoseop/CLionProjects/082/my_vector_iterator.h,,8,15,Default task
2023-01-16T21:34:02.992+09:00,Hoseop Shin,KeyEvent,101:69:0,082,Editor,C:/Users/hoseop/CLionProjects/082/my_vector_iterator.h,,8,16,Default task
2023-01-16T21:34:03.662+09:00,Hoseop Shin,KeyEvent,32:32:0,082,Editor,C:/Users/hoseop/CLionProjects/082/my_vector_iterator.h,,8,17,Default task
2023-01-16T21:34:04.006+09:00,Hoseop Shin,KeyEvent,65535:20:0,082,Editor,C:/Users/hoseop/CLionProjects/082/my_vector_iterator.h,,8,18,Default task
2023-01-16T21:34:04.206+09:00,Hoseop Shin,KeyEvent,84:84:0,082,Editor,C:/Users/hoseop/CLionProjects/082/my_vector_iterator.h,,8,18,Default task
2023-01-16T21:34:04.346+09:00,Hoseop Shin,KeyEvent,65535:20:0,082,Editor,C:/Users/hoseop/CLionProjects/082/my_vector_iterator.h,,8,19,Default task
2023-01-16T21:34:04.804+09:00,Hoseop Shin,KeyEvent,65535:16:1,082,Editor,C:/Users/hoseop/CLionProjects/082/my_vector_iterator.h,,8,19,Default task
2023-01-16T21:34:04.871+09:00,Hoseop Shin,KeyEvent,62:46:1,082,Editor,C:/Users/hoseop/CLionProjects/082/my_vector_iterator.h,,8,19,Default task
2023-01-16T21:34:05.113+09:00,Hoseop Shin,Action,EditorEnter,082,Editor,C:/Users/hoseop/CLionProjects/082/my_vector_iterator.h,,8,20,Default task
2023-01-16T21:34:05.121+09:00,Hoseop Shin,KeyEvent,10:10:0,082,Editor,C:/Users/hoseop/CLionProjects/082/my_vector_iterator.h,,9,0,Default task
2023-01-16T21:34:06.288+09:00,Hoseop Shin,KeyEvent,99:67:0,082,Editor,C:/Users/hoseop/CLionProjects/082/my_vector_iterator.h,,9,0,Default task
2023-01-16T21:34:06.432+09:00,Hoseop Shin,KeyEvent,108:76:0,082,Editor,C:/Users/hoseop/CLionProjects/082/my_vector_iterator.h,,9,1,Default task
2023-01-16T21:34:06.534+09:00,Hoseop Shin,KeyEvent,97:65:0,082,Editor,C:/Users/hoseop/CLionProjects/082/my_vector_iterator.h,,9,2,Default task
2023-01-16T21:34:06.638+09:00,Hoseop Shin,KeyEvent,115:83:0,082,Editor,C:/Users/hoseop/CLionProjects/082/my_vector_iterator.h,,9,3,Default task
2023-01-16T21:34:06.842+09:00,Hoseop Shin,KeyEvent,115:83:0,082,Editor,C:/Users/hoseop/CLionProjects/082/my_vector_iterator.h,,9,4,Default task
2023-01-16T21:34:06.945+09:00,Hoseop Shin,KeyEvent,32:32:0,082,Editor,C:/Users/hoseop/CLionProjects/082/my_vector_iterator.h,,9,5,Default task
2023-01-16T21:34:09.538+09:00,Hoseop Shin,KeyEvent,118:86:0,082,Editor,C:/Users/hoseop/CLionProjects/082/my_vector_iterator.h,,9,6,Default task
2023-01-16T21:34:09.697+09:00,Hoseop Shin,KeyEvent,101:69:0,082,Editor,C:/Users/hoseop/CLionProjects/082/my_vector_iterator.h,,9,7,Default task
2023-01-16T21:34:10.021+09:00,Hoseop Shin,Action,EditorBackSpace,082,Editor,C:/Users/hoseop/CLionProjects/082/my_vector_iterator.h,,9,8,Default task
2023-01-16T21:34:10.030+09:00,Hoseop Shin,KeyEvent,8:8:0,082,Editor,C:/Users/hoseop/CLionProjects/082/my_vector_iterator.h,,9,7,Default task
2023-01-16T21:34:10.158+09:00,Hoseop Shin,Action,EditorBackSpace,082,Editor,C:/Users/hoseop/CLionProjects/082/my_vector_iterator.h,,9,7,Default task
2023-01-16T21:34:10.171+09:00,Hoseop Shin,KeyEvent,8:8:0,082,Editor,C:/Users/hoseop/CLionProjects/082/my_vector_iterator.h,,9,6,Default task
2023-01-16T21:34:10.369+09:00,Hoseop Shin,KeyEvent,109:77:0,082,Editor,C:/Users/hoseop/CLionProjects/082/my_vector_iterator.h,,9,6,Default task
2023-01-16T21:34:10.614+09:00,Hoseop Shin,KeyEvent,117:85:0,082,Editor,C:/Users/hoseop/CLionProjects/082/my_vector_iterator.h,,9,7,Default task
2023-01-16T21:34:11.547+09:00,Hoseop Shin,Action,EditorBackSpace,082,Editor,C:/Users/hoseop/CLionProjects/082/my_vector_iterator.h,,9,8,Default task
2023-01-16T21:34:11.566+09:00,Hoseop Shin,KeyEvent,8:8:0,082,Editor,C:/Users/hoseop/CLionProjects/082/my_vector_iterator.h,,9,7,Default task
2023-01-16T21:34:11.927+09:00,Hoseop Shin,KeyEvent,117:85:0,082,Editor,C:/Users/hoseop/CLionProjects/082/my_vector_iterator.h,,9,7,Default task
2023-01-16T21:34:12.294+09:00,Hoseop Shin,Action,EditorBackSpace,082,Editor,C:/Users/hoseop/CLionProjects/082/my_vector_iterator.h,,9,8,Default task
2023-01-16T21:34:12.311+09:00,Hoseop Shin,KeyEvent,8:8:0,082,Editor,C:/Users/hoseop/CLionProjects/082/my_vector_iterator.h,,9,7,Default task
2023-01-16T21:34:12.480+09:00,Hoseop Shin,KeyEvent,121:89:0,082,Editor,C:/Users/hoseop/CLionProjects/082/my_vector_iterator.h,,9,7,Default task
2023-01-16T21:34:12.811+09:00,Hoseop Shin,KeyEvent,65535:16:1,082,Editor,C:/Users/hoseop/CLionProjects/082/my_vector_iterator.h,,9,8,Default task
2023-01-16T21:34:12.869+09:00,Hoseop Shin,KeyEvent,95:45:1,082,Editor,C:/Users/hoseop/CLionProjects/082/my_vector_iterator.h,,9,8,Default task
2023-01-16T21:34:13.455+09:00,Hoseop Shin,KeyEvent,118:86:0,082,Editor,C:/Users/hoseop/CLionProjects/082/my_vector_iterator.h,,9,9,Default task
2023-01-16T21:34:13.628+09:00,Hoseop Shin,KeyEvent,101:69:0,082,Editor,C:/Users/hoseop/CLionProjects/082/my_vector_iterator.h,,9,10,Default task
2023-01-16T21:34:13.871+09:00,Hoseop Shin,KeyEvent,99:67:0,082,Editor,C:/Users/hoseop/CLionProjects/082/my_vector_iterator.h,,9,11,Default task
2023-01-16T21:34:14.339+09:00,Hoseop Shin,KeyEvent,116:84:0,082,Editor,C:/Users/hoseop/CLionProjects/082/my_vector_iterator.h,,9,12,Default task
2023-01-16T21:34:14.443+09:00,Hoseop Shin,KeyEvent,111:79:0,082,Editor,C:/Users/hoseop/CLionProjects/082/my_vector_iterator.h,,9,13,Default task
2023-01-16T21:34:14.546+09:00,Hoseop Shin,KeyEvent,114:82:0,082,Editor,C:/Users/hoseop/CLionProjects/082/my_vector_iterator.h,,9,14,Default task
2023-01-16T21:34:15.306+09:00,Hoseop Shin,KeyEvent,59:59:0,082,Editor,C:/Users/hoseop/CLionProjects/082/my_vector_iterator.h,,9,15,Default task
2023-01-16T21:35:18.949+09:00,Hoseop Shin,Action,EditorEnter,082,Editor,C:/Users/hoseop/CLionProjects/082/my_vector_iterator.h,,7,22,Default task
2023-01-16T21:35:18.955+09:00,Hoseop Shin,KeyEvent,10:10:0,082,Editor,C:/Users/hoseop/CLionProjects/082/my_vector_iterator.h,,8,0,Default task
2023-01-16T21:51:01.665+09:00,Hoseop Shin,Action,CPP.CreateCMakeProject,082,Editor,C:/Users/hoseop/CLionProjects/082/my_vector.h,,51,8,Default task
2023-01-16T21:51:05.439+09:00,Hoseop Shin,Action,EditorBackSpace,082,Editor,C:/Users/hoseop/CLionProjects/082/my_vector.h,,51,8,Default task
2023-01-16T21:51:05.450+09:00,Hoseop Shin,KeyEvent,8:8:0,082,Editor,C:/Users/hoseop/CLionProjects/082/my_vector.h,,51,8,Default task
2023-01-16T21:51:05.567+09:00,Hoseop Shin,Action,EditorBackSpace,082,Editor,C:/Users/hoseop/CLionProjects/082/my_vector.h,,51,8,Default task
2023-01-16T21:51:05.569+09:00,Hoseop Shin,KeyEvent,8:8:0,082,Editor,C:/Users/hoseop/CLionProjects/082/my_vector.h,,51,8,Default task
2023-01-16T21:51:05.702+09:00,Hoseop Shin,Action,EditorBackSpace,082,Editor,C:/Users/hoseop/CLionProjects/082/my_vector.h,,51,8,Default task
2023-01-16T21:51:05.706+09:00,Hoseop Shin,KeyEvent,8:8:0,082,Editor,C:/Users/hoseop/CLionProjects/082/my_vector.h,,51,8,Default task
2023-01-16T21:51:05.841+09:00,Hoseop Shin,Action,EditorBackSpace,082,Editor,C:/Users/hoseop/CLionProjects/082/my_vector.h,,51,8,Default task
2023-01-16T21:51:05.843+09:00,Hoseop Shin,KeyEvent,8:8:0,082,Editor,C:/Users/hoseop/CLionProjects/082/my_vector.h,,51,8,Default task
2023-01-16T21:51:06.002+09:00,Hoseop Shin,Action,EditorBackSpace,082,Editor,C:/Users/hoseop/CLionProjects/082/my_vector.h,,51,8,Default task
2023-01-16T21:51:06.009+09:00,Hoseop Shin,KeyEvent,8:8:0,082,Editor,C:/Users/hoseop/CLionProjects/082/my_vector.h,,51,8,Default task
2023-01-16T21:51:06.155+09:00,Hoseop Shin,Action,EditorBackSpace,082,Editor,C:/Users/hoseop/CLionProjects/082/my_vector.h,,51,8,Default task
2023-01-16T21:51:06.158+09:00,Hoseop Shin,KeyEvent,8:8:0,082,Editor,C:/Users/hoseop/CLionProjects/082/my_vector.h,,51,8,Default task
2023-01-16T21:51:06.304+09:00,Hoseop Shin,Action,EditorBackSpace,082,Editor,C:/Users/hoseop/CLionProjects/082/my_vector.h,,51,8,Default task
2023-01-16T21:51:06.307+09:00,Hoseop Shin,KeyEvent,8:8:0,082,Editor,C:/Users/hoseop/CLionProjects/082/my_vector.h,,51,8,Default task
2023-01-16T21:51:06.468+09:00,Hoseop Shin,Action,EditorBackSpace,082,Editor,C:/Users/hoseop/CLionProjects/082/my_vector.h,,51,8,Default task
2023-01-16T21:51:06.476+09:00,Hoseop Shin,KeyEvent,8:8:0,082,Editor,C:/Users/hoseop/CLionProjects/082/my_vector.h,,51,8,Default task
2023-01-16T21:51:06.883+09:00,Hoseop Shin,Action,EditorBackSpace,082,Editor,C:/Users/hoseop/CLionProjects/082/my_vector.h,,51,8,Default task
2023-01-16T21:51:06.886+09:00,Hoseop Shin,KeyEvent,8:8:0,082,Editor,C:/Users/hoseop/CLionProjects/082/my_vector.h,,51,8,Default task
2023-01-16T21:51:08.289+09:00,Hoseop Shin,KeyEvent,48:48:0,082,Editor,C:/Users/hoseop/CLionProjects/082/my_vector.h,,51,8,Default task
2023-01-16T21:51:08.607+09:00,Hoseop Shin,KeyEvent,56:56:0,082,Editor,C:/Users/hoseop/CLionProjects/082/my_vector.h,,51,8,Default task
2023-01-16T21:51:09.175+09:00,Hoseop Shin,KeyEvent,51:51:0,082,Editor,C:/Users/hoseop/CLionProjects/082/my_vector.h,,51,8,Default task
2023-01-16T21:51:10.184+09:00,Hoseop Shin,Action,EditorBackSpace,082,Editor,C:/Users/hoseop/CLionProjects/082/my_vector.h,,51,8,Default task
2023-01-16T21:51:10.191+09:00,Hoseop Shin,KeyEvent,8:8:0,082,Editor,C:/Users/hoseop/CLionProjects/082/my_vector.h,,51,8,Default task
2023-01-16T21:51:10.394+09:00,Hoseop Shin,KeyEvent,52:52:0,082,Editor,C:/Users/hoseop/CLionProjects/082/my_vector.h,,51,8,Default task
2023-01-16T21:51:20.449+09:00,Hoseop Shin,KeyEvent,65535:524:0,,,,,-1,-1,
2023-01-16T21:51:20.450+09:00,Hoseop Shin,KeyEvent,65535:524:0,,,,,-1,-1,
2023-01-16T21:51:22.189+09:00,Hoseop Shin,KeyEvent,65535:18:8,084,Editor,C:/Users/hoseop/CLionProjects/084/main.cpp,,0,0,Default task
2023-01-16T21:51:33.450+09:00,Hoseop Shin,KeyEvent,65535:17:2,084,Editor,C:/Users/hoseop/CLionProjects/084/main.cpp,,0,0,Default task
2023-01-16T21:51:33.520+09:00,Hoseop Shin,Action,EditorPaste,084,Editor,C:/Users/hoseop/CLionProjects/084/main.cpp,,0,0,Default task
2023-01-16T21:51:33.772+09:00,Hoseop Shin,KeyEvent,22:86:2,084,Editor,C:/Users/hoseop/CLionProjects/084/main.cpp,,28,1,Default task
2023-01-16T21:51:41.808+09:00,Hoseop Shin,Action,EditorBackSpace,084,Editor,C:/Users/hoseop/CLionProjects/084/main.cpp,,2,1,Default task
2023-01-16T21:51:41.814+09:00,Hoseop Shin,KeyEvent,8:8:0,084,Editor,C:/Users/hoseop/CLionProjects/084/main.cpp,,2,0,Default task
2023-01-16T21:51:42.701+09:00,Hoseop Shin,KeyEvent,65535:17:2,084,Editor,C:/Users/hoseop/CLionProjects/084/main.cpp,,2,0,Default task
2023-01-16T21:51:42.770+09:00,Hoseop Shin,Action,$Undo,084,Editor,C:/Users/hoseop/CLionProjects/084/main.cpp,,2,0,Default task
2023-01-16T21:51:42.807+09:00,Hoseop Shin,KeyEvent,26:90:2,084,Editor,C:/Users/hoseop/CLionProjects/084/main.cpp,,2,1,Default task
2023-01-16T21:51:55.210+09:00,Hoseop Shin,KeyEvent,65535:18:8,084,Project,C:/Users/hoseop/CLionProjects/084/main.cpp,,8,23,Default task
2023-01-16T21:51:55.242+09:00,Hoseop Shin,Action,ActivateProjectToolWindow,084,Project,C:/Users/hoseop/CLionProjects/084/main.cpp,,8,23,Default task
2023-01-16T21:51:55.250+09:00,Hoseop Shin,KeyEvent,49:49:8,084,Project,C:/Users/hoseop/CLionProjects/084/main.cpp,,8,23,Default task
2023-01-16T21:52:02.957+09:00,Hoseop Shin,KeyEvent,65535:16:1,084,Editor,C:/Users/hoseop/CLionProjects/084/main.cpp,,26,31,Default task
2023-01-16T21:52:03.087+09:00,Hoseop Shin,Action,Run,084,Editor,C:/Users/hoseop/CLionProjects/084/main.cpp,,26,31,Default task
2023-01-16T21:52:03.097+09:00,Hoseop Shin,KeyEvent,65535:121:1,084,Editor,C:/Users/hoseop/CLionProjects/084/main.cpp,,26,31,Default task
2023-01-16T21:52:14.451+09:00,Hoseop Shin,Action,EditorBackSpace,084,Editor,C:/Users/hoseop/CLionProjects/084/main.cpp,,2,1,Default task
2023-01-16T21:52:14.456+09:00,Hoseop Shin,KeyEvent,8:8:0,084,Editor,C:/Users/hoseop/CLionProjects/084/main.cpp,,2,0,Default task
2023-01-16T21:52:15.040+09:00,Hoseop Shin,Action,EditorBackSpace,084,Editor,C:/Users/hoseop/CLionProjects/084/main.cpp,,6,1,Default task
2023-01-16T21:52:15.060+09:00,Hoseop Shin,KeyEvent,8:8:0,084,Editor,C:/Users/hoseop/CLionProjects/084/main.cpp,,6,0,Default task
2023-01-16T21:52:15.781+09:00,Hoseop Shin,Action,EditorBackSpace,084,Editor,C:/Users/hoseop/CLionProjects/084/main.cpp,,10,1,Default task
2023-01-16T21:52:15.798+09:00,Hoseop Shin,KeyEvent,8:8:0,084,Editor,C:/Users/hoseop/CLionProjects/084/main.cpp,,10,0,Default task
2023-01-16T21:52:16.742+09:00,Hoseop Shin,Action,EditorBackSpace,084,Editor,C:/Users/hoseop/CLionProjects/084/main.cpp,,16,1,Default task
2023-01-16T21:52:16.747+09:00,Hoseop Shin,KeyEvent,8:8:0,084,Editor,C:/Users/hoseop/CLionProjects/084/main.cpp,,16,0,Default task
2023-01-16T21:52:17.813+09:00,Hoseop Shin,Action,EditorBackSpace,084,Editor,C:/Users/hoseop/CLionProjects/084/main.cpp,,23,1,Default task
2023-01-16T21:52:17.821+09:00,Hoseop Shin,KeyEvent,8:8:0,084,Editor,C:/Users/hoseop/CLionProjects/084/main.cpp,,23,0,Default task
2023-01-16T21:52:21.175+09:00,Hoseop Shin,KeyEvent,65535:16:1,084,Editor,C:/Users/hoseop/CLionProjects/084/main.cpp,,23,0,Default task
2023-01-16T21:52:21.284+09:00,Hoseop Shin,Action,Run,084,Editor,C:/Users/hoseop/CLionProjects/084/main.cpp,,23,0,Default task
2023-01-16T21:52:21.288+09:00,Hoseop Shin,KeyEvent,65535:121:1,084,Editor,C:/Users/hoseop/CLionProjects/084/main.cpp,,23,0,Default task
2023-01-16T21:55:23.578+09:00,Hoseop Shin,KeyEvent,65535:17:2,084,Editor,C:/Users/hoseop/CLionProjects/084/main.cpp,,0,0,Default task
2023-01-16T21:55:23.638+09:00,Hoseop Shin,Action,EditorPaste,084,Editor,C:/Users/hoseop/CLionProjects/084/main.cpp,,0,0,Default task
2023-01-16T21:55:23.662+09:00,Hoseop Shin,KeyEvent,22:86:2,084,Editor,C:/Users/hoseop/CLionProjects/084/main.cpp,,5,1,Default task
2023-01-16T21:55:31.606+09:00,Hoseop Shin,KeyEvent,65535:16:1,084,Editor,C:/Users/hoseop/CLionProjects/084/main.cpp,,5,1,Default task
2023-01-16T21:55:31.721+09:00,Hoseop Shin,Action,Run,084,Editor,C:/Users/hoseop/CLionProjects/084/main.cpp,,5,1,Default task
2023-01-16T21:55:31.729+09:00,Hoseop Shin,KeyEvent,65535:121:1,084,Editor,C:/Users/hoseop/CLionProjects/084/main.cpp,,5,1,Default task
2023-01-16T21:55:38.320+09:00,Hoseop Shin,Action,EditorEnter,084,Editor,C:/Users/hoseop/CLionProjects/084/main.cpp,,2,0,Default task
2023-01-16T21:55:38.325+09:00,Hoseop Shin,KeyEvent,10:10:0,084,Editor,C:/Users/hoseop/CLionProjects/084/main.cpp,,3,0,Default task
2023-01-16T21:55:38.807+09:00,Hoseop Shin,Action,EditorUp,084,Editor,C:/Users/hoseop/CLionProjects/084/main.cpp,,3,0,Default task
2023-01-16T21:55:38.810+09:00,Hoseop Shin,KeyEvent,65535:38:0,084,Editor,C:/Users/hoseop/CLionProjects/084/main.cpp,,2,0,Default task
2023-01-16T21:55:49.841+09:00,Hoseop Shin,KeyEvent,116:84:0,084,Editor,C:/Users/hoseop/CLionProjects/084/main.cpp,,2,0,Default task
2023-01-16T21:55:49.981+09:00,Hoseop Shin,KeyEvent,101:69:0,084,Editor,C:/Users/hoseop/CLionProjects/084/main.cpp,,2,1,Default task
2023-01-16T21:55:50.047+09:00,Hoseop Shin,KeyEvent,109:77:0,084,Editor,C:/Users/hoseop/CLionProjects/084/main.cpp,,2,2,Default task
2023-01-16T21:55:50.116+09:00,Hoseop Shin,KeyEvent,112:80:0,084,Editor,C:/Users/hoseop/CLionProjects/084/main.cpp,,2,3,Default task
2023-01-16T21:55:51.046+09:00,Hoseop Shin,KeyEvent,108:76:0,084,Editor,C:/Users/hoseop/CLionProjects/084/main.cpp,,2,4,Default task
2023-01-16T21:55:51.185+09:00,Hoseop Shin,KeyEvent,97:65:0,084,Editor,C:/Users/hoseop/CLionProjects/084/main.cpp,,2,5,Default task
2023-01-16T21:55:51.293+09:00,Hoseop Shin,KeyEvent,116:84:0,084,Editor,C:/Users/hoseop/CLionProjects/084/main.cpp,,2,6,Default task
2023-01-16T21:55:51.542+09:00,Hoseop Shin,KeyEvent,101:69:0,084,Editor,C:/Users/hoseop/CLionProjects/084/main.cpp,,2,7,Default task
2023-01-16T21:55:52.558+09:00,Hoseop Shin,KeyEvent,65535:16:1,084,Editor,C:/Users/hoseop/CLionProjects/084/main.cpp,,2,8,Default task
2023-01-16T21:55:52.626+09:00,Hoseop Shin,KeyEvent,60:44:1,084,Editor,C:/Users/hoseop/CLionProjects/084/main.cpp,,2,8,Default task
2023-01-16T21:55:53.318+09:00,Hoseop Shin,KeyEvent,116:84:0,084,Editor,C:/Users/hoseop/CLionProjects/084/main.cpp,,2,9,Default task
2023-01-16T21:55:53.626+09:00,Hoseop Shin,KeyEvent,121:89:0,084,Editor,C:/Users/hoseop/CLionProjects/084/main.cpp,,2,10,Default task
2023-01-16T21:55:53.802+09:00,Hoseop Shin,KeyEvent,112:80:0,084,Editor,C:/Users/hoseop/CLionProjects/084/main.cpp,,2,11,Default task
2023-01-16T21:55:53.927+09:00,Hoseop Shin,KeyEvent,101:69:0,084,Editor,C:/Users/hoseop/CLionProjects/084/main.cpp,,2,12,Default task
2023-01-16T21:55:54.865+09:00,Hoseop Shin,KeyEvent,110:78:0,084,Editor,C:/Users/hoseop/CLionProjects/084/main.cpp,,2,13,Default task
2023-01-16T21:55:54.955+09:00,Hoseop Shin,KeyEvent,97:65:0,084,Editor,C:/Users/hoseop/CLionProjects/084/main.cpp,,2,14,Default task
2023-01-16T21:55:55.086+09:00,Hoseop Shin,KeyEvent,109:77:0,084,Editor,C:/Users/hoseop/CLionProjects/084/main.cpp,,2,15,Default task
2023-01-16T21:55:55.167+09:00,Hoseop Shin,KeyEvent,101:69:0,084,Editor,C:/Users/hoseop/CLionProjects/084/main.cpp,,2,16,Default task
2023-01-16T21:55:55.793+09:00,Hoseop Shin,KeyEvent,65535:20:0,084,Editor,C:/Users/hoseop/CLionProjects/084/main.cpp,,2,17,Default task
2023-01-16T21:55:55.949+09:00,Hoseop Shin,KeyEvent,84:84:0,084,Editor,C:/Users/hoseop/CLionProjects/084/main.cpp,,2,17,Default task
2023-01-16T21:55:56.285+09:00,Hoseop Shin,Action,EditorBackSpace,084,Editor,C:/Users/hoseop/CLionProjects/084/main.cpp,,2,18,Default task
2023-01-16T21:55:56.301+09:00,Hoseop Shin,KeyEvent,8:8:0,084,Editor,C:/Users/hoseop/CLionProjects/084/main.cpp,,2,17,Default task
2023-01-16T21:55:56.496+09:00,Hoseop Shin,KeyEvent,65535:20:0,084,Editor,C:/Users/hoseop/CLionProjects/084/main.cpp,,2,17,Default task
2023-01-16T21:55:56.522+09:00,Hoseop Shin,KeyEvent,32:32:0,084,Editor,C:/Users/hoseop/CLionProjects/084/main.cpp,,2,17,Default task
2023-01-16T21:55:56.661+09:00,Hoseop Shin,KeyEvent,65535:20:0,084,Editor,C:/Users/hoseop/CLionProjects/084/main.cpp,,2,18,Default task
2023-01-16T21:55:56.697+09:00,Hoseop Shin,KeyEvent,84:84:0,084,Editor,C:/Users/hoseop/CLionProjects/084/main.cpp,,2,18,Default task
2023-01-16T21:55:57.329+09:00,Hoseop Shin,KeyEvent,44:44:0,084,Editor,C:/Users/hoseop/CLionProjects/084/main.cpp,,2,19,Default task
2023-01-16T21:55:58.961+09:00,Hoseop Shin,KeyEvent,32:32:0,084,Editor,C:/Users/hoseop/CLionProjects/084/main.cpp,,2,20,Default task
2023-01-16T21:55:59.197+09:00,Hoseop Shin,KeyEvent,89:89:0,084,Editor,C:/Users/hoseop/CLionProjects/084/main.cpp,,2,21,Default task
2023-01-16T21:55:59.454+09:00,Hoseop Shin,KeyEvent,84:84:0,084,Editor,C:/Users/hoseop/CLionProjects/084/main.cpp,,2,22,Default task
2023-01-16T21:55:59.800+09:00,Hoseop Shin,Action,EditorBackSpace,084,Editor,C:/Users/hoseop/CLionProjects/084/main.cpp,,2,23,Default task
2023-01-16T21:55:59.815+09:00,Hoseop Shin,KeyEvent,8:8:0,084,Editor,C:/Users/hoseop/CLionProjects/084/main.cpp,,2,22,Default task
2023-01-16T21:55:59.930+09:00,Hoseop Shin,Action,EditorBackSpace,084,Editor,C:/Users/hoseop/CLionProjects/084/main.cpp,,2,22,Default task
2023-01-16T21:55:59.941+09:00,Hoseop Shin,KeyEvent,8:8:0,084,Editor,C:/Users/hoseop/CLionProjects/084/main.cpp,,2,21,Default task
2023-01-16T21:56:00.342+09:00,Hoseop Shin,KeyEvent,65535:20:0,084,Editor,C:/Users/hoseop/CLionProjects/084/main.cpp,,2,21,Default task
2023-01-16T21:56:00.701+09:00,Hoseop Shin,KeyEvent,116:84:0,084,Editor,C:/Users/hoseop/CLionProjects/084/main.cpp,,2,21,Default task
2023-01-16T21:56:00.867+09:00,Hoseop Shin,KeyEvent,121:89:0,084,Editor,C:/Users/hoseop/CLionProjects/084/main.cpp,,2,22,Default task
2023-01-16T21:56:01.335+09:00,Hoseop Shin,KeyEvent,112:80:0,084,Editor,C:/Users/hoseop/CLionProjects/084/main.cpp,,2,23,Default task
2023-01-16T21:56:01.438+09:00,Hoseop Shin,KeyEvent,101:69:0,084,Editor,C:/Users/hoseop/CLionProjects/084/main.cpp,,2,24,Default task
2023-01-16T21:56:01.794+09:00,Hoseop Shin,KeyEvent,110:78:0,084,Editor,C:/Users/hoseop/CLionProjects/084/main.cpp,,2,25,Default task
2023-01-16T21:56:01.880+09:00,Hoseop Shin,KeyEvent,97:65:0,084,Editor,C:/Users/hoseop/CLionProjects/084/main.cpp,,2,26,Default task
2023-01-16T21:56:02.023+09:00,Hoseop Shin,KeyEvent,109:77:0,084,Editor,C:/Users/hoseop/CLionProjects/084/main.cpp,,2,27,Default task
2023-01-16T21:56:02.109+09:00,Hoseop Shin,KeyEvent,101:69:0,084,Editor,C:/Users/hoseop/CLionProjects/084/main.cpp,,2,28,Default task
2023-01-16T21:56:03.827+09:00,Hoseop Shin,KeyEvent,46:46:0,084,Editor,C:/Users/hoseop/CLionProjects/084/main.cpp,,2,29,Default task
2023-01-16T21:56:03.984+09:00,Hoseop Shin,KeyEvent,46:46:0,084,Editor,C:/Users/hoseop/CLionProjects/084/main.cpp,,2,30,Default task
2023-01-16T21:56:04.129+09:00,Hoseop Shin,KeyEvent,46:46:0,084,Editor,C:/Users/hoseop/CLionProjects/084/main.cpp,,2,31,Default task
2023-01-16T21:56:04.899+09:00,Hoseop Shin,KeyEvent,32:32:0,084,Editor,C:/Users/hoseop/CLionProjects/084/main.cpp,,2,32,Default task
2023-01-16T21:56:05.583+09:00,Hoseop Shin,KeyEvent,65535:20:0,084,Editor,C:/Users/hoseop/CLionProjects/084/main.cpp,,2,33,Default task
2023-01-16T21:56:05.837+09:00,Hoseop Shin,KeyEvent,65:65:0,084,Editor,C:/Users/hoseop/CLionProjects/084/main.cpp,,2,33,Default task
2023-01-16T21:56:06.176+09:00,Hoseop Shin,KeyEvent,65535:20:0,084,Editor,C:/Users/hoseop/CLionProjects/084/main.cpp,,2,34,Default task
2023-01-16T21:56:06.476+09:00,Hoseop Shin,KeyEvent,97:65:0,084,Editor,C:/Users/hoseop/CLionProjects/084/main.cpp,,2,34,Default task
2023-01-16T21:56:06.539+09:00,Hoseop Shin,KeyEvent,114:82:0,084,Editor,C:/Users/hoseop/CLionProjects/084/main.cpp,,2,35,Default task
2023-01-16T21:56:07.146+09:00,Hoseop Shin,Action,EditorBackSpace,084,Editor,C:/Users/hoseop/CLionProjects/084/main.cpp,,2,36,Default task
2023-01-16T21:56:07.170+09:00,Hoseop Shin,KeyEvent,8:8:0,084,Editor,C:/Users/hoseop/CLionProjects/084/main.cpp,,2,35,Default task
2023-01-16T21:56:07.175+09:00,Hoseop Shin,Action,EditorBackSpace,084,Editor,C:/Users/hoseop/CLionProjects/084/main.cpp,,2,35,Default task
2023-01-16T21:56:07.186+09:00,Hoseop Shin,KeyEvent,8:8:0,084,Editor,C:/Users/hoseop/CLionProjects/084/main.cpp,,2,34,Default task
2023-01-16T21:56:07.231+09:00,Hoseop Shin,KeyEvent,114:82:0,084,Editor,C:/Users/hoseop/CLionProjects/084/main.cpp,,2,34,Default task
2023-01-16T21:56:08.360+09:00,Hoseop Shin,KeyEvent,103:71:0,084,Editor,C:/Users/hoseop/CLionProjects/084/main.cpp,,2,35,Default task
2023-01-16T21:56:08.708+09:00,Hoseop Shin,KeyEvent,115:83:0,084,Editor,C:/Users/hoseop/CLionProjects/084/main.cpp,,2,36,Default task
2023-01-16T21:56:09.328+09:00,Hoseop Shin,KeyEvent,65535:16:1,084,Editor,C:/Users/hoseop/CLionProjects/084/main.cpp,,2,37,Default task
2023-01-16T21:56:09.399+09:00,Hoseop Shin,KeyEvent,62:46:1,084,Editor,C:/Users/hoseop/CLionProjects/084/main.cpp,,2,37,Default task
2023-01-16T21:56:11.256+09:00,Hoseop Shin,Action,EditorEnter,084,Editor,C:/Users/hoseop/CLionProjects/084/main.cpp,,2,38,Default task
2023-01-16T21:56:11.261+09:00,Hoseop Shin,KeyEvent,10:10:0,084,Editor,C:/Users/hoseop/CLionProjects/084/main.cpp,,3,0,Default task
2023-01-16T21:56:26.958+09:00,Hoseop Shin,KeyEvent,105:73:0,084,Editor,C:/Users/hoseop/CLionProjects/084/main.cpp,,3,0,Default task
2023-01-16T21:56:27.048+09:00,Hoseop Shin,KeyEvent,110:78:0,084,Editor,C:/Users/hoseop/CLionProjects/084/main.cpp,,3,1,Default task
2023-01-16T21:56:27.134+09:00,Hoseop Shin,KeyEvent,116:84:0,084,Editor,C:/Users/hoseop/CLionProjects/084/main.cpp,,3,2,Default task
2023-01-16T21:56:27.274+09:00,Hoseop Shin,KeyEvent,32:32:0,084,Editor,C:/Users/hoseop/CLionProjects/084/main.cpp,,3,3,Default task
2023-01-16T21:56:28.023+09:00,Hoseop Shin,KeyEvent,115:83:0,084,Editor,C:/Users/hoseop/CLionProjects/084/main.cpp,,3,4,Default task
2023-01-16T21:56:28.157+09:00,Hoseop Shin,KeyEvent,117:85:0,084,Editor,C:/Users/hoseop/CLionProjects/084/main.cpp,,3,5,Default task
2023-01-16T21:56:28.328+09:00,Hoseop Shin,KeyEvent,109:77:0,084,Editor,C:/Users/hoseop/CLionProjects/084/main.cpp,,3,6,Default task
2023-01-16T21:56:28.470+09:00,Hoseop Shin,KeyEvent,32:32:0,084,Editor,C:/Users/hoseop/CLionProjects/084/main.cpp,,3,7,Default task
2023-01-16T21:56:28.951+09:00,Hoseop Shin,Action,EditorBackSpace,084,Editor,C:/Users/hoseop/CLionProjects/084/main.cpp,,3,8,Default task
2023-01-16T21:56:28.999+09:00,Hoseop Shin,KeyEvent,8:8:0,084,Editor,C:/Users/hoseop/CLionProjects/084/main.cpp,,3,7,Default task
2023-01-16T21:56:29.669+09:00,Hoseop Shin,KeyEvent,65535:16:1,084,Editor,C:/Users/hoseop/CLionProjects/084/main.cpp,,3,7,Default task
2023-01-16T21:56:29.763+09:00,Hoseop Shin,KeyEvent,40:57:1,084,Editor,C:/Users/hoseop/CLionProjects/084/main.cpp,,3,7,Default task
2023-01-16T21:56:31.217+09:00,Hoseop Shin,KeyEvent,65535:20:0,084,Editor,C:/Users/hoseop/CLionProjects/084/main.cpp,,3,8,Default task
2023-01-16T21:56:31.293+09:00,Hoseop Shin,KeyEvent,84:84:0,084,Editor,C:/Users/hoseop/CLionProjects/084/main.cpp,,3,8,Default task
2023-01-16T21:56:31.424+09:00,Hoseop Shin,KeyEvent,65535:20:0,084,Editor,C:/Users/hoseop/CLionProjects/084/main.cpp,,3,9,Default task
2023-01-16T21:56:32.369+09:00,Hoseop Shin,KeyEvent,32:32:0,084,Editor,C:/Users/hoseop/CLionProjects/084/main.cpp,,3,9,Default task
2023-01-16T21:56:33.436+09:00,Hoseop Shin,KeyEvent,97:65:0,084,Editor,C:/Users/hoseop/CLionProjects/084/main.cpp,,3,10,Default task
2023-01-16T21:56:33.583+09:00,Hoseop Shin,KeyEvent,114:82:0,084,Editor,C:/Users/hoseop/CLionProjects/084/main.cpp,,3,11,Default task
2023-01-16T21:56:33.903+09:00,Hoseop Shin,KeyEvent,103:71:0,084,Editor,C:/Users/hoseop/CLionProjects/084/main.cpp,,3,12,Default task
2023-01-16T21:56:34.534+09:00,Hoseop Shin,KeyEvent,48:48:0,084,Editor,C:/Users/hoseop/CLionProjects/084/main.cpp,,3,13,Default task
2023-01-16T21:56:35.274+09:00,Hoseop Shin,KeyEvent,44:44:0,084,Editor,C:/Users/hoseop/CLionProjects/084/main.cpp,,3,14,Default task
2023-01-16T21:56:35.749+09:00,Hoseop Shin,KeyEvent,32:32:0,084,Editor,C:/Users/hoseop/CLionProjects/084/main.cpp,,3,15,Default task
2023-01-16T21:56:36.585+09:00,Hoseop Shin,KeyEvent,65535:20:0,084,Editor,C:/Users/hoseop/CLionProjects/084/main.cpp,,3,16,Default task
2023-01-16T21:56:36.894+09:00,Hoseop Shin,KeyEvent,65:65:0,084,Editor,C:/Users/hoseop/CLionProjects/084/main.cpp,,3,16,Default task
2023-01-16T21:56:37.086+09:00,Hoseop Shin,KeyEvent,65535:20:0,084,Editor,C:/Users/hoseop/CLionProjects/084/main.cpp,,3,17,Default task
2023-01-16T21:56:37.273+09:00,Hoseop Shin,KeyEvent,114:82:0,084,Editor,C:/Users/hoseop/CLionProjects/084/main.cpp,,3,17,Default task
2023-01-16T21:56:37.536+09:00,Hoseop Shin,KeyEvent,103:71:0,084,Editor,C:/Users/hoseop/CLionProjects/084/main.cpp,,3,18,Default task
2023-01-16T21:56:37.808+09:00,Hoseop Shin,KeyEvent,115:83:0,084,Editor,C:/Users/hoseop/CLionProjects/084/main.cpp,,3,19,Default task
2023-01-16T21:56:39.450+09:00,Hoseop Shin,KeyEvent,46:46:0,084,Editor,C:/Users/hoseop/CLionProjects/084/main.cpp,,3,20,Default task
2023-01-16T21:56:39.596+09:00,Hoseop Shin,KeyEvent,46:46:0,084,Editor,C:/Users/hoseop/CLionProjects/084/main.cpp,,3,21,Default task
2023-01-16T21:56:39.734+09:00,Hoseop Shin,KeyEvent,46:46:0,084,Editor,C:/Users/hoseop/CLionProjects/084/main.cpp,,3,22,Default task
2023-01-16T21:56:39.982+09:00,Hoseop Shin,KeyEvent,32:32:0,084,Editor,C:/Users/hoseop/CLionProjects/084/main.cpp,,3,23,Default task
2023-01-16T21:56:40.377+09:00,Hoseop Shin,KeyEvent,97:65:0,084,Editor,C:/Users/hoseop/CLionProjects/084/main.cpp,,3,24,Default task
2023-01-16T21:56:40.478+09:00,Hoseop Shin,KeyEvent,114:82:0,084,Editor,C:/Users/hoseop/CLionProjects/084/main.cpp,,3,25,Default task
2023-01-16T21:56:40.843+09:00,Hoseop Shin,KeyEvent,103:71:0,084,Editor,C:/Users/hoseop/CLionProjects/084/main.cpp,,3,26,Default task
2023-01-16T21:56:41.221+09:00,Hoseop Shin,KeyEvent,115:83:0,084,Editor,C:/Users/hoseop/CLionProjects/084/main.cpp,,3,27,Default task
2023-01-16T21:56:42.228+09:00,Hoseop Shin,Action,EditorRight,084,Editor,C:/Users/hoseop/CLionProjects/084/main.cpp,,3,28,Default task
2023-01-16T21:56:42.232+09:00,Hoseop Shin,KeyEvent,65535:39:0,084,Editor,C:/Users/hoseop/CLionProjects/084/main.cpp,,3,29,Default task
2023-01-16T21:56:43.923+09:00,Hoseop Shin,KeyEvent,65535:16:1,084,Editor,C:/Users/hoseop/CLionProjects/084/main.cpp,,3,29,Default task
2023-01-16T21:56:43.946+09:00,Hoseop Shin,KeyEvent,123:91:1,084,Editor,C:/Users/hoseop/CLionProjects/084/main.cpp,,3,29,Default task
2023-01-16T21:56:44.354+09:00,Hoseop Shin,Action,EditorEnter,084,Editor,C:/Users/hoseop/CLionProjects/084/main.cpp,,3,30,Default task
2023-01-16T21:56:44.363+09:00,Hoseop Shin,KeyEvent,10:10:0,084,Editor,C:/Users/hoseop/CLionProjects/084/main.cpp,,4,4,Default task
2023-01-16T21:56:45.520+09:00,Hoseop Shin,Action,EditorDown,084,Editor,C:/Users/hoseop/CLionProjects/084/main.cpp,,4,4,Default task
2023-01-16T21:56:45.524+09:00,Hoseop Shin,KeyEvent,65535:40:0,084,Editor,C:/Users/hoseop/CLionProjects/084/main.cpp,,5,1,Default task
2023-01-16T21:56:45.840+09:00,Hoseop Shin,Action,EditorEnter,084,Editor,C:/Users/hoseop/CLionProjects/084/main.cpp,,5,1,Default task
2023-01-16T21:56:45.851+09:00,Hoseop Shin,KeyEvent,10:10:0,084,Editor,C:/Users/hoseop/CLionProjects/084/main.cpp,,6,0,Default task
2023-01-16T21:56:46.183+09:00,Hoseop Shin,Action,EditorUp,084,Editor,C:/Users/hoseop/CLionProjects/084/main.cpp,,6,0,Default task
2023-01-16T21:56:46.185+09:00,Hoseop Shin,KeyEvent,65535:38:0,084,Editor,C:/Users/hoseop/CLionProjects/084/main.cpp,,5,0,Default task
2023-01-16T21:56:46.720+09:00,Hoseop Shin,Action,EditorUp,084,Editor,C:/Users/hoseop/CLionProjects/084/main.cpp,,5,0,Default task
2023-01-16T21:56:46.722+09:00,Hoseop Shin,KeyEvent,65535:38:0,084,Editor,C:/Users/hoseop/CLionProjects/084/main.cpp,,4,0,Default task
2023-01-16T21:56:47.134+09:00,Hoseop Shin,Action,EditorTab,084,Editor,C:/Users/hoseop/CLionProjects/084/main.cpp,,4,0,Default task
2023-01-16T21:56:47.155+09:00,Hoseop Shin,KeyEvent,9:9:0,084,Editor,C:/Users/hoseop/CLionProjects/084/main.cpp,,4,4,Default task
2023-01-16T21:56:49.597+09:00,Hoseop Shin,KeyEvent,114:82:0,084,Editor,C:/Users/hoseop/CLionProjects/084/main.cpp,,4,4,Default task
2023-01-16T21:56:49.698+09:00,Hoseop Shin,KeyEvent,101:69:0,084,Editor,C:/Users/hoseop/CLionProjects/084/main.cpp,,4,5,Default task
2023-01-16T21:56:49.896+09:00,Hoseop Shin,KeyEvent,116:84:0,084,Editor,C:/Users/hoseop/CLionProjects/084/main.cpp,,4,6,Default task
2023-01-16T21:56:49.981+09:00,Hoseop Shin,KeyEvent,117:85:0,084,Editor,C:/Users/hoseop/CLionProjects/084/main.cpp,,4,7,Default task
2023-01-16T21:56:50.099+09:00,Hoseop Shin,KeyEvent,114:82:0,084,Editor,C:/Users/hoseop/CLionProjects/084/main.cpp,,4,8,Default task
2023-01-16T21:56:50.158+09:00,Hoseop Shin,KeyEvent,110:78:0,084,Editor,C:/Users/hoseop/CLionProjects/084/main.cpp,,4,9,Default task
2023-01-16T21:56:50.257+09:00,Hoseop Shin,KeyEvent,32:32:0,084,Editor,C:/Users/hoseop/CLionProjects/084/main.cpp,,4,10,Default task
2023-01-16T21:57:00.211+09:00,Hoseop Shin,KeyEvent,97:65:0,084,Editor,C:/Users/hoseop/CLionProjects/084/main.cpp,,4,11,Default task
2023-01-16T21:57:00.313+09:00,Hoseop Shin,KeyEvent,114:82:0,084,Editor,C:/Users/hoseop/CLionProjects/084/main.cpp,,4,12,Default task
2023-01-16T21:57:00.546+09:00,Hoseop Shin,KeyEvent,103:71:0,084,Editor,C:/Users/hoseop/CLionProjects/084/main.cpp,,4,13,Default task
2023-01-16T21:57:01.810+09:00,Hoseop Shin,KeyEvent,48:48:0,084,Editor,C:/Users/hoseop/CLionProjects/084/main.cpp,,4,14,Default task
2023-01-16T21:57:03.337+09:00,Hoseop Shin,KeyEvent,32:32:0,084,Editor,C:/Users/hoseop/CLionProjects/084/main.cpp,,4,15,Default task
2023-01-16T21:57:03.476+09:00,Hoseop Shin,KeyEvent,65535:16:1,084,Editor,C:/Users/hoseop/CLionProjects/084/main.cpp,,4,16,Default task
2023-01-16T21:57:03.556+09:00,Hoseop Shin,KeyEvent,43:61:1,084,Editor,C:/Users/hoseop/CLionProjects/084/main.cpp,,4,16,Default task
2023-01-16T21:57:03.836+09:00,Hoseop Shin,KeyEvent,32:32:0,084,Editor,C:/Users/hoseop/CLionProjects/084/main.cpp,,4,17,Default task
2023-01-16T21:57:07.018+09:00,Hoseop Shin,KeyEvent,115:83:0,084,Editor,C:/Users/hoseop/CLionProjects/084/main.cpp,,4,18,Default task
2023-01-16T21:57:07.093+09:00,Hoseop Shin,KeyEvent,117:85:0,084,Editor,C:/Users/hoseop/CLionProjects/084/main.cpp,,4,19,Default task
2023-01-16T21:57:07.322+09:00,Hoseop Shin,KeyEvent,109:77:0,084,Editor,C:/Users/hoseop/CLionProjects/084/main.cpp,,4,20,Default task
2023-01-16T21:57:07.798+09:00,Hoseop Shin,KeyEvent,65535:16:1,084,Editor,C:/Users/hoseop/CLionProjects/084/main.cpp,,4,21,Default task
2023-01-16T21:57:07.919+09:00,Hoseop Shin,KeyEvent,40:57:1,084,Editor,C:/Users/hoseop/CLionProjects/084/main.cpp,,4,21,Default task
2023-01-16T21:57:09.116+09:00,Hoseop Shin,KeyEvent,97:65:0,084,Editor,C:/Users/hoseop/CLionProjects/084/main.cpp,,4,22,Default task
2023-01-16T21:57:09.228+09:00,Hoseop Shin,KeyEvent,114:82:0,084,Editor,C:/Users/hoseop/CLionProjects/084/main.cpp,,4,23,Default task
2023-01-16T21:57:09.472+09:00,Hoseop Shin,KeyEvent,103:71:0,084,Editor,C:/Users/hoseop/CLionProjects/084/main.cpp,,4,24,Default task
2023-01-16T21:57:09.691+09:00,Hoseop Shin,KeyEvent,115:83:0,084,Editor,C:/Users/hoseop/CLionProjects/084/main.cpp,,4,25,Default task
2023-01-16T21:57:10.914+09:00,Hoseop Shin,Action,EditorLeft,084,Editor,C:/Users/hoseop/CLionProjects/084/main.cpp,,4,26,Default task
2023-01-16T21:57:10.917+09:00,Hoseop Shin,KeyEvent,65535:37:0,084,Editor,C:/Users/hoseop/CLionProjects/084/main.cpp,,4,25,Default task
2023-01-16T21:57:11.111+09:00,Hoseop Shin,Action,EditorLeft,084,Editor,C:/Users/hoseop/CLionProjects/084/main.cpp,,4,25,Default task
2023-01-16T21:57:11.116+09:00,Hoseop Shin,KeyEvent,65535:37:0,084,Editor,C:/Users/hoseop/CLionProjects/084/main.cpp,,4,24,Default task
2023-01-16T21:57:11.289+09:00,Hoseop Shin,Action,EditorLeft,084,Editor,C:/Users/hoseop/CLionProjects/084/main.cpp,,4,24,Default task
2023-01-16T21:57:11.293+09:00,Hoseop Shin,KeyEvent,65535:37:0,084,Editor,C:/Users/hoseop/CLionProjects/084/main.cpp,,4,23,Default task
2023-01-16T21:57:11.692+09:00,Hoseop Shin,Action,EditorLeft,084,Editor,C:/Users/hoseop/CLionProjects/084/main.cpp,,4,23,Default task
2023-01-16T21:57:11.696+09:00,Hoseop Shin,KeyEvent,65535:37:0,084,Editor,C:/Users/hoseop/CLionProjects/084/main.cpp,,4,22,Default task
2023-01-16T21:57:12.238+09:00,Hoseop Shin,Action,EditorLineEnd,084,Editor,C:/Users/hoseop/CLionProjects/084/main.cpp,,4,22,Default task
2023-01-16T21:57:12.242+09:00,Hoseop Shin,KeyEvent,65535:35:0,084,Editor,C:/Users/hoseop/CLionProjects/084/main.cpp,,4,27,Default task
2023-01-16T21:57:12.818+09:00,Hoseop Shin,KeyEvent,59:59:0,084,Editor,C:/Users/hoseop/CLionProjects/084/main.cpp,,4,27,Default task
2023-01-16T21:57:13.530+09:00,Hoseop Shin,Action,EditorLeft,084,Editor,C:/Users/hoseop/CLionProjects/084/main.cpp,,4,28,Default task
2023-01-16T21:57:13.532+09:00,Hoseop Shin,KeyEvent,65535:37:0,084,Editor,C:/Users/hoseop/CLionProjects/084/main.cpp,,4,27,Default task
2023-01-16T21:57:14.029+09:00,Hoseop Shin,Action,EditorLeft,084,Editor,C:/Users/hoseop/CLionProjects/084/main.cpp,,4,27,Default task
2023-01-16T21:57:14.031+09:00,Hoseop Shin,KeyEvent,65535:37:0,084,Editor,C:/Users/hoseop/CLionProjects/084/main.cpp,,4,26,Default task
2023-01-16T21:57:14.061+09:00,Hoseop Shin,Action,EditorLeft,084,Editor,C:/Users/hoseop/CLionProjects/084/main.cpp,,4,26,Default task
2023-01-16T21:57:14.063+09:00,Hoseop Shin,KeyEvent,65535:37:0,084,Editor,C:/Users/hoseop/CLionProjects/084/main.cpp,,4,25,Default task
2023-01-16T21:57:14.092+09:00,Hoseop Shin,Action,EditorLeft,084,Editor,C:/Users/hoseop/CLionProjects/084/main.cpp,,4,25,Default task
2023-01-16T21:57:14.094+09:00,Hoseop Shin,KeyEvent,65535:37:0,084,Editor,C:/Users/hoseop/CLionProjects/084/main.cpp,,4,24,Default task
2023-01-16T21:57:14.125+09:00,Hoseop Shin,Action,EditorLeft,084,Editor,C:/Users/hoseop/CLionProjects/084/main.cpp,,4,24,Default task
2023-01-16T21:57:14.127+09:00,Hoseop Shin,KeyEvent,65535:37:0,084,Editor,C:/Users/hoseop/CLionProjects/084/main.cpp,,4,23,Default task
2023-01-16T21:57:14.157+09:00,Hoseop Shin,Action,EditorLeft,084,Editor,C:/Users/hoseop/CLionProjects/084/main.cpp,,4,23,Default task
2023-01-16T21:57:14.159+09:00,Hoseop Shin,KeyEvent,65535:37:0,084,Editor,C:/Users/hoseop/CLionProjects/084/main.cpp,,4,22,Default task
2023-01-16T21:57:14.189+09:00,Hoseop Shin,Action,EditorLeft,084,Editor,C:/Users/hoseop/CLionProjects/084/main.cpp,,4,22,Default task
2023-01-16T21:57:14.191+09:00,Hoseop Shin,KeyEvent,65535:37:0,084,Editor,C:/Users/hoseop/CLionProjects/084/main.cpp,,4,21,Default task
2023-01-16T21:57:14.222+09:00,Hoseop Shin,Action,EditorLeft,084,Editor,C:/Users/hoseop/CLionProjects/084/main.cpp,,4,21,Default task
2023-01-16T21:57:14.224+09:00,Hoseop Shin,KeyEvent,65535:37:0,084,Editor,C:/Users/hoseop/CLionProjects/084/main.cpp,,4,20,Default task
2023-01-16T21:57:14.252+09:00,Hoseop Shin,Action,EditorLeft,084,Editor,C:/Users/hoseop/CLionProjects/084/main.cpp,,4,20,Default task
2023-01-16T21:57:14.255+09:00,Hoseop Shin,KeyEvent,65535:37:0,084,Editor,C:/Users/hoseop/CLionProjects/084/main.cpp,,4,19,Default task
2023-01-16T21:57:14.284+09:00,Hoseop Shin,Action,EditorLeft,084,Editor,C:/Users/hoseop/CLionProjects/084/main.cpp,,4,19,Default task
2023-01-16T21:57:14.286+09:00,Hoseop Shin,KeyEvent,65535:37:0,084,Editor,C:/Users/hoseop/CLionProjects/084/main.cpp,,4,18,Default task
2023-01-16T21:57:14.316+09:00,Hoseop Shin,Action,EditorLeft,084,Editor,C:/Users/hoseop/CLionProjects/084/main.cpp,,4,18,Default task
2023-01-16T21:57:14.319+09:00,Hoseop Shin,KeyEvent,65535:37:0,084,Editor,C:/Users/hoseop/CLionProjects/084/main.cpp,,4,17,Default task
2023-01-16T21:57:14.549+09:00,Hoseop Shin,Action,EditorLeft,084,Editor,C:/Users/hoseop/CLionProjects/084/main.cpp,,4,17,Default task
2023-01-16T21:57:14.551+09:00,Hoseop Shin,KeyEvent,65535:37:0,084,Editor,C:/Users/hoseop/CLionProjects/084/main.cpp,,4,16,Default task
2023-01-16T21:57:14.756+09:00,Hoseop Shin,Action,EditorLeft,084,Editor,C:/Users/hoseop/CLionProjects/084/main.cpp,,4,16,Default task
2023-01-16T21:57:14.760+09:00,Hoseop Shin,KeyEvent,65535:37:0,084,Editor,C:/Users/hoseop/CLionProjects/084/main.cpp,,4,15,Default task
2023-01-16T21:57:25.989+09:00,Hoseop Shin,KeyEvent,65535:16:1,084,Editor,C:/Users/hoseop/CLionProjects/084/main.cpp,,4,15,Default task
2023-01-16T21:57:26.197+09:00,Hoseop Shin,Action,Run,084,Editor,C:/Users/hoseop/CLionProjects/084/main.cpp,,4,15,Default task
2023-01-16T21:57:26.226+09:00,Hoseop Shin,KeyEvent,65535:121:1,084,Editor,C:/Users/hoseop/CLionProjects/084/main.cpp,,4,15,Default task
2023-01-16T21:57:51.863+09:00,Hoseop Shin,KeyEvent,46:46:0,084,Editor,C:/Users/hoseop/CLionProjects/084/main.cpp,,4,26,Default task
2023-01-16T21:57:52.005+09:00,Hoseop Shin,KeyEvent,46:46:0,084,Editor,C:/Users/hoseop/CLionProjects/084/main.cpp,,4,27,Default task
2023-01-16T21:57:52.116+09:00,Hoseop Shin,KeyEvent,46:46:0,084,Editor,C:/Users/hoseop/CLionProjects/084/main.cpp,,4,28,Default task
2023-01-16T21:58:05.338+09:00,Hoseop Shin,KeyEvent,65535:16:1,084,Editor,C:/Users/hoseop/CLionProjects/084/main.cpp,,4,21,Default task
2023-01-16T21:58:05.463+09:00,Hoseop Shin,Action,Run,084,Editor,C:/Users/hoseop/CLionProjects/084/main.cpp,,4,21,Default task
2023-01-16T21:58:05.472+09:00,Hoseop Shin,KeyEvent,65535:121:1,084,Editor,C:/Users/hoseop/CLionProjects/084/main.cpp,,4,21,Default task
2023-01-16T21:58:29.042+09:00,Hoseop Shin,KeyEvent,65535:20:0,084,Editor,C:/Users/hoseop/CLionProjects/084/main.cpp,,3,0,Default task
2023-01-16T21:58:29.186+09:00,Hoseop Shin,KeyEvent,84:84:0,084,Editor,C:/Users/hoseop/CLionProjects/084/main.cpp,,3,0,Default task
2023-01-16T21:58:29.350+09:00,Hoseop Shin,KeyEvent,65535:20:0,084,Editor,C:/Users/hoseop/CLionProjects/084/main.cpp,,3,1,Default task
2023-01-16T21:58:30.332+09:00,Hoseop Shin,Action,EditorEscape,084,Editor,C:/Users/hoseop/CLionProjects/084/main.cpp,,3,1,Default task
2023-01-16T21:58:30.339+09:00,Hoseop Shin,KeyEvent,27:27:0,084,Editor,C:/Users/hoseop/CLionProjects/084/main.cpp,,3,1,Default task
2023-01-16T21:59:01.950+09:00,Hoseop Shin,Action,EditorEnter,084,Editor,C:/Users/hoseop/CLionProjects/084/main.cpp,,6,0,Default task
2023-01-16T21:59:01.957+09:00,Hoseop Shin,KeyEvent,10:10:0,084,Editor,C:/Users/hoseop/CLionProjects/084/main.cpp,,7,0,Default task
2023-01-16T21:59:02.457+09:00,Hoseop Shin,Action,EditorUp,084,Editor,C:/Users/hoseop/CLionProjects/084/main.cpp,,7,0,Default task
2023-01-16T21:59:02.460+09:00,Hoseop Shin,KeyEvent,65535:38:0,084,Editor,C:/Users/hoseop/CLionProjects/084/main.cpp,,6,0,Default task
2023-01-16T21:59:21.585+09:00,Hoseop Shin,KeyEvent,115:83:0,084,Editor,C:/Users/hoseop/CLionProjects/084/main.cpp,,6,0,Default task
2023-01-16T21:59:21.669+09:00,Hoseop Shin,KeyEvent,121:89:0,084,Editor,C:/Users/hoseop/CLionProjects/084/main.cpp,,6,1,Default task
2023-01-16T21:59:22.279+09:00,Hoseop Shin,KeyEvent,61:61:0,084,Editor,C:/Users/hoseop/CLionProjects/084/main.cpp,,6,2,Default task
2023-01-16T21:59:22.530+09:00,Hoseop Shin,Action,EditorBackSpace,084,Editor,C:/Users/hoseop/CLionProjects/084/main.cpp,,6,3,Default task
2023-01-16T21:59:22.534+09:00,Hoseop Shin,KeyEvent,8:8:0,084,Editor,C:/Users/hoseop/CLionProjects/084/main.cpp,,6,2,Default task
2023-01-16T21:59:22.674+09:00,Hoseop Shin,Action,EditorBackSpace,084,Editor,C:/Users/hoseop/CLionProjects/084/main.cpp,,6,2,Default task
2023-01-16T21:59:22.678+09:00,Hoseop Shin,KeyEvent,8:8:0,084,Editor,C:/Users/hoseop/CLionProjects/084/main.cpp,,6,1,Default task
2023-01-16T21:59:23.135+09:00,Hoseop Shin,KeyEvent,117:85:0,084,Editor,C:/Users/hoseop/CLionProjects/084/main.cpp,,6,1,Default task
2023-01-16T21:59:23.369+09:00,Hoseop Shin,KeyEvent,109:77:0,084,Editor,C:/Users/hoseop/CLionProjects/084/main.cpp,,6,2,Default task
2023-01-16T21:59:24.155+09:00,Hoseop Shin,KeyEvent,65535:16:1,084,Editor,C:/Users/hoseop/CLionProjects/084/main.cpp,,6,3,Default task
2023-01-16T21:59:24.281+09:00,Hoseop Shin,KeyEvent,40:57:1,084,Editor,C:/Users/hoseop/CLionProjects/084/main.cpp,,6,3,Default task
2023-01-16T21:59:24.922+09:00,Hoseop Shin,Action,EditorRight,084,Editor,C:/Users/hoseop/CLionProjects/084/main.cpp,,6,4,Default task
2023-01-16T21:59:24.924+09:00,Hoseop Shin,KeyEvent,65535:39:0,084,Editor,C:/Users/hoseop/CLionProjects/084/main.cpp,,6,5,Default task
2023-01-16T21:59:25.241+09:00,Hoseop Shin,KeyEvent,32:32:0,084,Editor,C:/Users/hoseop/CLionProjects/084/main.cpp,,6,5,Default task
2023-01-16T21:59:25.473+09:00,Hoseop Shin,KeyEvent,65535:16:1,084,Editor,C:/Users/hoseop/CLionProjects/084/main.cpp,,6,6,Default task
2023-01-16T21:59:25.536+09:00,Hoseop Shin,KeyEvent,123:91:1,084,Editor,C:/Users/hoseop/CLionProjects/084/main.cpp,,6,6,Default task
2023-01-16T21:59:26.554+09:00,Hoseop Shin,Action,EditorLineStart,084,Editor,C:/Users/hoseop/CLionProjects/084/main.cpp,,6,7,Default task
2023-01-16T21:59:26.559+09:00,Hoseop Shin,KeyEvent,65535:36:0,084,Editor,C:/Users/hoseop/CLionProjects/084/main.cpp,,6,0,Default task
2023-01-16T21:59:28.021+09:00,Hoseop Shin,KeyEvent,116:84:0,084,Editor,C:/Users/hoseop/CLionProjects/084/main.cpp,,6,0,Default task
2023-01-16T21:59:28.408+09:00,Hoseop Shin,Action,EditorBackSpace,084,Editor,C:/Users/hoseop/CLionProjects/084/main.cpp,,6,1,Default task
2023-01-16T21:59:28.421+09:00,Hoseop Shin,KeyEvent,8:8:0,084,Editor,C:/Users/hoseop/CLionProjects/084/main.cpp,,6,0,Default task
2023-01-16T21:59:28.500+09:00,Hoseop Shin,KeyEvent,65535:20:0,084,Editor,C:/Users/hoseop/CLionProjects/084/main.cpp,,6,0,Default task
2023-01-16T21:59:28.622+09:00,Hoseop Shin,KeyEvent,84:84:0,084,Editor,C:/Users/hoseop/CLionProjects/084/main.cpp,,6,0,Default task
2023-01-16T21:59:28.740+09:00,Hoseop Shin,KeyEvent,65535:20:0,084,Editor,C:/Users/hoseop/CLionProjects/084/main.cpp,,6,1,Default task
2023-01-16T21:59:28.880+09:00,Hoseop Shin,KeyEvent,32:32:0,084,Editor,C:/Users/hoseop/CLionProjects/084/main.cpp,,6,1,Default task
2023-01-16T21:59:29.390+09:00,Hoseop Shin,Action,EditorLineEnd,084,Editor,C:/Users/hoseop/CLionProjects/084/main.cpp,,6,2,Default task
2023-01-16T21:59:29.392+09:00,Hoseop Shin,KeyEvent,65535:35:0,084,Editor,C:/Users/hoseop/CLionProjects/084/main.cpp,,6,10,Default task
2023-01-16T22:00:45.082+09:00,Hoseop Shin,KeyEvent,105:73:0,084,Editor,C:/Users/hoseop/CLionProjects/084/main.cpp,,6,6,Default task
2023-01-16T22:00:45.126+09:00,Hoseop Shin,KeyEvent,110:78:0,084,Editor,C:/Users/hoseop/CLionProjects/084/main.cpp,,6,7,Default task
2023-01-16T22:00:45.229+09:00,Hoseop Shin,KeyEvent,116:84:0,084,Editor,C:/Users/hoseop/CLionProjects/084/main.cpp,,6,8,Default task
2023-01-16T22:00:46.325+09:00,Hoseop Shin,Action,EditorLineEnd,084,Editor,C:/Users/hoseop/CLionProjects/084/main.cpp,,6,9,Default task
2023-01-16T22:00:46.332+09:00,Hoseop Shin,KeyEvent,65535:35:0,084,Editor,C:/Users/hoseop/CLionProjects/084/main.cpp,,6,13,Default task
2023-01-16T22:00:46.791+09:00,Hoseop Shin,Action,EditorLeft,084,Editor,C:/Users/hoseop/CLionProjects/084/main.cpp,,6,13,Default task
2023-01-16T22:00:46.793+09:00,Hoseop Shin,KeyEvent,65535:37:0,084,Editor,C:/Users/hoseop/CLionProjects/084/main.cpp,,6,12,Default task
2023-01-16T22:00:47.155+09:00,Hoseop Shin,Action,EditorLeft,084,Editor,C:/Users/hoseop/CLionProjects/084/main.cpp,,6,12,Default task
2023-01-16T22:00:47.157+09:00,Hoseop Shin,KeyEvent,65535:37:0,084,Editor,C:/Users/hoseop/CLionProjects/084/main.cpp,,6,11,Default task
2023-01-16T22:00:47.335+09:00,Hoseop Shin,Action,EditorLeft,084,Editor,C:/Users/hoseop/CLionProjects/084/main.cpp,,6,11,Default task
2023-01-16T22:00:47.340+09:00,Hoseop Shin,KeyEvent,65535:37:0,084,Editor,C:/Users/hoseop/CLionProjects/084/main.cpp,,6,10,Default task
2023-01-16T22:00:47.657+09:00,Hoseop Shin,Action,EditorLeft,084,Editor,C:/Users/hoseop/CLionProjects/084/main.cpp,,6,10,Default task
2023-01-16T22:00:47.659+09:00,Hoseop Shin,KeyEvent,65535:37:0,084,Editor,C:/Users/hoseop/CLionProjects/084/main.cpp,,6,9,Default task
2023-01-16T22:00:47.815+09:00,Hoseop Shin,Action,EditorLeft,084,Editor,C:/Users/hoseop/CLionProjects/084/main.cpp,,6,9,Default task
2023-01-16T22:00:47.819+09:00,Hoseop Shin,KeyEvent,65535:37:0,084,Editor,C:/Users/hoseop/CLionProjects/084/main.cpp,,6,8,Default task
2023-01-16T22:00:47.965+09:00,Hoseop Shin,Action,EditorLeft,084,Editor,C:/Users/hoseop/CLionProjects/084/main.cpp,,6,8,Default task
2023-01-16T22:00:47.966+09:00,Hoseop Shin,KeyEvent,65535:37:0,084,Editor,C:/Users/hoseop/CLionProjects/084/main.cpp,,6,7,Default task
2023-01-16T22:00:48.121+09:00,Hoseop Shin,Action,EditorLeft,084,Editor,C:/Users/hoseop/CLionProjects/084/main.cpp,,6,7,Default task
2023-01-16T22:00:48.125+09:00,Hoseop Shin,KeyEvent,65535:37:0,084,Editor,C:/Users/hoseop/CLionProjects/084/main.cpp,,6,6,Default task
2023-01-16T22:00:48.273+09:00,Hoseop Shin,Action,EditorLeft,084,Editor,C:/Users/hoseop/CLionProjects/084/main.cpp,,6,6,Default task
2023-01-16T22:00:48.275+09:00,Hoseop Shin,KeyEvent,65535:37:0,084,Editor,C:/Users/hoseop/CLionProjects/084/main.cpp,,6,5,Default task
2023-01-16T22:00:48.478+09:00,Hoseop Shin,Action,EditorLeft,084,Editor,C:/Users/hoseop/CLionProjects/084/main.cpp,,6,5,Default task
2023-01-16T22:00:48.480+09:00,Hoseop Shin,KeyEvent,65535:37:0,084,Editor,C:/Users/hoseop/CLionProjects/084/main.cpp,,6,4,Default task
2023-01-16T22:00:48.589+09:00,Hoseop Shin,Action,EditorLeft,084,Editor,C:/Users/hoseop/CLionProjects/084/main.cpp,,6,4,Default task
2023-01-16T22:00:48.593+09:00,Hoseop Shin,KeyEvent,65535:37:0,084,Editor,C:/Users/hoseop/CLionProjects/084/main.cpp,,6,3,Default task
2023-01-16T22:00:48.752+09:00,Hoseop Shin,Action,EditorLeft,084,Editor,C:/Users/hoseop/CLionProjects/084/main.cpp,,6,3,Default task
2023-01-16T22:00:48.754+09:00,Hoseop Shin,KeyEvent,65535:37:0,084,Editor,C:/Users/hoseop/CLionProjects/084/main.cpp,,6,2,Default task
2023-01-16T22:00:49.010+09:00,Hoseop Shin,Action,EditorLeft,084,Editor,C:/Users/hoseop/CLionProjects/084/main.cpp,,6,2,Default task
2023-01-16T22:00:49.014+09:00,Hoseop Shin,KeyEvent,65535:37:0,084,Editor,C:/Users/hoseop/CLionProjects/084/main.cpp,,6,1,Default task
2023-01-16T22:00:49.444+09:00,Hoseop Shin,Action,EditorBackSpace,084,Editor,C:/Users/hoseop/CLionProjects/084/main.cpp,,6,1,Default task
2023-01-16T22:00:49.448+09:00,Hoseop Shin,KeyEvent,8:8:0,084,Editor,C:/Users/hoseop/CLionProjects/084/main.cpp,,6,0,Default task
2023-01-16T22:00:49.933+09:00,Hoseop Shin,KeyEvent,115:83:0,084,Editor,C:/Users/hoseop/CLionProjects/084/main.cpp,,6,0,Default task
2023-01-16T22:00:50.256+09:00,Hoseop Shin,Action,EditorBackSpace,084,Editor,C:/Users/hoseop/CLionProjects/084/main.cpp,,6,1,Default task
2023-01-16T22:00:50.280+09:00,Hoseop Shin,KeyEvent,8:8:0,084,Editor,C:/Users/hoseop/CLionProjects/084/main.cpp,,6,0,Default task
2023-01-16T22:00:50.659+09:00,Hoseop Shin,KeyEvent,105:73:0,084,Editor,C:/Users/hoseop/CLionProjects/084/main.cpp,,6,0,Default task
2023-01-16T22:00:50.797+09:00,Hoseop Shin,KeyEvent,110:78:0,084,Editor,C:/Users/hoseop/CLionProjects/084/main.cpp,,6,1,Default task
2023-01-16T22:00:50.882+09:00,Hoseop Shin,KeyEvent,115:83:0,084,Editor,C:/Users/hoseop/CLionProjects/084/main.cpp,,6,2,Default task
2023-01-16T22:00:51.003+09:00,Hoseop Shin,KeyEvent,116:84:0,084,Editor,C:/Users/hoseop/CLionProjects/084/main.cpp,,6,3,Default task
2023-01-16T22:00:51.588+09:00,Hoseop Shin,Action,EditorBackSpace,084,Editor,C:/Users/hoseop/CLionProjects/084/main.cpp,,6,4,Default task
2023-01-16T22:00:51.595+09:00,Hoseop Shin,KeyEvent,8:8:0,084,Editor,C:/Users/hoseop/CLionProjects/084/main.cpp,,6,3,Default task
2023-01-16T22:00:51.714+09:00,Hoseop Shin,Action,EditorBackSpace,084,Editor,C:/Users/hoseop/CLionProjects/084/main.cpp,,6,3,Default task
2023-01-16T22:00:51.726+09:00,Hoseop Shin,KeyEvent,8:8:0,084,Editor,C:/Users/hoseop/CLionProjects/084/main.cpp,,6,2,Default task
2023-01-16T22:00:51.850+09:00,Hoseop Shin,KeyEvent,116:84:0,084,Editor,C:/Users/hoseop/CLionProjects/084/main.cpp,,6,2,Default task
2023-01-16T22:00:52.548+09:00,Hoseop Shin,Action,EditorLineEnd,084,Editor,C:/Users/hoseop/CLionProjects/084/main.cpp,,6,3,Default task
2023-01-16T22:00:52.560+09:00,Hoseop Shin,KeyEvent,65535:35:0,084,Editor,C:/Users/hoseop/CLionProjects/084/main.cpp,,6,15,Default task
2023-01-16T22:00:53.264+09:00,Hoseop Shin,Action,EditorLeft,084,Editor,C:/Users/hoseop/CLionProjects/084/main.cpp,,6,15,Default task
2023-01-16T22:00:53.267+09:00,Hoseop Shin,KeyEvent,65535:37:0,084,Editor,C:/Users/hoseop/CLionProjects/084/main.cpp,,6,14,Default task
2023-01-16T22:00:55.211+09:00,Hoseop Shin,KeyEvent,65535:16:1,084,Editor,C:/Users/hoseop/CLionProjects/084/main.cpp,,6,14,Default task
2023-01-16T22:00:55.309+09:00,Hoseop Shin,Action,Run,084,Editor,C:/Users/hoseop/CLionProjects/084/main.cpp,,6,14,Default task
2023-01-16T22:00:55.343+09:00,Hoseop Shin,KeyEvent,65535:121:1,084,Editor,C:/Users/hoseop/CLionProjects/084/main.cpp,,6,14,Default task
2023-01-16T22:01:01.290+09:00,Hoseop Shin,KeyEvent,65535:17:2,084,Editor,C:/Users/hoseop/CLionProjects/084/main.cpp,,6,0,Default task
2023-01-16T22:01:01.393+09:00,Hoseop Shin,Action,EditorCut,084,Editor,C:/Users/hoseop/CLionProjects/084/main.cpp,,6,0,Default task
2023-01-16T22:01:01.412+09:00,Hoseop Shin,KeyEvent,24:88:2,084,Editor,C:/Users/hoseop/CLionProjects/084/main.cpp,,6,0,Default task
2023-01-16T22:01:02.021+09:00,Hoseop Shin,Action,EditorBackSpace,084,Editor,C:/Users/hoseop/CLionProjects/084/main.cpp,,6,0,Default task
2023-01-16T22:01:02.031+09:00,Hoseop Shin,KeyEvent,8:8:0,084,Editor,C:/Users/hoseop/CLionProjects/084/main.cpp,,5,1,Default task
2023-01-16T22:01:03.068+09:00,Hoseop Shin,Action,EditorUp,084,Editor,C:/Users/hoseop/CLionProjects/084/main.cpp,,5,1,Default task
2023-01-16T22:01:03.072+09:00,Hoseop Shin,KeyEvent,65535:38:0,084,Editor,C:/Users/hoseop/CLionProjects/084/main.cpp,,4,1,Default task
2023-01-16T22:01:03.445+09:00,Hoseop Shin,Action,EditorUp,084,Editor,C:/Users/hoseop/CLionProjects/084/main.cpp,,4,1,Default task
2023-01-16T22:01:03.447+09:00,Hoseop Shin,KeyEvent,65535:38:0,084,Editor,C:/Users/hoseop/CLionProjects/084/main.cpp,,3,1,Default task
2023-01-16T22:01:03.998+09:00,Hoseop Shin,Action,EditorUp,084,Editor,C:/Users/hoseop/CLionProjects/084/main.cpp,,3,1,Default task
2023-01-16T22:01:04.004+09:00,Hoseop Shin,KeyEvent,65535:38:0,084,Editor,C:/Users/hoseop/CLionProjects/084/main.cpp,,2,1,Default task
2023-01-16T22:01:05.057+09:00,Hoseop Shin,Action,EditorLineStart,084,Editor,C:/Users/hoseop/CLionProjects/084/main.cpp,,2,1,Default task
2023-01-16T22:01:05.060+09:00,Hoseop Shin,KeyEvent,65535:36:0,084,Editor,C:/Users/hoseop/CLionProjects/084/main.cpp,,2,0,Default task
2023-01-16T22:01:05.347+09:00,Hoseop Shin,Action,EditorEnter,084,Editor,C:/Users/hoseop/CLionProjects/084/main.cpp,,2,0,Default task
2023-01-16T22:01:05.351+09:00,Hoseop Shin,KeyEvent,10:10:0,084,Editor,C:/Users/hoseop/CLionProjects/084/main.cpp,,3,0,Default task
2023-01-16T22:01:06.186+09:00,Hoseop Shin,Action,EditorEnter,084,Editor,C:/Users/hoseop/CLionProjects/084/main.cpp,,3,0,Default task
2023-01-16T22:01:06.221+09:00,Hoseop Shin,KeyEvent,10:10:0,084,Editor,C:/Users/hoseop/CLionProjects/084/main.cpp,,4,0,Default task
2023-01-16T22:01:06.496+09:00,Hoseop Shin,Action,EditorUp,084,Editor,C:/Users/hoseop/CLionProjects/084/main.cpp,,4,0,Default task
2023-01-16T22:01:06.498+09:00,Hoseop Shin,KeyEvent,65535:38:0,084,Editor,C:/Users/hoseop/CLionProjects/084/main.cpp,,3,0,Default task
2023-01-16T22:01:06.921+09:00,Hoseop Shin,Action,EditorUp,084,Editor,C:/Users/hoseop/CLionProjects/084/main.cpp,,3,0,Default task
2023-01-16T22:01:06.923+09:00,Hoseop Shin,KeyEvent,65535:38:0,084,Editor,C:/Users/hoseop/CLionProjects/084/main.cpp,,2,0,Default task
2023-01-16T22:01:07.007+09:00,Hoseop Shin,KeyEvent,65535:17:2,084,Editor,C:/Users/hoseop/CLionProjects/084/main.cpp,,2,0,Default task
2023-01-16T22:01:07.066+09:00,Hoseop Shin,Action,EditorPaste,084,Editor,C:/Users/hoseop/CLionProjects/084/main.cpp,,2,0,Default task
2023-01-16T22:01:07.095+09:00,Hoseop Shin,KeyEvent,22:86:2,084,Editor,C:/Users/hoseop/CLionProjects/084/main.cpp,,2,15,Default task
2023-01-16T22:01:09.548+09:00,Hoseop Shin,KeyEvent,65535:16:1,084,Editor,C:/Users/hoseop/CLionProjects/084/main.cpp,,2,15,Default task
2023-01-16T22:01:09.643+09:00,Hoseop Shin,Action,Run,084,Editor,C:/Users/hoseop/CLionProjects/084/main.cpp,,2,15,Default task
2023-01-16T22:01:09.646+09:00,Hoseop Shin,KeyEvent,65535:121:1,084,Editor,C:/Users/hoseop/CLionProjects/084/main.cpp,,2,15,Default task
2023-01-16T22:01:20.448+09:00,Hoseop Shin,Action,EditorEnter,084,Editor,C:/Users/hoseop/CLionProjects/084/main.cpp,,2,0,Default task
2023-01-16T22:01:20.452+09:00,Hoseop Shin,KeyEvent,10:10:0,084,Editor,C:/Users/hoseop/CLionProjects/084/main.cpp,,3,0,Default task
2023-01-16T22:01:20.931+09:00,Hoseop Shin,Action,EditorUp,084,Editor,C:/Users/hoseop/CLionProjects/084/main.cpp,,3,0,Default task
2023-01-16T22:01:20.933+09:00,Hoseop Shin,KeyEvent,65535:38:0,084,Editor,C:/Users/hoseop/CLionProjects/084/main.cpp,,2,0,Default task
2023-01-16T22:01:21.486+09:00,Hoseop Shin,Action,EditorUp,084,Editor,C:/Users/hoseop/CLionProjects/084/main.cpp,,2,0,Default task
2023-01-16T22:01:21.488+09:00,Hoseop Shin,KeyEvent,65535:38:0,084,Editor,C:/Users/hoseop/CLionProjects/084/main.cpp,,1,0,Default task
2023-01-16T22:01:48.894+09:00,Hoseop Shin,Action,EditorBackSpace,084,Editor,C:/Users/hoseop/CLionProjects/084/main.cpp,,3,0,Default task
2023-01-16T22:01:48.899+09:00,Hoseop Shin,KeyEvent,8:8:0,084,Editor,C:/Users/hoseop/CLionProjects/084/main.cpp,,3,0,Default task
2023-01-16T22:01:50.761+09:00,Hoseop Shin,Action,EditorRight,084,Editor,C:/Users/hoseop/CLionProjects/084/main.cpp,,3,0,Default task
2023-01-16T22:01:50.765+09:00,Hoseop Shin,KeyEvent,65535:39:0,084,Editor,C:/Users/hoseop/CLionProjects/084/main.cpp,,3,1,Default task
2023-01-16T22:01:51.194+09:00,Hoseop Shin,Action,EditorLeft,084,Editor,C:/Users/hoseop/CLionProjects/084/main.cpp,,3,1,Default task
2023-01-16T22:01:51.197+09:00,Hoseop Shin,KeyEvent,65535:37:0,084,Editor,C:/Users/hoseop/CLionProjects/084/main.cpp,,3,0,Default task
2023-01-16T22:01:52.001+09:00,Hoseop Shin,KeyEvent,105:73:0,084,Editor,C:/Users/hoseop/CLionProjects/084/main.cpp,,3,0,Default task
2023-01-16T22:01:52.105+09:00,Hoseop Shin,KeyEvent,110:78:0,084,Editor,C:/Users/hoseop/CLionProjects/084/main.cpp,,3,1,Default task
2023-01-16T22:01:52.235+09:00,Hoseop Shin,KeyEvent,116:84:0,084,Editor,C:/Users/hoseop/CLionProjects/084/main.cpp,,3,2,Default task
2023-01-16T22:01:52.325+09:00,Hoseop Shin,KeyEvent,32:32:0,084,Editor,C:/Users/hoseop/CLionProjects/084/main.cpp,,3,3,Default task
2023-01-16T22:02:09.398+09:00,Hoseop Shin,KeyEvent,65535:16:1,084,Editor,C:/Users/hoseop/CLionProjects/084/main.cpp,,3,15,Default task
2023-01-16T22:02:09.513+09:00,Hoseop Shin,Action,Run,084,Editor,C:/Users/hoseop/CLionProjects/084/main.cpp,,3,15,Default task
2023-01-16T22:02:09.517+09:00,Hoseop Shin,KeyEvent,65535:121:1,084,Editor,C:/Users/hoseop/CLionProjects/084/main.cpp,,3,15,Default task
2023-01-16T22:02:25.866+09:00,Hoseop Shin,KeyEvent,65535:17:2,084,Editor,C:/Users/hoseop/CLionProjects/084/main.cpp,,11,24,Default task
2023-01-16T22:02:26.003+09:00,Hoseop Shin,KeyEvent,65535:18:10,084,Editor,C:/Users/hoseop/CLionProjects/084/main.cpp,,11,24,Default task
2023-01-16T22:02:26.165+09:00,Hoseop Shin,KeyEvent,65535:16:11,084,Editor,C:/Users/hoseop/CLionProjects/084/main.cpp,,11,24,Default task
2023-01-16T22:02:26.463+09:00,Hoseop Shin,Action,ActivityTracker-Popup,084,Editor,C:/Users/hoseop/CLionProjects/084/main.cpp,,11,24,Default task
2023-01-16T22:02:26.503+09:00,Hoseop Shin,KeyEvent,65535:79:11,084,Editor,C:/Users/hoseop/CLionProjects/084/main.cpp,,11,24,Default task
