2023-01-16T19:37:12.399+09:00,Hoseop Shin,KeyEvent,65535:18:8,082,Editor,C:/Users/hoseop/CLionProjects/082/my_vector.h,,24,18,Default task
2023-01-16T19:37:17.081+09:00,Hoseop Shin,KeyEvent,65535:17:2,082,Project,C:/Users/hoseop/CLionProjects/082/my_vector.h,,24,18,Default task
2023-01-16T19:37:17.203+09:00,Hoseop Shin,Action,$Copy,082,Project,C:/Users/hoseop/CLionProjects/082/my_vector.h,,24,18,Default task
2023-01-16T19:37:17.216+09:00,Hoseop Shin,KeyEvent,3:67:2,082,Project,C:/Users/hoseop/CLionProjects/082/my_vector.h,,24,18,Default task
2023-01-16T19:37:46.481+09:00,Hoseop Shin,KeyEvent,65535:18:8,082,Project,C:/Users/hoseop/CLionProjects/082/my_vector.h,,24,18,Default task
2023-01-16T19:38:43.406+09:00,Hoseop Shin,Action,CPP.NewHeaderFile,082,Popup,C:/Users/hoseop/CLionProjects/082/my_vector.h,,19,0,Default task
2023-01-16T19:38:44.483+09:00,Hoseop Shin,KeyEvent,109:77:0,082,Popup,C:/Users/hoseop/CLionProjects/082/my_vector.h,,19,0,Default task
2023-01-16T19:38:44.807+09:00,Hoseop Shin,KeyEvent,121:89:0,082,Popup,C:/Users/hoseop/CLionProjects/082/my_vector.h,,19,0,Default task
2023-01-16T19:38:46.329+09:00,Hoseop Shin,KeyEvent,65535:16:1,082,Popup,C:/Users/hoseop/CLionProjects/082/my_vector.h,,19,0,Default task
2023-01-16T19:38:46.423+09:00,Hoseop Shin,KeyEvent,95:45:1,082,Popup,C:/Users/hoseop/CLionProjects/082/my_vector.h,,19,0,Default task
2023-01-16T19:38:46.569+09:00,Hoseop Shin,KeyEvent,118:86:0,082,Popup,C:/Users/hoseop/CLionProjects/082/my_vector.h,,19,0,Default task
2023-01-16T19:38:46.699+09:00,Hoseop Shin,KeyEvent,101:69:0,082,Popup,C:/Users/hoseop/CLionProjects/082/my_vector.h,,19,0,Default task
2023-01-16T19:38:46.968+09:00,Hoseop Shin,KeyEvent,99:67:0,082,Popup,C:/Users/hoseop/CLionProjects/082/my_vector.h,,19,0,Default task
2023-01-16T19:38:47.236+09:00,Hoseop Shin,KeyEvent,116:84:0,082,Popup,C:/Users/hoseop/CLionProjects/082/my_vector.h,,19,0,Default task
2023-01-16T19:38:47.486+09:00,Hoseop Shin,KeyEvent,111:79:0,082,Popup,C:/Users/hoseop/CLionProjects/082/my_vector.h,,19,0,Default task
2023-01-16T19:38:47.602+09:00,Hoseop Shin,KeyEvent,114:82:0,082,Popup,C:/Users/hoseop/CLionProjects/082/my_vector.h,,19,0,Default task
2023-01-16T19:38:48.790+09:00,Hoseop Shin,KeyEvent,65535:16:1,082,Popup,C:/Users/hoseop/CLionProjects/082/my_vector.h,,19,0,Default task
2023-01-16T19:38:48.838+09:00,Hoseop Shin,KeyEvent,95:45:1,082,Popup,C:/Users/hoseop/CLionProjects/082/my_vector.h,,19,0,Default task
2023-01-16T19:38:49.941+09:00,Hoseop Shin,KeyEvent,105:73:0,082,Popup,C:/Users/hoseop/CLionProjects/082/my_vector.h,,19,0,Default task
2023-01-16T19:38:50.089+09:00,Hoseop Shin,KeyEvent,116:84:0,082,Popup,C:/Users/hoseop/CLionProjects/082/my_vector.h,,19,0,Default task
2023-01-16T19:38:50.304+09:00,Hoseop Shin,KeyEvent,101:69:0,082,Popup,C:/Users/hoseop/CLionProjects/082/my_vector.h,,19,0,Default task
2023-01-16T19:38:50.364+09:00,Hoseop Shin,KeyEvent,114:82:0,082,Popup,C:/Users/hoseop/CLionProjects/082/my_vector.h,,19,0,Default task
2023-01-16T19:38:51.840+09:00,Hoseop Shin,KeyEvent,97:65:0,082,Popup,C:/Users/hoseop/CLionProjects/082/my_vector.h,,19,0,Default task
2023-01-16T19:38:52.381+09:00,Hoseop Shin,KeyEvent,111:79:0,082,Popup,C:/Users/hoseop/CLionProjects/082/my_vector.h,,19,0,Default task
2023-01-16T19:38:53.166+09:00,Hoseop Shin,Action,EditorBackSpace,082,Popup,C:/Users/hoseop/CLionProjects/082/my_vector.h,,19,0,Default task
2023-01-16T19:38:53.170+09:00,Hoseop Shin,KeyEvent,8:8:0,082,Popup,C:/Users/hoseop/CLionProjects/082/my_vector.h,,19,0,Default task
2023-01-16T19:38:53.263+09:00,Hoseop Shin,KeyEvent,116:84:0,082,Popup,C:/Users/hoseop/CLionProjects/082/my_vector.h,,19,0,Default task
2023-01-16T19:38:53.390+09:00,Hoseop Shin,KeyEvent,111:79:0,082,Popup,C:/Users/hoseop/CLionProjects/082/my_vector.h,,19,0,Default task
2023-01-16T19:38:53.507+09:00,Hoseop Shin,KeyEvent,114:82:0,082,Popup,C:/Users/hoseop/CLionProjects/082/my_vector.h,,19,0,Default task
2023-01-16T19:39:24.714+09:00,Hoseop Shin,KeyEvent,65535:17:2,082,Editor,C:/Users/hoseop/CLionProjects/082/main.cpp,,0,0,Default task
2023-01-16T19:39:24.768+09:00,Hoseop Shin,Action,EditorPaste,082,Editor,C:/Users/hoseop/CLionProjects/082/main.cpp,,0,0,Default task
2023-01-16T19:39:24.877+09:00,Hoseop Shin,KeyEvent,22:86:2,082,Editor,C:/Users/hoseop/CLionProjects/082/main.cpp,,19,0,Default task
2023-01-16T19:39:45.435+09:00,Hoseop Shin,KeyEvent,65535:17:2,082,Editor,C:/Users/hoseop/CLionProjects/082/my_vector.h,,47,29,Default task
2023-01-16T19:39:45.531+09:00,Hoseop Shin,Action,EditorPaste,082,Editor,C:/Users/hoseop/CLionProjects/082/my_vector.h,,47,29,Default task
2023-01-16T19:39:45.546+09:00,Hoseop Shin,KeyEvent,22:86:2,082,Editor,C:/Users/hoseop/CLionProjects/082/my_vector.h,,32,29,Default task
2023-01-16T19:39:54.672+09:00,Hoseop Shin,KeyEvent,65535:17:2,082,Editor,C:/Users/hoseop/CLionProjects/082/my_vector.h,,32,29,Default task
2023-01-16T19:39:54.743+09:00,Hoseop Shin,Action,$Undo,082,Editor,C:/Users/hoseop/CLionProjects/082/my_vector.h,,32,29,Default task
2023-01-16T19:39:54.748+09:00,Hoseop Shin,KeyEvent,26:90:2,082,Editor,C:/Users/hoseop/CLionProjects/082/my_vector.h,,47,29,Default task
2023-01-16T19:40:12.432+09:00,Hoseop Shin,KeyEvent,65535:17:2,082,Editor,C:/Users/hoseop/CLionProjects/082/my_vector.h,,48,0,Default task
2023-01-16T19:40:12.520+09:00,Hoseop Shin,Action,EditorPaste,082,Editor,C:/Users/hoseop/CLionProjects/082/my_vector.h,,48,0,Default task
2023-01-16T19:40:12.594+09:00,Hoseop Shin,KeyEvent,22:86:2,082,Editor,C:/Users/hoseop/CLionProjects/082/my_vector.h,,29,29,Default task
2023-01-16T19:40:56.565+09:00,Hoseop Shin,KeyEvent,65535:17:2,082,Editor,C:/Users/hoseop/CLionProjects/082/my_vector_iterator.h,,4,0,Default task
2023-01-16T19:40:56.632+09:00,Hoseop Shin,Action,EditorPaste,082,Editor,C:/Users/hoseop/CLionProjects/082/my_vector_iterator.h,,4,0,Default task
2023-01-16T19:40:56.691+09:00,Hoseop Shin,KeyEvent,22:86:2,082,Editor,C:/Users/hoseop/CLionProjects/082/my_vector_iterator.h,,36,38,Default task
2023-01-16T19:41:22.974+09:00,Hoseop Shin,KeyEvent,65535:18:8,BNZ.63c529c6157b9dbb,Project,C:/Users/hoseop/AppData/Local/Temp/BNZ.63c529c6157b9dbb/my_vector.h,,0,0,Default task
2023-01-16T19:41:23.096+09:00,Hoseop Shin,Action,ActivateProjectToolWindow,BNZ.63c529c6157b9dbb,Project,C:/Users/hoseop/AppData/Local/Temp/BNZ.63c529c6157b9dbb/my_vector.h,,0,0,Default task
2023-01-16T19:41:23.109+09:00,Hoseop Shin,KeyEvent,49:49:8,BNZ.63c529c6157b9dbb,Project,C:/Users/hoseop/AppData/Local/Temp/BNZ.63c529c6157b9dbb/my_vector.h,,0,0,Default task
2023-01-16T19:41:32.106+09:00,Hoseop Shin,Action,EditorEnter,082,Editor,C:/Users/hoseop/CLionProjects/082/my_vector.h,,15,38,Default task
2023-01-16T19:41:32.113+09:00,Hoseop Shin,KeyEvent,10:10:0,082,Editor,C:/Users/hoseop/CLionProjects/082/my_vector.h,,16,4,Default task
2023-01-16T19:41:42.152+09:00,Hoseop Shin,KeyEvent,65535:17:2,BNZ.63c529c6157b9dbb,Editor,C:/Users/hoseop/AppData/Local/Temp/BNZ.63c529c6157b9dbb/my_vector.h,,14,4,Default task
2023-01-16T19:41:42.249+09:00,Hoseop Shin,Action,EditorCopy,BNZ.63c529c6157b9dbb,Editor,C:/Users/hoseop/AppData/Local/Temp/BNZ.63c529c6157b9dbb/my_vector.h,,14,4,Default task
2023-01-16T19:41:42.292+09:00,Hoseop Shin,KeyEvent,3:67:2,BNZ.63c529c6157b9dbb,Editor,C:/Users/hoseop/AppData/Local/Temp/BNZ.63c529c6157b9dbb/my_vector.h,,14,4,Default task
2023-01-16T19:41:43.352+09:00,Hoseop Shin,KeyEvent,65535:17:2,082,Editor,C:/Users/hoseop/CLionProjects/082/my_vector.h,,16,4,Default task
2023-01-16T19:41:43.425+09:00,Hoseop Shin,Action,EditorPaste,082,Editor,C:/Users/hoseop/CLionProjects/082/my_vector.h,,16,4,Default task
2023-01-16T19:41:43.468+09:00,Hoseop Shin,KeyEvent,22:86:2,082,Editor,C:/Users/hoseop/CLionProjects/082/my_vector.h,,20,5,Default task
2023-01-16T19:41:49.721+09:00,Hoseop Shin,KeyEvent,65535:17:2,BNZ.63c529c6157b9dbb,Editor,C:/Users/hoseop/AppData/Local/Temp/BNZ.63c529c6157b9dbb/my_vector.h,,20,4,Default task
2023-01-16T19:41:49.822+09:00,Hoseop Shin,Action,EditorCopy,BNZ.63c529c6157b9dbb,Editor,C:/Users/hoseop/AppData/Local/Temp/BNZ.63c529c6157b9dbb/my_vector.h,,20,4,Default task
2023-01-16T19:41:49.830+09:00,Hoseop Shin,KeyEvent,3:67:2,BNZ.63c529c6157b9dbb,Editor,C:/Users/hoseop/AppData/Local/Temp/BNZ.63c529c6157b9dbb/my_vector.h,,20,4,Default task
2023-01-16T19:41:51.635+09:00,Hoseop Shin,Action,EditorEnter,082,Editor,C:/Users/hoseop/CLionProjects/082/my_vector.h,,20,5,Default task
2023-01-16T19:41:51.641+09:00,Hoseop Shin,KeyEvent,10:10:0,082,Editor,C:/Users/hoseop/CLionProjects/082/my_vector.h,,21,4,Default task
2023-01-16T19:41:51.759+09:00,Hoseop Shin,KeyEvent,65535:17:2,082,Editor,C:/Users/hoseop/CLionProjects/082/my_vector.h,,21,4,Default task
2023-01-16T19:41:51.828+09:00,Hoseop Shin,Action,EditorPaste,082,Editor,C:/Users/hoseop/CLionProjects/082/my_vector.h,,21,4,Default task
2023-01-16T19:41:51.858+09:00,Hoseop Shin,KeyEvent,22:86:2,082,Editor,C:/Users/hoseop/CLionProjects/082/my_vector.h,,27,5,Default task
2023-01-16T19:41:58.104+09:00,Hoseop Shin,KeyEvent,65535:17:2,BNZ.63c529c6157b9dbb,Editor,C:/Users/hoseop/AppData/Local/Temp/BNZ.63c529c6157b9dbb/my_vector.h,,28,4,Default task
2023-01-16T19:41:58.191+09:00,Hoseop Shin,Action,EditorCopy,BNZ.63c529c6157b9dbb,Editor,C:/Users/hoseop/AppData/Local/Temp/BNZ.63c529c6157b9dbb/my_vector.h,,28,4,Default task
2023-01-16T19:41:58.225+09:00,Hoseop Shin,KeyEvent,3:67:2,BNZ.63c529c6157b9dbb,Editor,C:/Users/hoseop/AppData/Local/Temp/BNZ.63c529c6157b9dbb/my_vector.h,,28,4,Default task
2023-01-16T19:41:59.876+09:00,Hoseop Shin,Action,EditorEnter,082,Editor,C:/Users/hoseop/CLionProjects/082/my_vector.h,,27,5,Default task
2023-01-16T19:41:59.883+09:00,Hoseop Shin,KeyEvent,10:10:0,082,Editor,C:/Users/hoseop/CLionProjects/082/my_vector.h,,28,4,Default task
2023-01-16T19:42:00.002+09:00,Hoseop Shin,KeyEvent,65535:17:2,082,Editor,C:/Users/hoseop/CLionProjects/082/my_vector.h,,28,4,Default task
2023-01-16T19:42:00.057+09:00,Hoseop Shin,Action,EditorPaste,082,Editor,C:/Users/hoseop/CLionProjects/082/my_vector.h,,28,4,Default task
2023-01-16T19:42:00.122+09:00,Hoseop Shin,KeyEvent,22:86:2,082,Editor,C:/Users/hoseop/CLionProjects/082/my_vector.h,,32,5,Default task
2023-01-16T19:42:03.698+09:00,Hoseop Shin,KeyEvent,65535:17:2,BNZ.63c529c6157b9dbb,Editor,C:/Users/hoseop/AppData/Local/Temp/BNZ.63c529c6157b9dbb/my_vector.h,,34,4,Default task
2023-01-16T19:42:03.775+09:00,Hoseop Shin,Action,EditorCopy,BNZ.63c529c6157b9dbb,Editor,C:/Users/hoseop/AppData/Local/Temp/BNZ.63c529c6157b9dbb/my_vector.h,,34,4,Default task
2023-01-16T19:42:03.783+09:00,Hoseop Shin,KeyEvent,3:67:2,BNZ.63c529c6157b9dbb,Editor,C:/Users/hoseop/AppData/Local/Temp/BNZ.63c529c6157b9dbb/my_vector.h,,34,4,Default task
2023-01-16T19:42:05.106+09:00,Hoseop Shin,Action,EditorEnter,082,Editor,C:/Users/hoseop/CLionProjects/082/my_vector.h,,32,5,Default task
2023-01-16T19:42:05.113+09:00,Hoseop Shin,KeyEvent,10:10:0,082,Editor,C:/Users/hoseop/CLionProjects/082/my_vector.h,,33,4,Default task
2023-01-16T19:42:05.429+09:00,Hoseop Shin,Action,EditorEnter,082,Editor,C:/Users/hoseop/CLionProjects/082/my_vector.h,,33,4,Default task
2023-01-16T19:42:05.434+09:00,Hoseop Shin,KeyEvent,10:10:0,082,Editor,C:/Users/hoseop/CLionProjects/082/my_vector.h,,34,4,Default task
2023-01-16T19:42:05.513+09:00,Hoseop Shin,KeyEvent,65535:17:2,082,Editor,C:/Users/hoseop/CLionProjects/082/my_vector.h,,34,4,Default task
2023-01-16T19:42:05.563+09:00,Hoseop Shin,Action,EditorPaste,082,Editor,C:/Users/hoseop/CLionProjects/082/my_vector.h,,34,4,Default task
2023-01-16T19:42:05.645+09:00,Hoseop Shin,KeyEvent,22:86:2,082,Editor,C:/Users/hoseop/CLionProjects/082/my_vector.h,,36,5,Default task
2023-01-16T19:42:08.716+09:00,Hoseop Shin,KeyEvent,65535:17:2,BNZ.63c529c6157b9dbb,Editor,C:/Users/hoseop/AppData/Local/Temp/BNZ.63c529c6157b9dbb/my_vector.h,,38,4,Default task
2023-01-16T19:42:08.801+09:00,Hoseop Shin,Action,EditorCopy,BNZ.63c529c6157b9dbb,Editor,C:/Users/hoseop/AppData/Local/Temp/BNZ.63c529c6157b9dbb/my_vector.h,,38,4,Default task
2023-01-16T19:42:08.808+09:00,Hoseop Shin,KeyEvent,3:67:2,BNZ.63c529c6157b9dbb,Editor,C:/Users/hoseop/AppData/Local/Temp/BNZ.63c529c6157b9dbb/my_vector.h,,38,4,Default task
2023-01-16T19:42:10.200+09:00,Hoseop Shin,Action,EditorEnter,082,Editor,C:/Users/hoseop/CLionProjects/082/my_vector.h,,36,5,Default task
2023-01-16T19:42:10.207+09:00,Hoseop Shin,KeyEvent,10:10:0,082,Editor,C:/Users/hoseop/CLionProjects/082/my_vector.h,,37,4,Default task
2023-01-16T19:42:10.884+09:00,Hoseop Shin,Action,EditorEnter,082,Editor,C:/Users/hoseop/CLionProjects/082/my_vector.h,,37,4,Default task
2023-01-16T19:42:10.904+09:00,Hoseop Shin,KeyEvent,10:10:0,082,Editor,C:/Users/hoseop/CLionProjects/082/my_vector.h,,38,4,Default task
2023-01-16T19:42:11.026+09:00,Hoseop Shin,KeyEvent,65535:17:2,082,Editor,C:/Users/hoseop/CLionProjects/082/my_vector.h,,38,4,Default task
2023-01-16T19:42:11.083+09:00,Hoseop Shin,Action,EditorPaste,082,Editor,C:/Users/hoseop/CLionProjects/082/my_vector.h,,38,4,Default task
2023-01-16T19:42:11.227+09:00,Hoseop Shin,KeyEvent,22:86:2,082,Editor,C:/Users/hoseop/CLionProjects/082/my_vector.h,,40,5,Default task
2023-01-16T19:42:15.481+09:00,Hoseop Shin,Action,EditorEnter,082,Editor,C:/Users/hoseop/CLionProjects/082/my_vector.h,,21,4,Default task
2023-01-16T19:42:15.498+09:00,Hoseop Shin,KeyEvent,10:10:0,082,Editor,C:/Users/hoseop/CLionProjects/082/my_vector.h,,22,4,Default task
2023-01-16T19:45:57.565+09:00,Hoseop Shin,KeyEvent,65535:18:8,082,Project,C:/Users/hoseop/CLionProjects/082/main.cpp,,11,19,Default task
2023-01-16T19:45:57.657+09:00,Hoseop Shin,Action,ActivateProjectToolWindow,082,Project,C:/Users/hoseop/CLionProjects/082/main.cpp,,11,19,Default task
2023-01-16T19:45:57.665+09:00,Hoseop Shin,KeyEvent,49:49:8,082,Project,C:/Users/hoseop/CLionProjects/082/main.cpp,,11,19,Default task
2023-01-16T19:47:34.342+09:00,Hoseop Shin,Action,EditorLeft,082,Editor,C:/Users/hoseop/CLionProjects/082/my_vector_iterator.h,,15,38,Default task
2023-01-16T19:47:34.345+09:00,Hoseop Shin,KeyEvent,65535:37:0,082,Editor,C:/Users/hoseop/CLionProjects/082/my_vector_iterator.h,,15,37,Default task
2023-01-16T19:47:35.803+09:00,Hoseop Shin,KeyEvent,65535:16:1,082,Editor,C:/Users/hoseop/CLionProjects/082/my_vector_iterator.h,,15,37,Default task
2023-01-16T19:47:35.850+09:00,Hoseop Shin,KeyEvent,123:91:1,082,Editor,C:/Users/hoseop/CLionProjects/082/my_vector_iterator.h,,15,37,Default task
2023-01-16T19:47:37.360+09:00,Hoseop Shin,Action,EditorRight,082,Editor,C:/Users/hoseop/CLionProjects/082/my_vector_iterator.h,,15,38,Default task
2023-01-16T19:47:37.363+09:00,Hoseop Shin,KeyEvent,65535:39:0,082,Editor,C:/Users/hoseop/CLionProjects/082/my_vector_iterator.h,,15,39,Default task
2023-01-16T19:47:37.682+09:00,Hoseop Shin,Action,EditorRight,082,Editor,C:/Users/hoseop/CLionProjects/082/my_vector_iterator.h,,15,39,Default task
2023-01-16T19:47:37.684+09:00,Hoseop Shin,KeyEvent,65535:39:0,082,Editor,C:/Users/hoseop/CLionProjects/082/my_vector_iterator.h,,15,40,Default task
2023-01-16T19:47:38.127+09:00,Hoseop Shin,Action,EditorBackSpace,082,Editor,C:/Users/hoseop/CLionProjects/082/my_vector_iterator.h,,15,40,Default task
2023-01-16T19:47:38.133+09:00,Hoseop Shin,KeyEvent,8:8:0,082,Editor,C:/Users/hoseop/CLionProjects/082/my_vector_iterator.h,,15,39,Default task
2023-01-16T19:47:40.210+09:00,Hoseop Shin,Action,EditorLeft,082,Editor,C:/Users/hoseop/CLionProjects/082/my_vector_iterator.h,,15,39,Default task
2023-01-16T19:47:40.212+09:00,Hoseop Shin,KeyEvent,65535:37:0,082,Editor,C:/Users/hoseop/CLionProjects/082/my_vector_iterator.h,,15,38,Default task
2023-01-16T19:47:40.467+09:00,Hoseop Shin,Action,EditorLeft,082,Editor,C:/Users/hoseop/CLionProjects/082/my_vector_iterator.h,,15,38,Default task
2023-01-16T19:47:40.470+09:00,Hoseop Shin,KeyEvent,65535:37:0,082,Editor,C:/Users/hoseop/CLionProjects/082/my_vector_iterator.h,,15,37,Default task
2023-01-16T19:47:40.774+09:00,Hoseop Shin,Action,EditorLeft,082,Editor,C:/Users/hoseop/CLionProjects/082/my_vector_iterator.h,,15,37,Default task
2023-01-16T19:47:40.776+09:00,Hoseop Shin,KeyEvent,65535:37:0,082,Editor,C:/Users/hoseop/CLionProjects/082/my_vector_iterator.h,,15,36,Default task
2023-01-16T19:47:49.514+09:00,Hoseop Shin,Action,HideAllWindows,082,Editor,C:/Users/hoseop/CLionProjects/082/my_vector_iterator.h,,15,36,Default task
2023-01-16T19:49:34.054+09:00,Hoseop Shin,Action,EditorLeft,082,Editor,C:/Users/hoseop/CLionProjects/082/my_vector_iterator.h,,15,38,Default task
2023-01-16T19:49:34.056+09:00,Hoseop Shin,KeyEvent,65535:37:0,082,Editor,C:/Users/hoseop/CLionProjects/082/my_vector_iterator.h,,15,37,Default task
2023-01-16T19:49:35.276+09:00,Hoseop Shin,KeyEvent,65535:16:1,082,Editor,C:/Users/hoseop/CLionProjects/082/my_vector_iterator.h,,15,37,Default task
2023-01-16T19:49:35.348+09:00,Hoseop Shin,KeyEvent,58:59:1,082,Editor,C:/Users/hoseop/CLionProjects/082/my_vector_iterator.h,,15,37,Default task
2023-01-16T19:49:35.468+09:00,Hoseop Shin,KeyEvent,32:32:0,082,Editor,C:/Users/hoseop/CLionProjects/082/my_vector_iterator.h,,15,38,Default task
2023-01-16T19:49:50.162+09:00,Hoseop Shin,KeyEvent,65535:16:1,082,Editor,C:/Users/hoseop/CLionProjects/082/my_vector_iterator.h,,15,39,Default task
2023-01-16T19:49:50.239+09:00,Hoseop Shin,KeyEvent,95:45:1,082,Editor,C:/Users/hoseop/CLionProjects/082/my_vector_iterator.h,,15,39,Default task
2023-01-16T19:49:50.486+09:00,Hoseop Shin,KeyEvent,101:69:0,082,Editor,C:/Users/hoseop/CLionProjects/082/my_vector_iterator.h,,15,40,Default task
2023-01-16T19:49:54.536+09:00,Hoseop Shin,KeyEvent,65535:16:1,082,Editor,C:/Users/hoseop/CLionProjects/082/my_vector_iterator.h,,15,41,Default task
2023-01-16T19:49:54.618+09:00,Hoseop Shin,KeyEvent,40:57:1,082,Editor,C:/Users/hoseop/CLionProjects/082/my_vector_iterator.h,,15,41,Default task
2023-01-16T19:49:54.801+09:00,Hoseop Shin,KeyEvent,101:69:0,082,Editor,C:/Users/hoseop/CLionProjects/082/my_vector_iterator.h,,15,42,Default task
2023-01-16T19:49:56.850+09:00,Hoseop Shin,Action,EditorRight,082,Editor,C:/Users/hoseop/CLionProjects/082/my_vector_iterator.h,,15,43,Default task
2023-01-16T19:49:56.857+09:00,Hoseop Shin,KeyEvent,65535:39:0,082,Editor,C:/Users/hoseop/CLionProjects/082/my_vector_iterator.h,,15,44,Default task
2023-01-16T19:49:56.971+09:00,Hoseop Shin,KeyEvent,32:32:0,082,Editor,C:/Users/hoseop/CLionProjects/082/my_vector_iterator.h,,15,44,Default task
2023-01-16T19:50:38.857+09:00,Hoseop Shin,KeyEvent,65535:18:8,082,Editor,C:/Users/hoseop/CLionProjects/082/my_vector.h,,43,17,Default task
2023-01-16T19:50:38.983+09:00,Hoseop Shin,Action,ShowIntentionActions,082,Editor,C:/Users/hoseop/CLionProjects/082/my_vector.h,,43,17,Default task
2023-01-16T19:50:39.019+09:00,Hoseop Shin,KeyEvent,10:10:8,082,Editor,C:/Users/hoseop/CLionProjects/082/my_vector.h,,44,17,Default task
2023-01-16T19:51:35.399+09:00,Hoseop Shin,KeyEvent,65535:16:1,082,Editor,C:/Users/hoseop/CLionProjects/082/my_vector_iterator.h,,15,45,Default task
2023-01-16T19:51:35.531+09:00,Hoseop Shin,Action,Run,082,Editor,C:/Users/hoseop/CLionProjects/082/my_vector_iterator.h,,15,45,Default task
2023-01-16T19:51:35.538+09:00,Hoseop Shin,KeyEvent,65535:121:1,082,Editor,C:/Users/hoseop/CLionProjects/082/my_vector_iterator.h,,15,45,Default task
2023-01-16T19:57:35.544+09:00,Hoseop Shin,Action,EditorEnter,082,Editor,C:/Users/hoseop/CLionProjects/082/my_vector_iterator.h,,30,5,Default task
2023-01-16T19:57:35.550+09:00,Hoseop Shin,KeyEvent,10:10:0,082,Editor,C:/Users/hoseop/CLionProjects/082/my_vector_iterator.h,,31,4,Default task
2023-01-16T19:57:36.002+09:00,Hoseop Shin,Action,EditorEnter,082,Editor,C:/Users/hoseop/CLionProjects/082/my_vector_iterator.h,,31,4,Default task
2023-01-16T19:57:36.012+09:00,Hoseop Shin,KeyEvent,10:10:0,082,Editor,C:/Users/hoseop/CLionProjects/082/my_vector_iterator.h,,32,4,Default task
2023-01-16T19:57:36.583+09:00,Hoseop Shin,KeyEvent,109:77:0,082,Editor,C:/Users/hoseop/CLionProjects/082/my_vector_iterator.h,,32,4,Default task
2023-01-16T19:57:36.840+09:00,Hoseop Shin,KeyEvent,121:89:0,082,Editor,C:/Users/hoseop/CLionProjects/082/my_vector_iterator.h,,32,5,Default task
2023-01-16T19:57:37.631+09:00,Hoseop Shin,KeyEvent,65535:16:1,082,Editor,C:/Users/hoseop/CLionProjects/082/my_vector_iterator.h,,32,6,Default task
2023-01-16T19:57:37.676+09:00,Hoseop Shin,KeyEvent,95:45:1,082,Editor,C:/Users/hoseop/CLionProjects/082/my_vector_iterator.h,,32,6,Default task
2023-01-16T19:57:37.940+09:00,Hoseop Shin,KeyEvent,118:86:0,082,Editor,C:/Users/hoseop/CLionProjects/082/my_vector_iterator.h,,32,7,Default task
2023-01-16T19:57:38.113+09:00,Hoseop Shin,KeyEvent,101:69:0,082,Editor,C:/Users/hoseop/CLionProjects/082/my_vector_iterator.h,,32,8,Default task
2023-01-16T19:57:38.479+09:00,Hoseop Shin,KeyEvent,116:84:0,082,Editor,C:/Users/hoseop/CLionProjects/082/my_vector_iterator.h,,32,9,Default task
2023-01-16T19:57:39.072+09:00,Hoseop Shin,Action,EditorBackSpace,082,Editor,C:/Users/hoseop/CLionProjects/082/my_vector_iterator.h,,32,10,Default task
2023-01-16T19:57:39.082+09:00,Hoseop Shin,KeyEvent,8:8:0,082,Editor,C:/Users/hoseop/CLionProjects/082/my_vector_iterator.h,,32,9,Default task
2023-01-16T19:57:39.392+09:00,Hoseop Shin,KeyEvent,99:67:0,082,Editor,C:/Users/hoseop/CLionProjects/082/my_vector_iterator.h,,32,9,Default task
2023-01-16T19:57:39.673+09:00,Hoseop Shin,KeyEvent,111:79:0,082,Editor,C:/Users/hoseop/CLionProjects/082/my_vector_iterator.h,,32,10,Default task
2023-01-16T19:57:40.369+09:00,Hoseop Shin,Action,EditorBackSpace,082,Editor,C:/Users/hoseop/CLionProjects/082/my_vector_iterator.h,,32,11,Default task
2023-01-16T19:57:40.375+09:00,Hoseop Shin,KeyEvent,8:8:0,082,Editor,C:/Users/hoseop/CLionProjects/082/my_vector_iterator.h,,32,10,Default task
2023-01-16T19:57:40.486+09:00,Hoseop Shin,KeyEvent,116:84:0,082,Editor,C:/Users/hoseop/CLionProjects/082/my_vector_iterator.h,,32,10,Default task
2023-01-16T19:57:40.629+09:00,Hoseop Shin,KeyEvent,111:79:0,082,Editor,C:/Users/hoseop/CLionProjects/082/my_vector_iterator.h,,32,11,Default task
2023-01-16T19:57:40.697+09:00,Hoseop Shin,KeyEvent,114:82:0,082,Editor,C:/Users/hoseop/CLionProjects/082/my_vector_iterator.h,,32,12,Default task
2023-01-16T19:57:43.497+09:00,Hoseop Shin,KeyEvent,65535:16:1,082,Editor,C:/Users/hoseop/CLionProjects/082/my_vector_iterator.h,,32,13,Default task
2023-01-16T19:57:43.573+09:00,Hoseop Shin,KeyEvent,95:45:1,082,Editor,C:/Users/hoseop/CLionProjects/082/my_vector_iterator.h,,32,13,Default task
2023-01-16T19:58:02.084+09:00,Hoseop Shin,Action,EditorBackSpace,082,Editor,C:/Users/hoseop/CLionProjects/082/my_vector.h,,11,0,Default task
2023-01-16T19:58:02.088+09:00,Hoseop Shin,KeyEvent,8:8:0,082,Editor,C:/Users/hoseop/CLionProjects/082/my_vector.h,,11,0,Default task
2023-01-16T19:58:02.226+09:00,Hoseop Shin,Action,EditorBackSpace,082,Editor,C:/Users/hoseop/CLionProjects/082/my_vector.h,,11,0,Default task
2023-01-16T19:58:02.237+09:00,Hoseop Shin,KeyEvent,8:8:0,082,Editor,C:/Users/hoseop/CLionProjects/082/my_vector.h,,10,17,Default task
2023-01-16T19:58:51.357+09:00,Hoseop Shin,Action,EditorLineStart,082,Editor,C:/Users/hoseop/CLionProjects/082/my_vector_iterator.h,,32,6,Default task
2023-01-16T19:58:51.359+09:00,Hoseop Shin,KeyEvent,65535:36:0,082,Editor,C:/Users/hoseop/CLionProjects/082/my_vector_iterator.h,,32,4,Default task
2023-01-16T19:58:51.918+09:00,Hoseop Shin,KeyEvent,102:70:0,082,Editor,C:/Users/hoseop/CLionProjects/082/my_vector_iterator.h,,32,4,Default task
2023-01-16T19:58:52.082+09:00,Hoseop Shin,KeyEvent,114:82:0,082,Editor,C:/Users/hoseop/CLionProjects/082/my_vector_iterator.h,,32,5,Default task
2023-01-16T19:58:52.252+09:00,Hoseop Shin,KeyEvent,105:73:0,082,Editor,C:/Users/hoseop/CLionProjects/082/my_vector_iterator.h,,32,6,Default task
2023-01-16T19:58:52.360+09:00,Hoseop Shin,KeyEvent,101:69:0,082,Editor,C:/Users/hoseop/CLionProjects/082/my_vector_iterator.h,,32,7,Default task
2023-01-16T19:58:52.672+09:00,Hoseop Shin,KeyEvent,99:67:0,082,Editor,C:/Users/hoseop/CLionProjects/082/my_vector_iterator.h,,32,8,Default task
2023-01-16T19:58:53.093+09:00,Hoseop Shin,Action,EditorBackSpace,082,Editor,C:/Users/hoseop/CLionProjects/082/my_vector_iterator.h,,32,9,Default task
2023-01-16T19:58:53.097+09:00,Hoseop Shin,KeyEvent,8:8:0,082,Editor,C:/Users/hoseop/CLionProjects/082/my_vector_iterator.h,,32,8,Default task
2023-01-16T19:58:53.267+09:00,Hoseop Shin,KeyEvent,110:78:0,082,Editor,C:/Users/hoseop/CLionProjects/082/my_vector_iterator.h,,32,8,Default task
2023-01-16T19:58:53.368+09:00,Hoseop Shin,KeyEvent,100:68:0,082,Editor,C:/Users/hoseop/CLionProjects/082/my_vector_iterator.h,,32,9,Default task
2023-01-16T19:58:53.501+09:00,Hoseop Shin,KeyEvent,32:32:0,082,Editor,C:/Users/hoseop/CLionProjects/082/my_vector_iterator.h,,32,10,Default task
2023-01-16T19:58:54.351+09:00,Hoseop Shin,Action,EditorLineEnd,082,Editor,C:/Users/hoseop/CLionProjects/082/my_vector_iterator.h,,32,11,Default task
2023-01-16T19:58:54.353+09:00,Hoseop Shin,KeyEvent,65535:35:0,082,Editor,C:/Users/hoseop/CLionProjects/082/my_vector_iterator.h,,32,21,Default task
2023-01-16T19:58:58.421+09:00,Hoseop Shin,KeyEvent,105:73:0,082,Editor,C:/Users/hoseop/CLionProjects/082/my_vector_iterator.h,,32,21,Default task
2023-01-16T19:58:58.632+09:00,Hoseop Shin,KeyEvent,116:84:0,082,Editor,C:/Users/hoseop/CLionProjects/082/my_vector_iterator.h,,32,22,Default task
2023-01-16T19:58:58.838+09:00,Hoseop Shin,KeyEvent,101:69:0,082,Editor,C:/Users/hoseop/CLionProjects/082/my_vector_iterator.h,,32,23,Default task
2023-01-16T19:58:58.897+09:00,Hoseop Shin,KeyEvent,114:82:0,082,Editor,C:/Users/hoseop/CLionProjects/082/my_vector_iterator.h,,32,24,Default task
2023-01-16T19:58:59.324+09:00,Hoseop Shin,KeyEvent,97:65:0,082,Editor,C:/Users/hoseop/CLionProjects/082/my_vector_iterator.h,,32,25,Default task
2023-01-16T19:59:00.031+09:00,Hoseop Shin,KeyEvent,111:79:0,082,Editor,C:/Users/hoseop/CLionProjects/082/my_vector_iterator.h,,32,26,Default task
2023-01-16T19:59:00.143+09:00,Hoseop Shin,KeyEvent,116:84:0,082,Editor,C:/Users/hoseop/CLionProjects/082/my_vector_iterator.h,,32,27,Default task
2023-01-16T19:59:00.716+09:00,Hoseop Shin,Action,EditorBackSpace,082,Editor,C:/Users/hoseop/CLionProjects/082/my_vector_iterator.h,,32,28,Default task
2023-01-16T19:59:00.723+09:00,Hoseop Shin,KeyEvent,8:8:0,082,Editor,C:/Users/hoseop/CLionProjects/082/my_vector_iterator.h,,32,27,Default task
2023-01-16T19:59:00.814+09:00,Hoseop Shin,Action,EditorBackSpace,082,Editor,C:/Users/hoseop/CLionProjects/082/my_vector_iterator.h,,32,27,Default task
2023-01-16T19:59:00.826+09:00,Hoseop Shin,KeyEvent,8:8:0,082,Editor,C:/Users/hoseop/CLionProjects/082/my_vector_iterator.h,,32,26,Default task
2023-01-16T19:59:01.221+09:00,Hoseop Shin,Action,EditorBackSpace,082,Editor,C:/Users/hoseop/CLionProjects/082/my_vector_iterator.h,,32,26,Default task
2023-01-16T19:59:01.239+09:00,Hoseop Shin,KeyEvent,8:8:0,082,Editor,C:/Users/hoseop/CLionProjects/082/my_vector_iterator.h,,32,25,Default task
2023-01-16T19:59:02.040+09:00,Hoseop Shin,KeyEvent,97:65:0,082,Editor,C:/Users/hoseop/CLionProjects/082/my_vector_iterator.h,,32,25,Default task
2023-01-16T19:59:02.285+09:00,Hoseop Shin,KeyEvent,111:79:0,082,Editor,C:/Users/hoseop/CLionProjects/082/my_vector_iterator.h,,32,26,Default task
2023-01-16T19:59:02.895+09:00,Hoseop Shin,Action,EditorBackSpace,082,Editor,C:/Users/hoseop/CLionProjects/082/my_vector_iterator.h,,32,27,Default task
2023-01-16T19:59:02.902+09:00,Hoseop Shin,KeyEvent,8:8:0,082,Editor,C:/Users/hoseop/CLionProjects/082/my_vector_iterator.h,,32,26,Default task
2023-01-16T19:59:03.000+09:00,Hoseop Shin,KeyEvent,116:84:0,082,Editor,C:/Users/hoseop/CLionProjects/082/my_vector_iterator.h,,32,26,Default task
2023-01-16T19:59:03.108+09:00,Hoseop Shin,KeyEvent,111:79:0,082,Editor,C:/Users/hoseop/CLionProjects/082/my_vector_iterator.h,,32,27,Default task
2023-01-16T19:59:03.225+09:00,Hoseop Shin,KeyEvent,114:82:0,082,Editor,C:/Users/hoseop/CLionProjects/082/my_vector_iterator.h,,32,28,Default task
2023-01-16T19:59:08.459+09:00,Hoseop Shin,KeyEvent,65535:16:1,082,Editor,C:/Users/hoseop/CLionProjects/082/my_vector_iterator.h,,32,29,Default task
2023-01-16T19:59:08.534+09:00,Hoseop Shin,KeyEvent,60:44:1,082,Editor,C:/Users/hoseop/CLionProjects/082/my_vector_iterator.h,,32,29,Default task
2023-01-16T19:59:08.684+09:00,Hoseop Shin,KeyEvent,116:84:0,082,Editor,C:/Users/hoseop/CLionProjects/082/my_vector_iterator.h,,32,30,Default task
2023-01-16T19:59:09.726+09:00,Hoseop Shin,Action,EditorBackSpace,082,Editor,C:/Users/hoseop/CLionProjects/082/my_vector_iterator.h,,32,31,Default task
2023-01-16T19:59:09.736+09:00,Hoseop Shin,KeyEvent,8:8:0,082,Editor,C:/Users/hoseop/CLionProjects/082/my_vector_iterator.h,,32,30,Default task
2023-01-16T19:59:09.784+09:00,Hoseop Shin,KeyEvent,65535:20:0,082,Editor,C:/Users/hoseop/CLionProjects/082/my_vector_iterator.h,,32,30,Default task
2023-01-16T19:59:09.935+09:00,Hoseop Shin,KeyEvent,84:84:0,082,Editor,C:/Users/hoseop/CLionProjects/082/my_vector_iterator.h,,32,30,Default task
2023-01-16T19:59:10.016+09:00,Hoseop Shin,KeyEvent,65535:20:0,082,Editor,C:/Users/hoseop/CLionProjects/082/my_vector_iterator.h,,32,31,Default task
2023-01-16T19:59:10.550+09:00,Hoseop Shin,KeyEvent,65535:16:1,082,Editor,C:/Users/hoseop/CLionProjects/082/my_vector_iterator.h,,32,31,Default task
2023-01-16T19:59:10.613+09:00,Hoseop Shin,KeyEvent,62:46:1,082,Editor,C:/Users/hoseop/CLionProjects/082/my_vector_iterator.h,,32,31,Default task
2023-01-16T19:59:10.965+09:00,Hoseop Shin,KeyEvent,32:32:0,082,Editor,C:/Users/hoseop/CLionProjects/082/my_vector_iterator.h,,32,32,Default task
2023-01-16T19:59:14.350+09:00,Hoseop Shin,KeyEvent,98:66:0,082,Editor,C:/Users/hoseop/CLionProjects/082/my_vector_iterator.h,,32,33,Default task
2023-01-16T19:59:14.534+09:00,Hoseop Shin,KeyEvent,101:69:0,082,Editor,C:/Users/hoseop/CLionProjects/082/my_vector_iterator.h,,32,34,Default task
2023-01-16T19:59:15.400+09:00,Hoseop Shin,KeyEvent,103:71:0,082,Editor,C:/Users/hoseop/CLionProjects/082/my_vector_iterator.h,,32,35,Default task
2023-01-16T19:59:15.485+09:00,Hoseop Shin,KeyEvent,105:73:0,082,Editor,C:/Users/hoseop/CLionProjects/082/my_vector_iterator.h,,32,36,Default task
2023-01-16T19:59:15.690+09:00,Hoseop Shin,KeyEvent,110:78:0,082,Editor,C:/Users/hoseop/CLionProjects/082/my_vector_iterator.h,,32,37,Default task
2023-01-16T19:59:16.286+09:00,Hoseop Shin,KeyEvent,65535:16:1,082,Editor,C:/Users/hoseop/CLionProjects/082/my_vector_iterator.h,,32,38,Default task
2023-01-16T19:59:16.340+09:00,Hoseop Shin,KeyEvent,40:57:1,082,Editor,C:/Users/hoseop/CLionProjects/082/my_vector_iterator.h,,32,38,Default task
2023-01-16T19:59:17.018+09:00,Hoseop Shin,Action,EditorRight,082,Editor,C:/Users/hoseop/CLionProjects/082/my_vector_iterator.h,,32,39,Default task
2023-01-16T19:59:17.020+09:00,Hoseop Shin,KeyEvent,65535:39:0,082,Editor,C:/Users/hoseop/CLionProjects/082/my_vector_iterator.h,,32,40,Default task
2023-01-16T19:59:18.388+09:00,Hoseop Shin,KeyEvent,59:59:0,082,Editor,C:/Users/hoseop/CLionProjects/082/my_vector_iterator.h,,32,40,Default task
2023-01-16T19:59:24.754+09:00,Hoseop Shin,Action,HideAllWindows,082,Editor,C:/Users/hoseop/CLionProjects/082/my_vector_iterator.h,,32,41,Default task
2023-01-16T19:59:26.601+09:00,Hoseop Shin,KeyEvent,65535:17:2,082,Editor,C:/Users/hoseop/CLionProjects/082/my_vector_iterator.h,,32,41,Default task
2023-01-16T19:59:26.688+09:00,Hoseop Shin,Action,EditorDuplicate,082,Editor,C:/Users/hoseop/CLionProjects/082/my_vector_iterator.h,,32,41,Default task
2023-01-16T19:59:26.695+09:00,Hoseop Shin,KeyEvent,4:68:2,082,Editor,C:/Users/hoseop/CLionProjects/082/my_vector_iterator.h,,33,41,Default task
2023-01-16T19:59:28.417+09:00,Hoseop Shin,Action,EditorBackSpace,082,Editor,C:/Users/hoseop/CLionProjects/082/my_vector_iterator.h,,33,38,Default task
2023-01-16T19:59:28.433+09:00,Hoseop Shin,KeyEvent,8:8:0,082,Editor,C:/Users/hoseop/CLionProjects/082/my_vector_iterator.h,,33,33,Default task
2023-01-16T19:59:28.573+09:00,Hoseop Shin,Action,EditorBackSpace,082,Editor,C:/Users/hoseop/CLionProjects/082/my_vector_iterator.h,,33,33,Default task
2023-01-16T19:59:28.589+09:00,Hoseop Shin,KeyEvent,8:8:0,082,Editor,C:/Users/hoseop/CLionProjects/082/my_vector_iterator.h,,33,32,Default task
2023-01-16T19:59:28.715+09:00,Hoseop Shin,Action,EditorBackSpace,082,Editor,C:/Users/hoseop/CLionProjects/082/my_vector_iterator.h,,33,32,Default task
2023-01-16T19:59:28.729+09:00,Hoseop Shin,KeyEvent,8:8:0,082,Editor,C:/Users/hoseop/CLionProjects/082/my_vector_iterator.h,,33,31,Default task
2023-01-16T19:59:29.580+09:00,Hoseop Shin,KeyEvent,65535:16:1,082,Editor,C:/Users/hoseop/CLionProjects/082/my_vector_iterator.h,,33,31,Default task
2023-01-16T19:59:29.712+09:00,Hoseop Shin,KeyEvent,62:46:1,082,Editor,C:/Users/hoseop/CLionProjects/082/my_vector_iterator.h,,33,31,Default task
2023-01-16T19:59:29.919+09:00,Hoseop Shin,KeyEvent,32:32:0,082,Editor,C:/Users/hoseop/CLionProjects/082/my_vector_iterator.h,,33,32,Default task
2023-01-16T19:59:30.319+09:00,Hoseop Shin,KeyEvent,101:69:0,082,Editor,C:/Users/hoseop/CLionProjects/082/my_vector_iterator.h,,33,33,Default task
2023-01-16T19:59:30.426+09:00,Hoseop Shin,KeyEvent,110:78:0,082,Editor,C:/Users/hoseop/CLionProjects/082/my_vector_iterator.h,,33,34,Default task
2023-01-16T19:59:30.534+09:00,Hoseop Shin,KeyEvent,100:68:0,082,Editor,C:/Users/hoseop/CLionProjects/082/my_vector_iterator.h,,33,35,Default task
2023-01-16T19:59:36.826+09:00,Hoseop Shin,Action,HideAllWindows,082,Editor,C:/Users/hoseop/CLionProjects/082/my_vector_iterator.h,,33,36,Default task
2023-01-16T19:59:44.159+09:00,Hoseop Shin,Action,HideAllWindows,082,Editor,C:/Users/hoseop/CLionProjects/082/my_vector_iterator.h,,33,36,Default task
2023-01-16T19:59:57.353+09:00,Hoseop Shin,KeyEvent,65535:18:8,082,Editor,C:/Users/hoseop/CLionProjects/082/my_vector_iterator.h,,33,29,Default task
2023-01-16T19:59:57.504+09:00,Hoseop Shin,KeyEvent,10:10:8,082,Editor,C:/Users/hoseop/CLionProjects/082/my_vector_iterator.h,,32,4,Default task
2023-01-16T20:00:05.592+09:00,Hoseop Shin,Action,EditorBackSpace,082,Editor,C:/Users/hoseop/CLionProjects/082/my_vector_iterator.h,,32,11,Default task
2023-01-16T20:00:05.598+09:00,Hoseop Shin,KeyEvent,8:8:0,082,Editor,C:/Users/hoseop/CLionProjects/082/my_vector_iterator.h,,32,10,Default task
2023-01-16T20:00:05.920+09:00,Hoseop Shin,Action,EditorBackSpace,082,Editor,C:/Users/hoseop/CLionProjects/082/my_vector_iterator.h,,32,10,Default task
2023-01-16T20:00:05.937+09:00,Hoseop Shin,KeyEvent,8:8:0,082,Editor,C:/Users/hoseop/CLionProjects/082/my_vector_iterator.h,,32,9,Default task
2023-01-16T20:00:06.080+09:00,Hoseop Shin,Action,EditorBackSpace,082,Editor,C:/Users/hoseop/CLionProjects/082/my_vector_iterator.h,,32,9,Default task
2023-01-16T20:00:06.092+09:00,Hoseop Shin,KeyEvent,8:8:0,082,Editor,C:/Users/hoseop/CLionProjects/082/my_vector_iterator.h,,32,8,Default task
2023-01-16T20:00:06.234+09:00,Hoseop Shin,Action,EditorBackSpace,082,Editor,C:/Users/hoseop/CLionProjects/082/my_vector_iterator.h,,32,8,Default task
2023-01-16T20:00:06.247+09:00,Hoseop Shin,KeyEvent,8:8:0,082,Editor,C:/Users/hoseop/CLionProjects/082/my_vector_iterator.h,,32,7,Default task
2023-01-16T20:00:06.429+09:00,Hoseop Shin,Action,EditorBackSpace,082,Editor,C:/Users/hoseop/CLionProjects/082/my_vector_iterator.h,,32,7,Default task
2023-01-16T20:00:06.435+09:00,Hoseop Shin,KeyEvent,8:8:0,082,Editor,C:/Users/hoseop/CLionProjects/082/my_vector_iterator.h,,32,6,Default task
2023-01-16T20:00:06.604+09:00,Hoseop Shin,Action,EditorBackSpace,082,Editor,C:/Users/hoseop/CLionProjects/082/my_vector_iterator.h,,32,6,Default task
2023-01-16T20:00:06.620+09:00,Hoseop Shin,KeyEvent,8:8:0,082,Editor,C:/Users/hoseop/CLionProjects/082/my_vector_iterator.h,,32,5,Default task
2023-01-16T20:00:06.813+09:00,Hoseop Shin,Action,EditorBackSpace,082,Editor,C:/Users/hoseop/CLionProjects/082/my_vector_iterator.h,,32,5,Default task
2023-01-16T20:00:06.818+09:00,Hoseop Shin,KeyEvent,8:8:0,082,Editor,C:/Users/hoseop/CLionProjects/082/my_vector_iterator.h,,32,4,Default task
2023-01-16T20:00:07.384+09:00,Hoseop Shin,Action,EditorDown,082,Editor,C:/Users/hoseop/CLionProjects/082/my_vector_iterator.h,,32,4,Default task
2023-01-16T20:00:07.387+09:00,Hoseop Shin,KeyEvent,65535:40:0,082,Editor,C:/Users/hoseop/CLionProjects/082/my_vector_iterator.h,,33,4,Default task
2023-01-16T20:00:07.541+09:00,Hoseop Shin,Action,EditorRight,082,Editor,C:/Users/hoseop/CLionProjects/082/my_vector_iterator.h,,33,4,Default task
2023-01-16T20:00:07.543+09:00,Hoseop Shin,KeyEvent,65535:39:0,082,Editor,C:/Users/hoseop/CLionProjects/082/my_vector_iterator.h,,33,5,Default task
2023-01-16T20:00:08.089+09:00,Hoseop Shin,Action,EditorRight,082,Editor,C:/Users/hoseop/CLionProjects/082/my_vector_iterator.h,,33,5,Default task
2023-01-16T20:00:08.091+09:00,Hoseop Shin,KeyEvent,65535:39:0,082,Editor,C:/Users/hoseop/CLionProjects/082/my_vector_iterator.h,,33,6,Default task
2023-01-16T20:00:08.105+09:00,Hoseop Shin,Action,EditorRight,082,Editor,C:/Users/hoseop/CLionProjects/082/my_vector_iterator.h,,33,6,Default task
2023-01-16T20:00:08.107+09:00,Hoseop Shin,KeyEvent,65535:39:0,082,Editor,C:/Users/hoseop/CLionProjects/082/my_vector_iterator.h,,33,7,Default task
2023-01-16T20:00:08.137+09:00,Hoseop Shin,Action,EditorRight,082,Editor,C:/Users/hoseop/CLionProjects/082/my_vector_iterator.h,,33,7,Default task
2023-01-16T20:00:08.139+09:00,Hoseop Shin,KeyEvent,65535:39:0,082,Editor,C:/Users/hoseop/CLionProjects/082/my_vector_iterator.h,,33,8,Default task
2023-01-16T20:00:08.168+09:00,Hoseop Shin,Action,EditorRight,082,Editor,C:/Users/hoseop/CLionProjects/082/my_vector_iterator.h,,33,8,Default task
2023-01-16T20:00:08.170+09:00,Hoseop Shin,KeyEvent,65535:39:0,082,Editor,C:/Users/hoseop/CLionProjects/082/my_vector_iterator.h,,33,9,Default task
2023-01-16T20:00:08.201+09:00,Hoseop Shin,Action,EditorRight,082,Editor,C:/Users/hoseop/CLionProjects/082/my_vector_iterator.h,,33,9,Default task
2023-01-16T20:00:08.203+09:00,Hoseop Shin,KeyEvent,65535:39:0,082,Editor,C:/Users/hoseop/CLionProjects/082/my_vector_iterator.h,,33,10,Default task
2023-01-16T20:00:08.231+09:00,Hoseop Shin,Action,EditorRight,082,Editor,C:/Users/hoseop/CLionProjects/082/my_vector_iterator.h,,33,10,Default task
2023-01-16T20:00:08.234+09:00,Hoseop Shin,KeyEvent,65535:39:0,082,Editor,C:/Users/hoseop/CLionProjects/082/my_vector_iterator.h,,33,11,Default task
2023-01-16T20:00:08.886+09:00,Hoseop Shin,Action,EditorBackSpace,082,Editor,C:/Users/hoseop/CLionProjects/082/my_vector_iterator.h,,33,11,Default task
2023-01-16T20:00:08.890+09:00,Hoseop Shin,KeyEvent,8:8:0,082,Editor,C:/Users/hoseop/CLionProjects/082/my_vector_iterator.h,,33,10,Default task
2023-01-16T20:00:09.048+09:00,Hoseop Shin,Action,EditorBackSpace,082,Editor,C:/Users/hoseop/CLionProjects/082/my_vector_iterator.h,,33,10,Default task
2023-01-16T20:00:09.059+09:00,Hoseop Shin,KeyEvent,8:8:0,082,Editor,C:/Users/hoseop/CLionProjects/082/my_vector_iterator.h,,33,9,Default task
2023-01-16T20:00:09.223+09:00,Hoseop Shin,Action,EditorBackSpace,082,Editor,C:/Users/hoseop/CLionProjects/082/my_vector_iterator.h,,33,9,Default task
2023-01-16T20:00:09.230+09:00,Hoseop Shin,KeyEvent,8:8:0,082,Editor,C:/Users/hoseop/CLionProjects/082/my_vector_iterator.h,,33,8,Default task
2023-01-16T20:00:09.566+09:00,Hoseop Shin,Action,EditorBackSpace,082,Editor,C:/Users/hoseop/CLionProjects/082/my_vector_iterator.h,,33,8,Default task
2023-01-16T20:00:09.571+09:00,Hoseop Shin,KeyEvent,8:8:0,082,Editor,C:/Users/hoseop/CLionProjects/082/my_vector_iterator.h,,33,7,Default task
2023-01-16T20:00:09.718+09:00,Hoseop Shin,Action,EditorBackSpace,082,Editor,C:/Users/hoseop/CLionProjects/082/my_vector_iterator.h,,33,7,Default task
2023-01-16T20:00:09.727+09:00,Hoseop Shin,KeyEvent,8:8:0,082,Editor,C:/Users/hoseop/CLionProjects/082/my_vector_iterator.h,,33,6,Default task
2023-01-16T20:00:09.872+09:00,Hoseop Shin,Action,EditorBackSpace,082,Editor,C:/Users/hoseop/CLionProjects/082/my_vector_iterator.h,,33,6,Default task
2023-01-16T20:00:09.882+09:00,Hoseop Shin,KeyEvent,8:8:0,082,Editor,C:/Users/hoseop/CLionProjects/082/my_vector_iterator.h,,33,5,Default task
2023-01-16T20:00:10.066+09:00,Hoseop Shin,Action,EditorBackSpace,082,Editor,C:/Users/hoseop/CLionProjects/082/my_vector_iterator.h,,33,5,Default task
2023-01-16T20:00:10.086+09:00,Hoseop Shin,KeyEvent,8:8:0,082,Editor,C:/Users/hoseop/CLionProjects/082/my_vector_iterator.h,,33,4,Default task
2023-01-16T20:03:44.519+09:00,Hoseop Shin,KeyEvent,102:70:0,082,Editor,C:/Users/hoseop/CLionProjects/082/my_vector_iterator.h,,32,4,Default task
2023-01-16T20:03:45.000+09:00,Hoseop Shin,KeyEvent,114:82:0,082,Editor,C:/Users/hoseop/CLionProjects/082/my_vector_iterator.h,,32,5,Default task
2023-01-16T20:03:45.298+09:00,Hoseop Shin,KeyEvent,105:73:0,082,Editor,C:/Users/hoseop/CLionProjects/082/my_vector_iterator.h,,32,6,Default task
2023-01-16T20:03:45.807+09:00,Hoseop Shin,KeyEvent,101:69:0,082,Editor,C:/Users/hoseop/CLionProjects/082/my_vector_iterator.h,,32,7,Default task
2023-01-16T20:03:46.008+09:00,Hoseop Shin,KeyEvent,110:78:0,082,Editor,C:/Users/hoseop/CLionProjects/082/my_vector_iterator.h,,32,8,Default task
2023-01-16T20:03:46.142+09:00,Hoseop Shin,KeyEvent,100:68:0,082,Editor,C:/Users/hoseop/CLionProjects/082/my_vector_iterator.h,,32,9,Default task
2023-01-16T20:03:46.624+09:00,Hoseop Shin,KeyEvent,32:32:0,082,Editor,C:/Users/hoseop/CLionProjects/082/my_vector_iterator.h,,32,10,Default task
2023-01-16T20:03:47.395+09:00,Hoseop Shin,Action,EditorDown,082,Editor,C:/Users/hoseop/CLionProjects/082/my_vector_iterator.h,,32,11,Default task
2023-01-16T20:03:47.397+09:00,Hoseop Shin,KeyEvent,65535:40:0,082,Editor,C:/Users/hoseop/CLionProjects/082/my_vector_iterator.h,,33,11,Default task
2023-01-16T20:03:47.734+09:00,Hoseop Shin,Action,EditorLineStart,082,Editor,C:/Users/hoseop/CLionProjects/082/my_vector_iterator.h,,33,11,Default task
2023-01-16T20:03:47.736+09:00,Hoseop Shin,KeyEvent,65535:36:0,082,Editor,C:/Users/hoseop/CLionProjects/082/my_vector_iterator.h,,33,4,Default task
2023-01-16T20:03:48.125+09:00,Hoseop Shin,KeyEvent,102:70:0,082,Editor,C:/Users/hoseop/CLionProjects/082/my_vector_iterator.h,,33,4,Default task
2023-01-16T20:03:48.313+09:00,Hoseop Shin,KeyEvent,114:82:0,082,Editor,C:/Users/hoseop/CLionProjects/082/my_vector_iterator.h,,33,5,Default task
2023-01-16T20:03:48.491+09:00,Hoseop Shin,KeyEvent,105:73:0,082,Editor,C:/Users/hoseop/CLionProjects/082/my_vector_iterator.h,,33,6,Default task
2023-01-16T20:03:48.755+09:00,Hoseop Shin,KeyEvent,101:69:0,082,Editor,C:/Users/hoseop/CLionProjects/082/my_vector_iterator.h,,33,7,Default task
2023-01-16T20:03:49.203+09:00,Hoseop Shin,KeyEvent,100:68:0,082,Editor,C:/Users/hoseop/CLionProjects/082/my_vector_iterator.h,,33,8,Default task
2023-01-16T20:03:49.581+09:00,Hoseop Shin,Action,EditorBackSpace,082,Editor,C:/Users/hoseop/CLionProjects/082/my_vector_iterator.h,,33,9,Default task
2023-01-16T20:03:49.598+09:00,Hoseop Shin,KeyEvent,8:8:0,082,Editor,C:/Users/hoseop/CLionProjects/082/my_vector_iterator.h,,33,8,Default task
2023-01-16T20:03:49.749+09:00,Hoseop Shin,KeyEvent,110:78:0,082,Editor,C:/Users/hoseop/CLionProjects/082/my_vector_iterator.h,,33,8,Default task
2023-01-16T20:03:49.768+09:00,Hoseop Shin,KeyEvent,100:68:0,082,Editor,C:/Users/hoseop/CLionProjects/082/my_vector_iterator.h,,33,9,Default task
2023-01-16T20:03:50.090+09:00,Hoseop Shin,KeyEvent,32:32:0,082,Editor,C:/Users/hoseop/CLionProjects/082/my_vector_iterator.h,,33,10,Default task
2023-01-16T20:03:58.791+09:00,Hoseop Shin,KeyEvent,99:67:0,082,Editor,C:/Users/hoseop/CLionProjects/082/my_vector_iterator.h,,32,12,Default task
2023-01-16T20:03:58.955+09:00,Hoseop Shin,KeyEvent,108:76:0,082,Editor,C:/Users/hoseop/CLionProjects/082/my_vector_iterator.h,,32,13,Default task
2023-01-16T20:03:59.107+09:00,Hoseop Shin,KeyEvent,97:65:0,082,Editor,C:/Users/hoseop/CLionProjects/082/my_vector_iterator.h,,32,14,Default task
2023-01-16T20:03:59.293+09:00,Hoseop Shin,KeyEvent,115:83:0,082,Editor,C:/Users/hoseop/CLionProjects/082/my_vector_iterator.h,,32,15,Default task
2023-01-16T20:03:59.607+09:00,Hoseop Shin,Action,EditorBackSpace,082,Editor,C:/Users/hoseop/CLionProjects/082/my_vector_iterator.h,,32,16,Default task
2023-01-16T20:03:59.618+09:00,Hoseop Shin,KeyEvent,8:8:0,082,Editor,C:/Users/hoseop/CLionProjects/082/my_vector_iterator.h,,32,15,Default task
2023-01-16T20:03:59.733+09:00,Hoseop Shin,Action,EditorBackSpace,082,Editor,C:/Users/hoseop/CLionProjects/082/my_vector_iterator.h,,32,15,Default task
2023-01-16T20:03:59.740+09:00,Hoseop Shin,KeyEvent,8:8:0,082,Editor,C:/Users/hoseop/CLionProjects/082/my_vector_iterator.h,,32,14,Default task
2023-01-16T20:03:59.873+09:00,Hoseop Shin,Action,EditorBackSpace,082,Editor,C:/Users/hoseop/CLionProjects/082/my_vector_iterator.h,,32,14,Default task
2023-01-16T20:03:59.880+09:00,Hoseop Shin,KeyEvent,8:8:0,082,Editor,C:/Users/hoseop/CLionProjects/082/my_vector_iterator.h,,32,13,Default task
2023-01-16T20:04:00.021+09:00,Hoseop Shin,Action,EditorBackSpace,082,Editor,C:/Users/hoseop/CLionProjects/082/my_vector_iterator.h,,32,13,Default task
2023-01-16T20:04:00.037+09:00,Hoseop Shin,KeyEvent,8:8:0,082,Editor,C:/Users/hoseop/CLionProjects/082/my_vector_iterator.h,,32,12,Default task
2023-01-16T20:04:00.167+09:00,Hoseop Shin,Action,EditorBackSpace,082,Editor,C:/Users/hoseop/CLionProjects/082/my_vector_iterator.h,,32,12,Default task
2023-01-16T20:04:00.180+09:00,Hoseop Shin,KeyEvent,8:8:0,082,Editor,C:/Users/hoseop/CLionProjects/082/my_vector_iterator.h,,32,11,Default task
2023-01-16T20:04:00.300+09:00,Hoseop Shin,KeyEvent,99:67:0,082,Editor,C:/Users/hoseop/CLionProjects/082/my_vector_iterator.h,,32,11,Default task
2023-01-16T20:04:00.462+09:00,Hoseop Shin,KeyEvent,108:76:0,082,Editor,C:/Users/hoseop/CLionProjects/082/my_vector_iterator.h,,32,12,Default task
2023-01-16T20:04:00.546+09:00,Hoseop Shin,KeyEvent,97:65:0,082,Editor,C:/Users/hoseop/CLionProjects/082/my_vector_iterator.h,,32,13,Default task
2023-01-16T20:04:00.685+09:00,Hoseop Shin,KeyEvent,115:83:0,082,Editor,C:/Users/hoseop/CLionProjects/082/my_vector_iterator.h,,32,14,Default task
2023-01-16T20:04:00.871+09:00,Hoseop Shin,KeyEvent,115:83:0,082,Editor,C:/Users/hoseop/CLionProjects/082/my_vector_iterator.h,,32,15,Default task
2023-01-16T20:04:00.978+09:00,Hoseop Shin,KeyEvent,32:32:0,082,Editor,C:/Users/hoseop/CLionProjects/082/my_vector_iterator.h,,32,16,Default task
2023-01-16T20:04:04.655+09:00,Hoseop Shin,KeyEvent,109:77:0,082,Editor,C:/Users/hoseop/CLionProjects/082/my_vector_iterator.h,,32,17,Default task
2023-01-16T20:04:04.976+09:00,Hoseop Shin,KeyEvent,121:89:0,082,Editor,C:/Users/hoseop/CLionProjects/082/my_vector_iterator.h,,32,18,Default task
2023-01-16T20:04:05.599+09:00,Hoseop Shin,KeyEvent,65535:16:1,082,Editor,C:/Users/hoseop/CLionProjects/082/my_vector_iterator.h,,32,19,Default task
2023-01-16T20:04:05.667+09:00,Hoseop Shin,KeyEvent,95:45:1,082,Editor,C:/Users/hoseop/CLionProjects/082/my_vector_iterator.h,,32,19,Default task
2023-01-16T20:04:05.915+09:00,Hoseop Shin,KeyEvent,118:86:0,082,Editor,C:/Users/hoseop/CLionProjects/082/my_vector_iterator.h,,32,20,Default task
2023-01-16T20:04:06.164+09:00,Hoseop Shin,KeyEvent,101:69:0,082,Editor,C:/Users/hoseop/CLionProjects/082/my_vector_iterator.h,,32,21,Default task
2023-01-16T20:04:06.516+09:00,Hoseop Shin,KeyEvent,99:67:0,082,Editor,C:/Users/hoseop/CLionProjects/082/my_vector_iterator.h,,32,22,Default task
2023-01-16T20:04:07.107+09:00,Hoseop Shin,Action,EditorDown,082,Editor,C:/Users/hoseop/CLionProjects/082/my_vector_iterator.h,,32,23,Default task
2023-01-16T20:04:07.110+09:00,Hoseop Shin,KeyEvent,65535:40:0,082,Editor,C:/Users/hoseop/CLionProjects/082/my_vector_iterator.h,,32,23,Default task
2023-01-16T20:04:07.372+09:00,Hoseop Shin,Action,EditorChooseLookupItem,082,Editor,C:/Users/hoseop/CLionProjects/082/my_vector_iterator.h,,32,23,Default task
2023-01-16T20:04:07.390+09:00,Hoseop Shin,KeyEvent,10:10:0,082,Editor,C:/Users/hoseop/CLionProjects/082/my_vector_iterator.h,,32,26,Default task
2023-01-16T20:04:07.984+09:00,Hoseop Shin,KeyEvent,59:59:0,082,Editor,C:/Users/hoseop/CLionProjects/082/my_vector_iterator.h,,32,26,Default task
2023-01-16T20:56:17.572+09:00,Hoseop Shin,Action,HideAllWindows,082,Editor,C:/Users/hoseop/CLionProjects/082/my_vector_iterator.h,,32,27,Default task
2023-01-16T20:57:39.095+09:00,Hoseop Shin,KeyEvent,65535:16:1,082,Editor,C:/Users/hoseop/CLionProjects/082/my_vector_iterator.h,,32,26,Default task
2023-01-16T20:57:39.252+09:00,Hoseop Shin,Action,EditorLineStartWithSelection,082,Editor,C:/Users/hoseop/CLionProjects/082/my_vector_iterator.h,,32,26,Default task
2023-01-16T20:57:39.257+09:00,Hoseop Shin,KeyEvent,65535:36:1,082,Editor,C:/Users/hoseop/CLionProjects/082/my_vector_iterator.h,,32,4,Default task
2023-01-16T20:57:39.608+09:00,Hoseop Shin,Action,EditorBackSpace,082,Editor,C:/Users/hoseop/CLionProjects/082/my_vector_iterator.h,,32,4,Default task
2023-01-16T20:57:39.616+09:00,Hoseop Shin,KeyEvent,8:8:0,082,Editor,C:/Users/hoseop/CLionProjects/082/my_vector_iterator.h,,32,4,Default task
2023-01-16T20:57:40.927+09:00,Hoseop Shin,KeyEvent,105:73:0,082,Editor,C:/Users/hoseop/CLionProjects/082/my_vector_iterator.h,,32,4,Default task
2023-01-16T20:57:41.091+09:00,Hoseop Shin,KeyEvent,110:78:0,082,Editor,C:/Users/hoseop/CLionProjects/082/my_vector_iterator.h,,32,5,Default task
2023-01-16T20:57:41.200+09:00,Hoseop Shin,KeyEvent,105:73:0,082,Editor,C:/Users/hoseop/CLionProjects/082/my_vector_iterator.h,,32,6,Default task
2023-01-16T20:57:41.791+09:00,Hoseop Shin,Action,EditorBackSpace,082,Editor,C:/Users/hoseop/CLionProjects/082/my_vector_iterator.h,,32,7,Default task
2023-01-16T20:57:41.823+09:00,Hoseop Shin,KeyEvent,8:8:0,082,Editor,C:/Users/hoseop/CLionProjects/082/my_vector_iterator.h,,32,6,Default task
2023-01-16T20:57:41.957+09:00,Hoseop Shin,Action,EditorBackSpace,082,Editor,C:/Users/hoseop/CLionProjects/082/my_vector_iterator.h,,32,6,Default task
2023-01-16T20:57:42.129+09:00,Hoseop Shin,KeyEvent,8:8:0,082,Editor,C:/Users/hoseop/CLionProjects/082/my_vector_iterator.h,,32,5,Default task
2023-01-16T20:57:42.134+09:00,Hoseop Shin,Action,EditorBackSpace,082,Editor,C:/Users/hoseop/CLionProjects/082/my_vector_iterator.h,,32,5,Default task
2023-01-16T20:57:42.151+09:00,Hoseop Shin,KeyEvent,8:8:0,082,Editor,C:/Users/hoseop/CLionProjects/082/my_vector_iterator.h,,32,4,Default task
2023-01-16T20:57:48.024+09:00,Hoseop Shin,KeyEvent,109:77:0,082,Editor,C:/Users/hoseop/CLionProjects/082/my_vector_iterator.h,,32,4,Default task
2023-01-16T20:57:48.584+09:00,Hoseop Shin,KeyEvent,121:89:0,082,Editor,C:/Users/hoseop/CLionProjects/082/my_vector_iterator.h,,32,5,Default task
2023-01-16T20:57:48.989+09:00,Hoseop Shin,KeyEvent,65535:16:1,082,Editor,C:/Users/hoseop/CLionProjects/082/my_vector_iterator.h,,32,6,Default task
2023-01-16T20:57:49.034+09:00,Hoseop Shin,KeyEvent,95:45:1,082,Editor,C:/Users/hoseop/CLionProjects/082/my_vector_iterator.h,,32,6,Default task
2023-01-16T20:57:49.363+09:00,Hoseop Shin,KeyEvent,118:86:0,082,Editor,C:/Users/hoseop/CLionProjects/082/my_vector_iterator.h,,32,7,Default task
2023-01-16T20:57:49.398+09:00,Hoseop Shin,KeyEvent,101:69:0,082,Editor,C:/Users/hoseop/CLionProjects/082/my_vector_iterator.h,,32,8,Default task
2023-01-16T20:57:49.694+09:00,Hoseop Shin,KeyEvent,99:67:0,082,Editor,C:/Users/hoseop/CLionProjects/082/my_vector_iterator.h,,32,9,Default task
2023-01-16T20:57:50.129+09:00,Hoseop Shin,KeyEvent,111:79:0,082,Editor,C:/Users/hoseop/CLionProjects/082/my_vector_iterator.h,,32,10,Default task
2023-01-16T20:57:50.271+09:00,Hoseop Shin,KeyEvent,116:84:0,082,Editor,C:/Users/hoseop/CLionProjects/082/my_vector_iterator.h,,32,11,Default task
2023-01-16T20:57:50.391+09:00,Hoseop Shin,KeyEvent,114:82:0,082,Editor,C:/Users/hoseop/CLionProjects/082/my_vector_iterator.h,,32,12,Default task
2023-01-16T20:57:51.098+09:00,Hoseop Shin,Action,EditorBackSpace,082,Editor,C:/Users/hoseop/CLionProjects/082/my_vector_iterator.h,,32,13,Default task
2023-01-16T20:57:51.113+09:00,Hoseop Shin,KeyEvent,8:8:0,082,Editor,C:/Users/hoseop/CLionProjects/082/my_vector_iterator.h,,32,12,Default task
2023-01-16T20:57:51.262+09:00,Hoseop Shin,Action,EditorBackSpace,082,Editor,C:/Users/hoseop/CLionProjects/082/my_vector_iterator.h,,32,12,Default task
2023-01-16T20:57:51.267+09:00,Hoseop Shin,KeyEvent,8:8:0,082,Editor,C:/Users/hoseop/CLionProjects/082/my_vector_iterator.h,,32,11,Default task
2023-01-16T20:57:51.390+09:00,Hoseop Shin,Action,EditorBackSpace,082,Editor,C:/Users/hoseop/CLionProjects/082/my_vector_iterator.h,,32,11,Default task
2023-01-16T20:57:51.404+09:00,Hoseop Shin,KeyEvent,8:8:0,082,Editor,C:/Users/hoseop/CLionProjects/082/my_vector_iterator.h,,32,10,Default task
2023-01-16T20:57:51.685+09:00,Hoseop Shin,KeyEvent,116:84:0,082,Editor,C:/Users/hoseop/CLionProjects/082/my_vector_iterator.h,,32,10,Default task
2023-01-16T20:57:51.708+09:00,Hoseop Shin,KeyEvent,111:79:0,082,Editor,C:/Users/hoseop/CLionProjects/082/my_vector_iterator.h,,32,11,Default task
2023-01-16T20:57:51.802+09:00,Hoseop Shin,KeyEvent,114:82:0,082,Editor,C:/Users/hoseop/CLionProjects/082/my_vector_iterator.h,,32,12,Default task
2023-01-16T20:57:52.426+09:00,Hoseop Shin,KeyEvent,65535:16:1,082,Editor,C:/Users/hoseop/CLionProjects/082/my_vector_iterator.h,,32,13,Default task
2023-01-16T20:57:52.427+09:00,Hoseop Shin,KeyEvent,95:45:1,082,Editor,C:/Users/hoseop/CLionProjects/082/my_vector_iterator.h,,32,13,Default task
2023-01-16T20:57:53.177+09:00,Hoseop Shin,KeyEvent,105:73:0,082,Editor,C:/Users/hoseop/CLionProjects/082/my_vector_iterator.h,,32,14,Default task
2023-01-16T20:57:53.985+09:00,Hoseop Shin,KeyEvent,116:84:0,082,Editor,C:/Users/hoseop/CLionProjects/082/my_vector_iterator.h,,32,15,Default task
2023-01-16T20:57:54.342+09:00,Hoseop Shin,KeyEvent,101:69:0,082,Editor,C:/Users/hoseop/CLionProjects/082/my_vector_iterator.h,,32,16,Default task
2023-01-16T20:57:54.536+09:00,Hoseop Shin,KeyEvent,114:82:0,082,Editor,C:/Users/hoseop/CLionProjects/082/my_vector_iterator.h,,32,17,Default task
2023-01-16T20:57:54.912+09:00,Hoseop Shin,KeyEvent,97:65:0,082,Editor,C:/Users/hoseop/CLionProjects/082/my_vector_iterator.h,,32,18,Default task
2023-01-16T20:57:54.930+09:00,Hoseop Shin,KeyEvent,116:84:0,082,Editor,C:/Users/hoseop/CLionProjects/082/my_vector_iterator.h,,32,19,Default task
2023-01-16T20:57:55.085+09:00,Hoseop Shin,KeyEvent,111:79:0,082,Editor,C:/Users/hoseop/CLionProjects/082/my_vector_iterator.h,,32,20,Default task
2023-01-16T20:57:55.198+09:00,Hoseop Shin,KeyEvent,114:82:0,082,Editor,C:/Users/hoseop/CLionProjects/082/my_vector_iterator.h,,32,21,Default task
2023-01-16T20:58:00.540+09:00,Hoseop Shin,KeyEvent,65535:16:1,082,Editor,C:/Users/hoseop/CLionProjects/082/my_vector_iterator.h,,32,22,Default task
2023-01-16T20:58:00.640+09:00,Hoseop Shin,KeyEvent,60:44:1,082,Editor,C:/Users/hoseop/CLionProjects/082/my_vector_iterator.h,,32,22,Default task
2023-01-16T20:58:00.817+09:00,Hoseop Shin,KeyEvent,65535:20:0,082,Editor,C:/Users/hoseop/CLionProjects/082/my_vector_iterator.h,,32,23,Default task
2023-01-16T20:58:01.058+09:00,Hoseop Shin,KeyEvent,84:84:0,082,Editor,C:/Users/hoseop/CLionProjects/082/my_vector_iterator.h,,32,23,Default task
2023-01-16T20:58:01.484+09:00,Hoseop Shin,KeyEvent,65535:20:0,082,Editor,C:/Users/hoseop/CLionProjects/082/my_vector_iterator.h,,32,24,Default task
2023-01-16T20:58:01.861+09:00,Hoseop Shin,KeyEvent,65535:16:1,082,Editor,C:/Users/hoseop/CLionProjects/082/my_vector_iterator.h,,32,24,Default task
2023-01-16T20:58:01.941+09:00,Hoseop Shin,KeyEvent,62:46:1,082,Editor,C:/Users/hoseop/CLionProjects/082/my_vector_iterator.h,,32,24,Default task
2023-01-16T20:58:09.769+09:00,Hoseop Shin,KeyEvent,32:32:0,082,Editor,C:/Users/hoseop/CLionProjects/082/my_vector_iterator.h,,32,25,Default task
2023-01-16T20:58:10.004+09:00,Hoseop Shin,KeyEvent,98:66:0,082,Editor,C:/Users/hoseop/CLionProjects/082/my_vector_iterator.h,,32,26,Default task
2023-01-16T20:58:10.265+09:00,Hoseop Shin,KeyEvent,101:69:0,082,Editor,C:/Users/hoseop/CLionProjects/082/my_vector_iterator.h,,32,27,Default task
2023-01-16T20:58:10.677+09:00,Hoseop Shin,KeyEvent,103:71:0,082,Editor,C:/Users/hoseop/CLionProjects/082/my_vector_iterator.h,,32,28,Default task
2023-01-16T20:58:11.211+09:00,Hoseop Shin,KeyEvent,105:73:0,082,Editor,C:/Users/hoseop/CLionProjects/082/my_vector_iterator.h,,32,29,Default task
2023-01-16T20:58:11.334+09:00,Hoseop Shin,KeyEvent,110:78:0,082,Editor,C:/Users/hoseop/CLionProjects/082/my_vector_iterator.h,,32,30,Default task
2023-01-16T20:58:12.336+09:00,Hoseop Shin,KeyEvent,65535:16:1,082,Editor,C:/Users/hoseop/CLionProjects/082/my_vector_iterator.h,,32,31,Default task
2023-01-16T20:58:12.497+09:00,Hoseop Shin,KeyEvent,40:57:1,082,Editor,C:/Users/hoseop/CLionProjects/082/my_vector_iterator.h,,32,31,Default task
2023-01-16T20:58:13.245+09:00,Hoseop Shin,Action,EditorRight,082,Editor,C:/Users/hoseop/CLionProjects/082/my_vector_iterator.h,,32,32,Default task
2023-01-16T20:58:13.247+09:00,Hoseop Shin,KeyEvent,65535:39:0,082,Editor,C:/Users/hoseop/CLionProjects/082/my_vector_iterator.h,,32,33,Default task
2023-01-16T20:58:17.361+09:00,Hoseop Shin,Action,EditorRight,082,Editor,C:/Users/hoseop/CLionProjects/082/my_vector_iterator.h,,32,33,Default task
2023-01-16T20:58:17.374+09:00,Hoseop Shin,KeyEvent,65535:39:0,082,Editor,C:/Users/hoseop/CLionProjects/082/my_vector_iterator.h,,32,34,Default task
2023-01-16T20:58:18.814+09:00,Hoseop Shin,KeyEvent,65535:17:2,082,Editor,C:/Users/hoseop/CLionProjects/082/my_vector_iterator.h,,32,34,Default task
2023-01-16T20:58:18.987+09:00,Hoseop Shin,Action,EditorDuplicate,082,Editor,C:/Users/hoseop/CLionProjects/082/my_vector_iterator.h,,32,34,Default task
2023-01-16T20:58:18.991+09:00,Hoseop Shin,KeyEvent,4:68:2,082,Editor,C:/Users/hoseop/CLionProjects/082/my_vector_iterator.h,,33,34,Default task
2023-01-16T20:58:19.610+09:00,Hoseop Shin,Action,EditorLeft,082,Editor,C:/Users/hoseop/CLionProjects/082/my_vector_iterator.h,,33,34,Default task
2023-01-16T20:58:19.612+09:00,Hoseop Shin,KeyEvent,65535:37:0,082,Editor,C:/Users/hoseop/CLionProjects/082/my_vector_iterator.h,,33,33,Default task
2023-01-16T20:58:19.767+09:00,Hoseop Shin,Action,EditorLeft,082,Editor,C:/Users/hoseop/CLionProjects/082/my_vector_iterator.h,,33,33,Default task
2023-01-16T20:58:19.770+09:00,Hoseop Shin,KeyEvent,65535:37:0,082,Editor,C:/Users/hoseop/CLionProjects/082/my_vector_iterator.h,,33,32,Default task
2023-01-16T20:58:19.920+09:00,Hoseop Shin,Action,EditorLeft,082,Editor,C:/Users/hoseop/CLionProjects/082/my_vector_iterator.h,,33,32,Default task
2023-01-16T20:58:19.922+09:00,Hoseop Shin,KeyEvent,65535:37:0,082,Editor,C:/Users/hoseop/CLionProjects/082/my_vector_iterator.h,,33,31,Default task
2023-01-16T20:58:20.548+09:00,Hoseop Shin,Action,EditorBackSpace,082,Editor,C:/Users/hoseop/CLionProjects/082/my_vector_iterator.h,,33,31,Default task
2023-01-16T20:58:20.552+09:00,Hoseop Shin,KeyEvent,8:8:0,082,Editor,C:/Users/hoseop/CLionProjects/082/my_vector_iterator.h,,33,30,Default task
2023-01-16T20:58:20.730+09:00,Hoseop Shin,Action,EditorBackSpace,082,Editor,C:/Users/hoseop/CLionProjects/082/my_vector_iterator.h,,33,30,Default task
2023-01-16T20:58:20.740+09:00,Hoseop Shin,KeyEvent,8:8:0,082,Editor,C:/Users/hoseop/CLionProjects/082/my_vector_iterator.h,,33,29,Default task
2023-01-16T20:58:20.970+09:00,Hoseop Shin,Action,EditorBackSpace,082,Editor,C:/Users/hoseop/CLionProjects/082/my_vector_iterator.h,,33,29,Default task
2023-01-16T20:58:20.997+09:00,Hoseop Shin,KeyEvent,8:8:0,082,Editor,C:/Users/hoseop/CLionProjects/082/my_vector_iterator.h,,33,28,Default task
2023-01-16T20:58:21.023+09:00,Hoseop Shin,Action,EditorBackSpace,082,Editor,C:/Users/hoseop/CLionProjects/082/my_vector_iterator.h,,33,28,Default task
2023-01-16T20:58:21.037+09:00,Hoseop Shin,KeyEvent,8:8:0,082,Editor,C:/Users/hoseop/CLionProjects/082/my_vector_iterator.h,,33,27,Default task
2023-01-16T20:58:21.209+09:00,Hoseop Shin,Action,EditorBackSpace,082,Editor,C:/Users/hoseop/CLionProjects/082/my_vector_iterator.h,,33,27,Default task
2023-01-16T20:58:21.216+09:00,Hoseop Shin,KeyEvent,8:8:0,082,Editor,C:/Users/hoseop/CLionProjects/082/my_vector_iterator.h,,33,26,Default task
2023-01-16T20:58:21.613+09:00,Hoseop Shin,KeyEvent,101:69:0,082,Editor,C:/Users/hoseop/CLionProjects/082/my_vector_iterator.h,,33,26,Default task
2023-01-16T20:58:21.719+09:00,Hoseop Shin,KeyEvent,110:78:0,082,Editor,C:/Users/hoseop/CLionProjects/082/my_vector_iterator.h,,33,27,Default task
2023-01-16T20:58:21.923+09:00,Hoseop Shin,KeyEvent,100:68:0,082,Editor,C:/Users/hoseop/CLionProjects/082/my_vector_iterator.h,,33,28,Default task
2023-01-16T20:58:22.437+09:00,Hoseop Shin,Action,EditorLineEnd,082,Editor,C:/Users/hoseop/CLionProjects/082/my_vector_iterator.h,,33,29,Default task
2023-01-16T20:58:22.439+09:00,Hoseop Shin,KeyEvent,65535:35:0,082,Editor,C:/Users/hoseop/CLionProjects/082/my_vector_iterator.h,,33,32,Default task
2023-01-16T20:58:59.318+09:00,Hoseop Shin,KeyEvent,65535:17:2,082,Editor,C:/Users/hoseop/CLionProjects/082/my_vector_iterator.h,,41,4,Default task
2023-01-16T20:58:59.391+09:00,Hoseop Shin,Action,$Undo,082,Editor,C:/Users/hoseop/CLionProjects/082/my_vector_iterator.h,,41,4,Default task
2023-01-16T20:58:59.404+09:00,Hoseop Shin,KeyEvent,26:90:2,082,Editor,C:/Users/hoseop/CLionProjects/082/my_vector_iterator.h,,32,4,Default task
2023-01-16T20:59:03.360+09:00,Hoseop Shin,KeyEvent,102:70:0,082,Editor,C:/Users/hoseop/CLionProjects/082/my_vector_iterator.h,,32,4,Default task
2023-01-16T20:59:03.586+09:00,Hoseop Shin,KeyEvent,114:82:0,082,Editor,C:/Users/hoseop/CLionProjects/082/my_vector_iterator.h,,32,5,Default task
2023-01-16T20:59:03.777+09:00,Hoseop Shin,KeyEvent,105:73:0,082,Editor,C:/Users/hoseop/CLionProjects/082/my_vector_iterator.h,,32,6,Default task
2023-01-16T20:59:04.290+09:00,Hoseop Shin,KeyEvent,101:69:0,082,Editor,C:/Users/hoseop/CLionProjects/082/my_vector_iterator.h,,32,7,Default task
2023-01-16T20:59:04.580+09:00,Hoseop Shin,KeyEvent,110:78:0,082,Editor,C:/Users/hoseop/CLionProjects/082/my_vector_iterator.h,,32,8,Default task
2023-01-16T20:59:04.710+09:00,Hoseop Shin,KeyEvent,100:68:0,082,Editor,C:/Users/hoseop/CLionProjects/082/my_vector_iterator.h,,32,9,Default task
2023-01-16T20:59:04.913+09:00,Hoseop Shin,KeyEvent,32:32:0,082,Editor,C:/Users/hoseop/CLionProjects/082/my_vector_iterator.h,,32,10,Default task
2023-01-16T20:59:05.466+09:00,Hoseop Shin,Action,EditorDown,082,Editor,C:/Users/hoseop/CLionProjects/082/my_vector_iterator.h,,32,11,Default task
2023-01-16T20:59:05.468+09:00,Hoseop Shin,KeyEvent,65535:40:0,082,Editor,C:/Users/hoseop/CLionProjects/082/my_vector_iterator.h,,33,11,Default task
2023-01-16T20:59:06.281+09:00,Hoseop Shin,Action,EditorLineStart,082,Editor,C:/Users/hoseop/CLionProjects/082/my_vector_iterator.h,,33,11,Default task
2023-01-16T20:59:06.284+09:00,Hoseop Shin,KeyEvent,65535:36:0,082,Editor,C:/Users/hoseop/CLionProjects/082/my_vector_iterator.h,,33,4,Default task
2023-01-16T20:59:06.873+09:00,Hoseop Shin,KeyEvent,102:70:0,082,Editor,C:/Users/hoseop/CLionProjects/082/my_vector_iterator.h,,33,4,Default task
2023-01-16T20:59:07.093+09:00,Hoseop Shin,KeyEvent,114:82:0,082,Editor,C:/Users/hoseop/CLionProjects/082/my_vector_iterator.h,,33,5,Default task
2023-01-16T20:59:07.908+09:00,Hoseop Shin,KeyEvent,105:73:0,082,Editor,C:/Users/hoseop/CLionProjects/082/my_vector_iterator.h,,33,6,Default task
2023-01-16T20:59:08.162+09:00,Hoseop Shin,KeyEvent,101:69:0,082,Editor,C:/Users/hoseop/CLionProjects/082/my_vector_iterator.h,,33,7,Default task
2023-01-16T20:59:08.372+09:00,Hoseop Shin,KeyEvent,110:78:0,082,Editor,C:/Users/hoseop/CLionProjects/082/my_vector_iterator.h,,33,8,Default task
2023-01-16T20:59:08.524+09:00,Hoseop Shin,KeyEvent,100:68:0,082,Editor,C:/Users/hoseop/CLionProjects/082/my_vector_iterator.h,,33,9,Default task
2023-01-16T20:59:08.907+09:00,Hoseop Shin,KeyEvent,32:32:0,082,Editor,C:/Users/hoseop/CLionProjects/082/my_vector_iterator.h,,33,10,Default task
2023-01-16T21:03:18.907+09:00,Hoseop Shin,KeyEvent,65535:17:2,082,Editor,C:/Users/hoseop/CLionProjects/082/my_vector_iterator.h,,31,0,Default task
2023-01-16T21:03:18.976+09:00,Hoseop Shin,Action,$Undo,082,Editor,C:/Users/hoseop/CLionProjects/082/my_vector_iterator.h,,31,0,Default task
2023-01-16T21:03:18.997+09:00,Hoseop Shin,KeyEvent,26:90:2,082,Editor,C:/Users/hoseop/CLionProjects/082/my_vector_iterator.h,,33,39,Default task
2023-01-16T21:03:21.233+09:00,Hoseop Shin,Action,EditorBackSpace,082,Editor,C:/Users/hoseop/CLionProjects/082/my_vector_iterator.h,,32,0,Default task
2023-01-16T21:03:21.245+09:00,Hoseop Shin,KeyEvent,8:8:0,082,Editor,C:/Users/hoseop/CLionProjects/082/my_vector_iterator.h,,32,0,Default task
2023-01-16T21:03:21.531+09:00,Hoseop Shin,Action,EditorBackSpace,082,Editor,C:/Users/hoseop/CLionProjects/082/my_vector_iterator.h,,32,0,Default task
2023-01-16T21:03:21.540+09:00,Hoseop Shin,KeyEvent,8:8:0,082,Editor,C:/Users/hoseop/CLionProjects/082/my_vector_iterator.h,,31,4,Default task
2023-01-16T21:03:22.028+09:00,Hoseop Shin,Action,EditorBackSpace,082,Editor,C:/Users/hoseop/CLionProjects/082/my_vector_iterator.h,,31,4,Default task
2023-01-16T21:03:22.053+09:00,Hoseop Shin,KeyEvent,8:8:0,082,Editor,C:/Users/hoseop/CLionProjects/082/my_vector_iterator.h,,30,5,Default task
2023-01-16T21:03:29.075+09:00,Hoseop Shin,Action,EditorEnter,082,Editor,C:/Users/hoseop/CLionProjects/082/my_vector.h,,10,17,Default task
2023-01-16T21:03:29.081+09:00,Hoseop Shin,KeyEvent,10:10:0,082,Editor,C:/Users/hoseop/CLionProjects/082/my_vector.h,,11,0,Default task
2023-01-16T21:03:29.483+09:00,Hoseop Shin,KeyEvent,65535:16:1,082,Editor,C:/Users/hoseop/CLionProjects/082/my_vector.h,,11,0,Default task
2023-01-16T21:03:29.586+09:00,Hoseop Shin,KeyEvent,51:51:0,082,Editor,C:/Users/hoseop/CLionProjects/082/my_vector.h,,11,0,Default task
2023-01-16T21:03:30.601+09:00,Hoseop Shin,Action,EditorBackSpace,082,Editor,C:/Users/hoseop/CLionProjects/082/my_vector.h,,11,1,Default task
2023-01-16T21:03:30.617+09:00,Hoseop Shin,KeyEvent,8:8:0,082,Editor,C:/Users/hoseop/CLionProjects/082/my_vector.h,,11,0,Default task
2023-01-16T21:03:30.880+09:00,Hoseop Shin,KeyEvent,65535:16:1,082,Editor,C:/Users/hoseop/CLionProjects/082/my_vector.h,,11,0,Default task
2023-01-16T21:03:31.009+09:00,Hoseop Shin,KeyEvent,35:51:1,082,Editor,C:/Users/hoseop/CLionProjects/082/my_vector.h,,11,0,Default task
2023-01-16T21:03:31.341+09:00,Hoseop Shin,KeyEvent,105:73:0,082,Editor,C:/Users/hoseop/CLionProjects/082/my_vector.h,,11,1,Default task
2023-01-16T21:03:31.450+09:00,Hoseop Shin,KeyEvent,110:78:0,082,Editor,C:/Users/hoseop/CLionProjects/082/my_vector.h,,11,2,Default task
2023-01-16T21:03:31.633+09:00,Hoseop Shin,KeyEvent,99:67:0,082,Editor,C:/Users/hoseop/CLionProjects/082/my_vector.h,,11,3,Default task
2023-01-16T21:03:31.714+09:00,Hoseop Shin,KeyEvent,108:76:0,082,Editor,C:/Users/hoseop/CLionProjects/082/my_vector.h,,11,4,Default task
2023-01-16T21:03:31.821+09:00,Hoseop Shin,KeyEvent,117:85:0,082,Editor,C:/Users/hoseop/CLionProjects/082/my_vector.h,,11,5,Default task
2023-01-16T21:03:31.912+09:00,Hoseop Shin,KeyEvent,100:68:0,082,Editor,C:/Users/hoseop/CLionProjects/082/my_vector.h,,11,6,Default task
2023-01-16T21:03:32.077+09:00,Hoseop Shin,KeyEvent,101:69:0,082,Editor,C:/Users/hoseop/CLionProjects/082/my_vector.h,,11,7,Default task
2023-01-16T21:03:32.199+09:00,Hoseop Shin,KeyEvent,32:32:0,082,Editor,C:/Users/hoseop/CLionProjects/082/my_vector.h,,11,8,Default task
2023-01-16T21:03:33.213+09:00,Hoseop Shin,KeyEvent,65535:16:1,082,Editor,C:/Users/hoseop/CLionProjects/082/my_vector.h,,11,9,Default task
2023-01-16T21:03:33.337+09:00,Hoseop Shin,KeyEvent,34:222:1,082,Editor,C:/Users/hoseop/CLionProjects/082/my_vector.h,,11,9,Default task
2023-01-16T21:03:35.191+09:00,Hoseop Shin,KeyEvent,44:44:0,082,Editor,C:/Users/hoseop/CLionProjects/082/my_vector.h,,11,10,Default task
2023-01-16T21:03:35.594+09:00,Hoseop Shin,Action,EditorBackSpace,082,Editor,C:/Users/hoseop/CLionProjects/082/my_vector.h,,11,11,Default task
2023-01-16T21:03:35.611+09:00,Hoseop Shin,KeyEvent,8:8:0,082,Editor,C:/Users/hoseop/CLionProjects/082/my_vector.h,,11,10,Default task
2023-01-16T21:03:35.970+09:00,Hoseop Shin,KeyEvent,109:77:0,082,Editor,C:/Users/hoseop/CLionProjects/082/my_vector.h,,11,10,Default task
2023-01-16T21:03:36.236+09:00,Hoseop Shin,KeyEvent,121:89:0,082,Editor,C:/Users/hoseop/CLionProjects/082/my_vector.h,,11,11,Default task
2023-01-16T21:03:36.605+09:00,Hoseop Shin,KeyEvent,65535:16:1,082,Editor,C:/Users/hoseop/CLionProjects/082/my_vector.h,,11,12,Default task
2023-01-16T21:03:36.682+09:00,Hoseop Shin,KeyEvent,95:45:1,082,Editor,C:/Users/hoseop/CLionProjects/082/my_vector.h,,11,12,Default task
2023-01-16T21:03:36.960+09:00,Hoseop Shin,KeyEvent,118:86:0,082,Editor,C:/Users/hoseop/CLionProjects/082/my_vector.h,,11,13,Default task
2023-01-16T21:03:37.173+09:00,Hoseop Shin,KeyEvent,101:69:0,082,Editor,C:/Users/hoseop/CLionProjects/082/my_vector.h,,11,14,Default task
2023-01-16T21:03:37.651+09:00,Hoseop Shin,KeyEvent,99:67:0,082,Editor,C:/Users/hoseop/CLionProjects/082/my_vector.h,,11,15,Default task
2023-01-16T21:03:38.530+09:00,Hoseop Shin,KeyEvent,111:79:0,082,Editor,C:/Users/hoseop/CLionProjects/082/my_vector.h,,11,16,Default task
2023-01-16T21:03:38.856+09:00,Hoseop Shin,Action,EditorBackSpace,082,Editor,C:/Users/hoseop/CLionProjects/082/my_vector.h,,11,17,Default task
2023-01-16T21:03:38.862+09:00,Hoseop Shin,KeyEvent,8:8:0,082,Editor,C:/Users/hoseop/CLionProjects/082/my_vector.h,,11,16,Default task
2023-01-16T21:03:38.940+09:00,Hoseop Shin,KeyEvent,116:84:0,082,Editor,C:/Users/hoseop/CLionProjects/082/my_vector.h,,11,16,Default task
2023-01-16T21:03:39.051+09:00,Hoseop Shin,KeyEvent,111:79:0,082,Editor,C:/Users/hoseop/CLionProjects/082/my_vector.h,,11,17,Default task
2023-01-16T21:03:39.127+09:00,Hoseop Shin,KeyEvent,114:82:0,082,Editor,C:/Users/hoseop/CLionProjects/082/my_vector.h,,11,18,Default task
2023-01-16T21:03:40.115+09:00,Hoseop Shin,KeyEvent,65535:16:1,082,Editor,C:/Users/hoseop/CLionProjects/082/my_vector.h,,11,19,Default task
2023-01-16T21:03:40.186+09:00,Hoseop Shin,KeyEvent,95:45:1,082,Editor,C:/Users/hoseop/CLionProjects/082/my_vector.h,,11,19,Default task
2023-01-16T21:03:40.504+09:00,Hoseop Shin,KeyEvent,105:73:0,082,Editor,C:/Users/hoseop/CLionProjects/082/my_vector.h,,11,20,Default task
2023-01-16T21:03:40.950+09:00,Hoseop Shin,KeyEvent,116:84:0,082,Editor,C:/Users/hoseop/CLionProjects/082/my_vector.h,,11,21,Default task
2023-01-16T21:03:41.114+09:00,Hoseop Shin,KeyEvent,101:69:0,082,Editor,C:/Users/hoseop/CLionProjects/082/my_vector.h,,11,22,Default task
2023-01-16T21:03:41.220+09:00,Hoseop Shin,KeyEvent,114:82:0,082,Editor,C:/Users/hoseop/CLionProjects/082/my_vector.h,,11,23,Default task
2023-01-16T21:03:41.581+09:00,Hoseop Shin,KeyEvent,97:65:0,082,Editor,C:/Users/hoseop/CLionProjects/082/my_vector.h,,11,24,Default task
2023-01-16T21:03:41.813+09:00,Hoseop Shin,KeyEvent,111:79:0,082,Editor,C:/Users/hoseop/CLionProjects/082/my_vector.h,,11,25,Default task
2023-01-16T21:03:42.054+09:00,Hoseop Shin,KeyEvent,116:84:0,082,Editor,C:/Users/hoseop/CLionProjects/082/my_vector.h,,11,26,Default task
2023-01-16T21:03:42.331+09:00,Hoseop Shin,Action,EditorBackSpace,082,Editor,C:/Users/hoseop/CLionProjects/082/my_vector.h,,11,27,Default task
2023-01-16T21:03:42.333+09:00,Hoseop Shin,KeyEvent,8:8:0,082,Editor,C:/Users/hoseop/CLionProjects/082/my_vector.h,,11,26,Default task
2023-01-16T21:03:42.447+09:00,Hoseop Shin,Action,EditorBackSpace,082,Editor,C:/Users/hoseop/CLionProjects/082/my_vector.h,,11,26,Default task
2023-01-16T21:03:42.452+09:00,Hoseop Shin,KeyEvent,8:8:0,082,Editor,C:/Users/hoseop/CLionProjects/082/my_vector.h,,11,25,Default task
2023-01-16T21:03:42.561+09:00,Hoseop Shin,KeyEvent,116:84:0,082,Editor,C:/Users/hoseop/CLionProjects/082/my_vector.h,,11,25,Default task
2023-01-16T21:03:42.664+09:00,Hoseop Shin,KeyEvent,111:79:0,082,Editor,C:/Users/hoseop/CLionProjects/082/my_vector.h,,11,26,Default task
2023-01-16T21:03:42.749+09:00,Hoseop Shin,KeyEvent,114:82:0,082,Editor,C:/Users/hoseop/CLionProjects/082/my_vector.h,,11,27,Default task
2023-01-16T21:03:43.425+09:00,Hoseop Shin,KeyEvent,46:46:0,082,Editor,C:/Users/hoseop/CLionProjects/082/my_vector.h,,11,28,Default task
2023-01-16T21:03:43.729+09:00,Hoseop Shin,KeyEvent,104:72:0,082,Editor,C:/Users/hoseop/CLionProjects/082/my_vector.h,,11,29,Default task
2023-01-16T21:03:44.114+09:00,Hoseop Shin,KeyEvent,65535:16:1,082,Editor,C:/Users/hoseop/CLionProjects/082/my_vector.h,,11,30,Default task
2023-01-16T21:03:44.179+09:00,Hoseop Shin,KeyEvent,34:222:1,082,Editor,C:/Users/hoseop/CLionProjects/082/my_vector.h,,11,30,Default task
2023-01-16T21:03:52.413+09:00,Hoseop Shin,KeyEvent,65535:16:1,082,Editor,C:/Users/hoseop/CLionProjects/082/main.cpp,,10,0,Default task
2023-01-16T21:03:52.532+09:00,Hoseop Shin,Action,Run,082,Editor,C:/Users/hoseop/CLionProjects/082/main.cpp,,10,0,Default task
2023-01-16T21:03:52.535+09:00,Hoseop Shin,KeyEvent,65535:121:1,082,Editor,C:/Users/hoseop/CLionProjects/082/main.cpp,,10,0,Default task
2023-01-16T21:08:26.456+09:00,Hoseop Shin,KeyEvent,65535:17:2,082,Editor,C:/Users/hoseop/CLionProjects/082/my_vector_iterator.h,,7,0,Default task
2023-01-16T21:08:26.578+09:00,Hoseop Shin,Action,CommentByLineComment,082,Editor,C:/Users/hoseop/CLionProjects/082/my_vector_iterator.h,,7,0,Default task
2023-01-16T21:08:26.590+09:00,Hoseop Shin,KeyEvent,47:47:2,082,Editor,C:/Users/hoseop/CLionProjects/082/my_vector_iterator.h,,7,0,Default task
2023-01-16T21:08:32.908+09:00,Hoseop Shin,KeyEvent,65535:16:1,082,Editor,C:/Users/hoseop/CLionProjects/082/my_vector_iterator.h,,13,26,Default task
2023-01-16T21:08:33.062+09:00,Hoseop Shin,Action,Run,082,Editor,C:/Users/hoseop/CLionProjects/082/my_vector_iterator.h,,13,26,Default task
2023-01-16T21:08:33.068+09:00,Hoseop Shin,KeyEvent,65535:121:1,082,Editor,C:/Users/hoseop/CLionProjects/082/my_vector_iterator.h,,13,26,Default task
2023-01-16T21:08:50.627+09:00,Hoseop Shin,KeyEvent,65535:17:2,082,Editor,C:/Users/hoseop/CLionProjects/082/my_vector_iterator.h,,7,1,Default task
2023-01-16T21:08:50.722+09:00,Hoseop Shin,Action,CommentByLineComment,082,Editor,C:/Users/hoseop/CLionProjects/082/my_vector_iterator.h,,7,1,Default task
2023-01-16T21:08:50.733+09:00,Hoseop Shin,KeyEvent,47:47:2,082,Editor,C:/Users/hoseop/CLionProjects/082/my_vector_iterator.h,,7,0,Default task
2023-01-16T21:09:13.071+09:00,Hoseop Shin,Action,EditorBackSpace,082,Editor,C:/Users/hoseop/CLionProjects/082/my_vector.h,,11,0,Default task
2023-01-16T21:09:13.081+09:00,Hoseop Shin,KeyEvent,8:8:0,082,Editor,C:/Users/hoseop/CLionProjects/082/my_vector.h,,11,0,Default task
2023-01-16T21:09:13.179+09:00,Hoseop Shin,Action,EditorBackSpace,082,Editor,C:/Users/hoseop/CLionProjects/082/my_vector.h,,11,0,Default task
2023-01-16T21:09:13.190+09:00,Hoseop Shin,KeyEvent,8:8:0,082,Editor,C:/Users/hoseop/CLionProjects/082/my_vector.h,,10,17,Default task
2023-01-16T21:10:53.876+09:00,Hoseop Shin,Action,HideAllWindows,082,Editor,C:/Users/hoseop/CLionProjects/082/my_vector.h,,47,27,Default task
2023-01-16T21:11:21.050+09:00,Hoseop Shin,Action,HideAllWindows,082,Editor,C:/Users/hoseop/CLionProjects/082/my_vector.h,,47,27,Default task
2023-01-16T21:12:15.114+09:00,Hoseop Shin,KeyEvent,65535:17:2,082,Editor,C:/Users/hoseop/CLionProjects/082/my_vector_iterator.h,,9,0,Default task
2023-01-16T21:12:15.228+09:00,Hoseop Shin,Action,EditorCut,082,Editor,C:/Users/hoseop/CLionProjects/082/my_vector_iterator.h,,9,0,Default task
2023-01-16T21:12:15.236+09:00,Hoseop Shin,KeyEvent,24:88:2,082,Editor,C:/Users/hoseop/CLionProjects/082/my_vector_iterator.h,,9,0,Default task
2023-01-16T21:12:16.422+09:00,Hoseop Shin,Action,EditorBackSpace,082,Editor,C:/Users/hoseop/CLionProjects/082/my_vector_iterator.h,,9,0,Default task
2023-01-16T21:12:16.430+09:00,Hoseop Shin,KeyEvent,8:8:0,082,Editor,C:/Users/hoseop/CLionProjects/082/my_vector_iterator.h,,8,0,Default task
2023-01-16T21:12:19.432+09:00,Hoseop Shin,Action,EditorEnter,082,Editor,C:/Users/hoseop/CLionProjects/082/my_vector_iterator.h,,32,3,Default task
2023-01-16T21:12:19.459+09:00,Hoseop Shin,KeyEvent,10:10:0,082,Editor,C:/Users/hoseop/CLionProjects/082/my_vector_iterator.h,,33,0,Default task
2023-01-16T21:12:19.557+09:00,Hoseop Shin,Action,EditorEnter,082,Editor,C:/Users/hoseop/CLionProjects/082/my_vector_iterator.h,,33,0,Default task
2023-01-16T21:12:19.572+09:00,Hoseop Shin,KeyEvent,10:10:0,082,Editor,C:/Users/hoseop/CLionProjects/082/my_vector_iterator.h,,34,0,Default task
2023-01-16T21:12:19.624+09:00,Hoseop Shin,KeyEvent,65535:17:2,082,Editor,C:/Users/hoseop/CLionProjects/082/my_vector_iterator.h,,34,0,Default task
2023-01-16T21:12:19.678+09:00,Hoseop Shin,Action,EditorPaste,082,Editor,C:/Users/hoseop/CLionProjects/082/my_vector_iterator.h,,34,0,Default task
2023-01-16T21:12:19.719+09:00,Hoseop Shin,KeyEvent,22:86:2,082,Editor,C:/Users/hoseop/CLionProjects/082/my_vector_iterator.h,,35,16,Default task
2023-01-16T21:15:40.173+09:00,Hoseop Shin,Action,EditorEnter,082,Editor,C:/Users/hoseop/CLionProjects/082/my_vector.h,,10,17,Default task
2023-01-16T21:15:40.179+09:00,Hoseop Shin,KeyEvent,10:10:0,082,Editor,C:/Users/hoseop/CLionProjects/082/my_vector.h,,11,0,Default task
2023-01-16T21:15:40.385+09:00,Hoseop Shin,KeyEvent,65535:16:1,082,Editor,C:/Users/hoseop/CLionProjects/082/my_vector.h,,11,0,Default task
2023-01-16T21:15:40.448+09:00,Hoseop Shin,KeyEvent,35:51:1,082,Editor,C:/Users/hoseop/CLionProjects/082/my_vector.h,,11,0,Default task
2023-01-16T21:15:40.872+09:00,Hoseop Shin,KeyEvent,105:73:0,082,Editor,C:/Users/hoseop/CLionProjects/082/my_vector.h,,11,1,Default task
2023-01-16T21:15:41.020+09:00,Hoseop Shin,KeyEvent,110:78:0,082,Editor,C:/Users/hoseop/CLionProjects/082/my_vector.h,,11,2,Default task
2023-01-16T21:15:41.150+09:00,Hoseop Shin,KeyEvent,100:68:0,082,Editor,C:/Users/hoseop/CLionProjects/082/my_vector.h,,11,3,Default task
2023-01-16T21:15:41.266+09:00,Hoseop Shin,KeyEvent,108:76:0,082,Editor,C:/Users/hoseop/CLionProjects/082/my_vector.h,,11,4,Default task
2023-01-16T21:15:41.397+09:00,Hoseop Shin,KeyEvent,117:85:0,082,Editor,C:/Users/hoseop/CLionProjects/082/my_vector.h,,11,5,Default task
2023-01-16T21:15:41.425+09:00,Hoseop Shin,KeyEvent,99:67:0,082,Editor,C:/Users/hoseop/CLionProjects/082/my_vector.h,,11,6,Default task
2023-01-16T21:15:41.613+09:00,Hoseop Shin,KeyEvent,101:69:0,082,Editor,C:/Users/hoseop/CLionProjects/082/my_vector.h,,11,7,Default task
2023-01-16T21:15:42.174+09:00,Hoseop Shin,Action,EditorBackSpace,082,Editor,C:/Users/hoseop/CLionProjects/082/my_vector.h,,11,8,Default task
2023-01-16T21:15:42.182+09:00,Hoseop Shin,KeyEvent,8:8:0,082,Editor,C:/Users/hoseop/CLionProjects/082/my_vector.h,,11,7,Default task
2023-01-16T21:15:42.333+09:00,Hoseop Shin,Action,EditorBackSpace,082,Editor,C:/Users/hoseop/CLionProjects/082/my_vector.h,,11,7,Default task
2023-01-16T21:15:42.336+09:00,Hoseop Shin,KeyEvent,8:8:0,082,Editor,C:/Users/hoseop/CLionProjects/082/my_vector.h,,11,6,Default task
2023-01-16T21:15:42.603+09:00,Hoseop Shin,KeyEvent,100:68:0,082,Editor,C:/Users/hoseop/CLionProjects/082/my_vector.h,,11,6,Default task
2023-01-16T21:15:42.808+09:00,Hoseop Shin,KeyEvent,101:69:0,082,Editor,C:/Users/hoseop/CLionProjects/082/my_vector.h,,11,7,Default task
2023-01-16T21:15:43.480+09:00,Hoseop Shin,KeyEvent,32:32:0,082,Editor,C:/Users/hoseop/CLionProjects/082/my_vector.h,,11,8,Default task
2023-01-16T21:15:43.644+09:00,Hoseop Shin,KeyEvent,65535:16:1,082,Editor,C:/Users/hoseop/CLionProjects/082/my_vector.h,,11,9,Default task
2023-01-16T21:15:43.712+09:00,Hoseop Shin,KeyEvent,60:44:1,082,Editor,C:/Users/hoseop/CLionProjects/082/my_vector.h,,11,9,Default task
2023-01-16T21:15:45.921+09:00,Hoseop Shin,Action,EditorBackSpace,082,Editor,C:/Users/hoseop/CLionProjects/082/my_vector.h,,11,10,Default task
2023-01-16T21:15:45.965+09:00,Hoseop Shin,KeyEvent,8:8:0,082,Editor,C:/Users/hoseop/CLionProjects/082/my_vector.h,,11,9,Default task
2023-01-16T21:15:46.308+09:00,Hoseop Shin,KeyEvent,65535:16:1,082,Editor,C:/Users/hoseop/CLionProjects/082/my_vector.h,,11,9,Default task
2023-01-16T21:15:46.308+09:00,Hoseop Shin,KeyEvent,34:222:1,082,Editor,C:/Users/hoseop/CLionProjects/082/my_vector.h,,11,9,Default task
2023-01-16T21:15:49.100+09:00,Hoseop Shin,Action,EditorLeft,082,Editor,C:/Users/hoseop/CLionProjects/082/my_vector.h,,11,10,Default task
2023-01-16T21:15:49.102+09:00,Hoseop Shin,KeyEvent,65535:37:0,082,Editor,C:/Users/hoseop/CLionProjects/082/my_vector.h,,11,9,Default task
2023-01-16T21:15:49.598+09:00,Hoseop Shin,Action,EditorLeft,082,Editor,C:/Users/hoseop/CLionProjects/082/my_vector.h,,11,9,Default task
2023-01-16T21:15:49.600+09:00,Hoseop Shin,KeyEvent,65535:37:0,082,Editor,C:/Users/hoseop/CLionProjects/082/my_vector.h,,11,8,Default task
2023-01-16T21:15:49.630+09:00,Hoseop Shin,Action,EditorLeft,082,Editor,C:/Users/hoseop/CLionProjects/082/my_vector.h,,11,8,Default task
2023-01-16T21:15:49.632+09:00,Hoseop Shin,KeyEvent,65535:37:0,082,Editor,C:/Users/hoseop/CLionProjects/082/my_vector.h,,11,7,Default task
2023-01-16T21:15:49.662+09:00,Hoseop Shin,Action,EditorLeft,082,Editor,C:/Users/hoseop/CLionProjects/082/my_vector.h,,11,7,Default task
2023-01-16T21:15:49.664+09:00,Hoseop Shin,KeyEvent,65535:37:0,082,Editor,C:/Users/hoseop/CLionProjects/082/my_vector.h,,11,6,Default task
2023-01-16T21:15:49.694+09:00,Hoseop Shin,Action,EditorLeft,082,Editor,C:/Users/hoseop/CLionProjects/082/my_vector.h,,11,6,Default task
2023-01-16T21:15:49.696+09:00,Hoseop Shin,KeyEvent,65535:37:0,082,Editor,C:/Users/hoseop/CLionProjects/082/my_vector.h,,11,5,Default task
2023-01-16T21:15:49.724+09:00,Hoseop Shin,Action,EditorLeft,082,Editor,C:/Users/hoseop/CLionProjects/082/my_vector.h,,11,5,Default task
2023-01-16T21:15:49.726+09:00,Hoseop Shin,KeyEvent,65535:37:0,082,Editor,C:/Users/hoseop/CLionProjects/082/my_vector.h,,11,4,Default task
2023-01-16T21:15:50.321+09:00,Hoseop Shin,Action,EditorBackSpace,082,Editor,C:/Users/hoseop/CLionProjects/082/my_vector.h,,11,4,Default task
2023-01-16T21:15:50.326+09:00,Hoseop Shin,KeyEvent,8:8:0,082,Editor,C:/Users/hoseop/CLionProjects/082/my_vector.h,,11,3,Default task
2023-01-16T21:15:50.447+09:00,Hoseop Shin,KeyEvent,99:67:0,082,Editor,C:/Users/hoseop/CLionProjects/082/my_vector.h,,11,3,Default task
2023-01-16T21:15:50.785+09:00,Hoseop Shin,Action,EditorLineEnd,082,Editor,C:/Users/hoseop/CLionProjects/082/my_vector.h,,11,4,Default task
2023-01-16T21:15:50.792+09:00,Hoseop Shin,KeyEvent,65535:35:0,082,Editor,C:/Users/hoseop/CLionProjects/082/my_vector.h,,11,11,Default task
2023-01-16T21:15:51.076+09:00,Hoseop Shin,Action,EditorLeft,082,Editor,C:/Users/hoseop/CLionProjects/082/my_vector.h,,11,11,Default task
2023-01-16T21:15:51.078+09:00,Hoseop Shin,KeyEvent,65535:37:0,082,Editor,C:/Users/hoseop/CLionProjects/082/my_vector.h,,11,10,Default task
2023-01-16T21:15:52.649+09:00,Hoseop Shin,KeyEvent,105:73:0,082,Editor,C:/Users/hoseop/CLionProjects/082/my_vector.h,,11,10,Default task
2023-01-16T21:15:53.224+09:00,Hoseop Shin,Action,EditorBackSpace,082,Editor,C:/Users/hoseop/CLionProjects/082/my_vector.h,,11,11,Default task
2023-01-16T21:15:53.247+09:00,Hoseop Shin,KeyEvent,8:8:0,082,Editor,C:/Users/hoseop/CLionProjects/082/my_vector.h,,11,10,Default task
2023-01-16T21:15:53.542+09:00,Hoseop Shin,KeyEvent,109:77:0,082,Editor,C:/Users/hoseop/CLionProjects/082/my_vector.h,,11,10,Default task
2023-01-16T21:15:53.825+09:00,Hoseop Shin,KeyEvent,121:89:0,082,Editor,C:/Users/hoseop/CLionProjects/082/my_vector.h,,11,11,Default task
2023-01-16T21:15:54.525+09:00,Hoseop Shin,Action,EditorDown,082,Editor,C:/Users/hoseop/CLionProjects/082/my_vector.h,,11,12,Default task
2023-01-16T21:15:54.529+09:00,Hoseop Shin,KeyEvent,65535:40:0,082,Editor,C:/Users/hoseop/CLionProjects/082/my_vector.h,,11,12,Default task
2023-01-16T21:15:54.849+09:00,Hoseop Shin,Action,EditorChooseLookupItem,082,Editor,C:/Users/hoseop/CLionProjects/082/my_vector.h,,11,12,Default task
2023-01-16T21:15:54.864+09:00,Hoseop Shin,KeyEvent,10:10:0,082,Editor,C:/Users/hoseop/CLionProjects/082/my_vector.h,,11,31,Default task
2023-01-16T21:15:56.880+09:00,Hoseop Shin,KeyEvent,65535:16:1,082,Editor,C:/Users/hoseop/CLionProjects/082/my_vector.h,,11,31,Default task
2023-01-16T21:15:57.039+09:00,Hoseop Shin,Action,Run,082,Editor,C:/Users/hoseop/CLionProjects/082/my_vector.h,,11,31,Default task
2023-01-16T21:15:57.047+09:00,Hoseop Shin,KeyEvent,65535:121:1,082,Editor,C:/Users/hoseop/CLionProjects/082/my_vector.h,,11,31,Default task
2023-01-16T21:16:03.749+09:00,Hoseop Shin,KeyEvent,65535:17:2,082,Editor,C:/Users/hoseop/CLionProjects/082/my_vector.h,,11,31,Default task
2023-01-16T21:16:03.874+09:00,Hoseop Shin,KeyEvent,65535:18:10,082,Editor,C:/Users/hoseop/CLionProjects/082/my_vector.h,,11,31,Default task
2023-01-16T21:16:04.000+09:00,Hoseop Shin,KeyEvent,65535:16:11,082,Editor,C:/Users/hoseop/CLionProjects/082/my_vector.h,,11,31,Default task
2023-01-16T21:16:04.343+09:00,Hoseop Shin,Action,ActivityTracker-Popup,082,Editor,C:/Users/hoseop/CLionProjects/082/my_vector.h,,11,31,Default task
2023-01-16T21:16:04.390+09:00,Hoseop Shin,KeyEvent,65535:79:11,082,Editor,C:/Users/hoseop/CLionProjects/082/my_vector.h,,11,31,Default task
2023-01-16T21:16:10.206+09:00,Hoseop Shin,Action,RevealIn,082,Popup,C:/Users/hoseop/AppData/Roaming/JetBrains/CLion2022.3/plugins/activity-tracker/ide-events.csv,,0,0,Default task
