2023-01-10T16:43:28.258+09:00,Hoseop Shin,KeyEvent,65535:17:2,050,Project,C:/Users/hoseop/CLionProjects/050/student.cpp,,18,51,Default task
2023-01-10T16:43:28.356+09:00,Hoseop Shin,Action,$Copy,050,Project,C:/Users/hoseop/CLionProjects/050/student.cpp,,18,51,Default task
2023-01-10T16:43:28.364+09:00,Hoseop Shin,KeyEvent,3:67:2,050,Project,C:/Users/hoseop/CLionProjects/050/student.cpp,,18,51,Default task
2023-01-10T16:43:33.166+09:00,Hoseop Shin,KeyEvent,65535:17:2,050,Project,C:/Users/hoseop/CLionProjects/050/student.cpp,,18,51,Default task
2023-01-10T16:43:33.257+09:00,Hoseop Shin,Action,$Copy,050,Project,C:/Users/hoseop/CLionProjects/050/student.cpp,,18,51,Default task
2023-01-10T16:43:33.269+09:00,Hoseop Shin,KeyEvent,3:67:2,050,Project,C:/Users/hoseop/CLionProjects/050/student.cpp,,18,51,Default task
2023-01-10T21:45:52.031+09:00,Hoseop Shin,KeyEvent,65535:18:8,050,Editor,C:/Users/hoseop/CLionProjects/050/student.cpp,,7,21,Default task
2023-01-10T21:45:52.293+09:00,Hoseop Shin,Action,ActivateProjectToolWindow,050,Editor,C:/Users/hoseop/CLionProjects/050/student.cpp,,7,21,Default task
2023-01-10T21:45:52.324+09:00,Hoseop Shin,KeyEvent,49:49:8,050,Editor,C:/Users/hoseop/CLionProjects/050/student.cpp,,7,21,Default task
2023-01-10T21:45:53.347+09:00,Hoseop Shin,KeyEvent,65535:18:8,050,Editor,C:/Users/hoseop/CLionProjects/050/student.cpp,,5,7,Default task
2023-01-10T21:45:53.429+09:00,Hoseop Shin,Action,ActivateProjectToolWindow,050,Editor,C:/Users/hoseop/CLionProjects/050/student.cpp,,5,7,Default task
2023-01-10T21:45:53.435+09:00,Hoseop Shin,KeyEvent,49:49:8,050,Editor,C:/Users/hoseop/CLionProjects/050/student.cpp,,5,7,Default task
2023-01-10T21:45:53.963+09:00,Hoseop Shin,KeyEvent,65535:18:8,050,Project,C:/Users/hoseop/CLionProjects/050/student.cpp,,5,7,Default task
2023-01-10T21:45:53.968+09:00,Hoseop Shin,Action,ActivateProjectToolWindow,050,Project,C:/Users/hoseop/CLionProjects/050/student.cpp,,5,7,Default task
2023-01-10T21:45:53.985+09:00,Hoseop Shin,KeyEvent,49:49:8,050,Project,C:/Users/hoseop/CLionProjects/050/student.cpp,,5,7,Default task
2023-01-10T21:45:56.908+09:00,Hoseop Shin,KeyEvent,65535:16:1,050,Editor,C:/Users/hoseop/CLionProjects/050/student.cpp,,18,8,Default task
2023-01-10T21:45:57.127+09:00,Hoseop Shin,Action,CIDR.Lang.SwitchHeaderSource,050,Editor,C:/Users/hoseop/CLionProjects/050/student.cpp,,18,8,Default task
2023-01-10T21:45:57.135+09:00,Hoseop Shin,KeyEvent,65535:121:0,050,Editor,C:/Users/hoseop/CLionProjects/050/student.cpp,,18,8,Default task
2023-01-10T21:45:58.956+09:00,Hoseop Shin,KeyEvent,27:27:0,,,,,-1,-1,
2023-01-10T21:45:59.794+09:00,Hoseop Shin,KeyEvent,65535:16:1,050,Editor,C:/Users/hoseop/CLionProjects/050/student.cpp,,18,8,Default task
2023-01-10T21:45:59.879+09:00,Hoseop Shin,Action,Run,050,Editor,C:/Users/hoseop/CLionProjects/050/student.cpp,,18,8,Default task
2023-01-10T21:45:59.912+09:00,Hoseop Shin,KeyEvent,65535:121:1,050,Editor,C:/Users/hoseop/CLionProjects/050/student.cpp,,18,8,Default task
2023-01-10T21:46:14.234+09:00,Hoseop Shin,KeyEvent,65535:17:2,050,Editor,C:/Users/hoseop/CLionProjects/050/main.cpp,,14,21,Default task
2023-01-10T21:46:14.429+09:00,Hoseop Shin,KeyEvent,22:86:2,050,Editor,C:/Users/hoseop/CLionProjects/050/main.cpp,,14,21,Default task
2023-01-10T21:49:21.626+09:00,Hoseop Shin,KeyEvent,65535:18:8,BNZ.63bd5ec94f21f5b8,Project,C:/Users/hoseop/AppData/Local/Temp/BNZ.63bd5ec94f21f5b8/Temperature.cpp,,0,0,Default task
2023-01-10T21:49:21.706+09:00,Hoseop Shin,Action,ActivateProjectToolWindow,BNZ.63bd5ec94f21f5b8,Project,C:/Users/hoseop/AppData/Local/Temp/BNZ.63bd5ec94f21f5b8/Temperature.cpp,,0,0,Default task
2023-01-10T21:49:21.726+09:00,Hoseop Shin,KeyEvent,49:49:8,BNZ.63bd5ec94f21f5b8,Project,C:/Users/hoseop/AppData/Local/Temp/BNZ.63bd5ec94f21f5b8/Temperature.cpp,,0,0,Default task
2023-01-10T21:49:51.509+09:00,Hoseop Shin,Action,OpenFile,050,Editor,C:/Users/hoseop/CLionProjects/050/main.cpp,,14,21,Default task
2023-01-10T21:51:22.577+09:00,Hoseop Shin,KeyEvent,65535:17:2,Encapsulation,Editor,C:/Users/hoseop/CLionProjects/Encapsulation/Cell.h,,17,8,Default task
2023-01-10T21:51:22.762+09:00,Hoseop Shin,Action,CommentByLineComment,Encapsulation,Editor,C:/Users/hoseop/CLionProjects/Encapsulation/Cell.h,,17,8,Default task
2023-01-10T21:51:22.863+09:00,Hoseop Shin,KeyEvent,47:47:2,Encapsulation,Editor,C:/Users/hoseop/CLionProjects/Encapsulation/Cell.h,,17,10,Default task
2023-01-10T21:51:24.029+09:00,Hoseop Shin,Action,EditorLineStart,Encapsulation,Editor,C:/Users/hoseop/CLionProjects/Encapsulation/Cell.h,,17,10,Default task
2023-01-10T21:51:24.038+09:00,Hoseop Shin,KeyEvent,65535:36:0,Encapsulation,Editor,C:/Users/hoseop/CLionProjects/Encapsulation/Cell.h,,17,0,Default task
2023-01-10T21:51:24.303+09:00,Hoseop Shin,Action,EditorEnter,Encapsulation,Editor,C:/Users/hoseop/CLionProjects/Encapsulation/Cell.h,,17,0,Default task
2023-01-10T21:51:24.477+09:00,Hoseop Shin,KeyEvent,10:10:0,Encapsulation,Editor,C:/Users/hoseop/CLionProjects/Encapsulation/Cell.h,,18,8,Default task
2023-01-10T21:51:25.166+09:00,Hoseop Shin,Action,EditorUp,Encapsulation,Editor,C:/Users/hoseop/CLionProjects/Encapsulation/Cell.h,,18,8,Default task
2023-01-10T21:51:25.171+09:00,Hoseop Shin,KeyEvent,65535:38:0,Encapsulation,Editor,C:/Users/hoseop/CLionProjects/Encapsulation/Cell.h,,17,0,Default task
2023-01-10T21:51:25.745+09:00,Hoseop Shin,Action,EditorTab,Encapsulation,Editor,C:/Users/hoseop/CLionProjects/Encapsulation/Cell.h,,17,0,Default task
2023-01-10T21:51:25.790+09:00,Hoseop Shin,KeyEvent,9:9:0,Encapsulation,Editor,C:/Users/hoseop/CLionProjects/Encapsulation/Cell.h,,17,4,Default task
2023-01-10T21:51:26.305+09:00,Hoseop Shin,Action,EditorTab,Encapsulation,Editor,C:/Users/hoseop/CLionProjects/Encapsulation/Cell.h,,17,4,Default task
2023-01-10T21:51:26.314+09:00,Hoseop Shin,KeyEvent,9:9:0,Encapsulation,Editor,C:/Users/hoseop/CLionProjects/Encapsulation/Cell.h,,17,8,Default task
2023-01-10T21:51:26.867+09:00,Hoseop Shin,KeyEvent,115:83:0,Encapsulation,Editor,C:/Users/hoseop/CLionProjects/Encapsulation/Cell.h,,17,8,Default task
2023-01-10T21:51:26.971+09:00,Hoseop Shin,KeyEvent,116:84:0,Encapsulation,Editor,C:/Users/hoseop/CLionProjects/Encapsulation/Cell.h,,17,9,Default task
2023-01-10T21:51:27.138+09:00,Hoseop Shin,KeyEvent,100:68:0,Encapsulation,Editor,C:/Users/hoseop/CLionProjects/Encapsulation/Cell.h,,17,10,Default task
2023-01-10T21:51:27.431+09:00,Hoseop Shin,KeyEvent,65535:16:1,Encapsulation,Editor,C:/Users/hoseop/CLionProjects/Encapsulation/Cell.h,,17,11,Default task
2023-01-10T21:51:27.635+09:00,Hoseop Shin,KeyEvent,58:59:1,Encapsulation,Editor,C:/Users/hoseop/CLionProjects/Encapsulation/Cell.h,,17,11,Default task
2023-01-10T21:51:27.692+09:00,Hoseop Shin,KeyEvent,58:59:1,Encapsulation,Editor,C:/Users/hoseop/CLionProjects/Encapsulation/Cell.h,,17,12,Default task
2023-01-10T21:51:27.811+09:00,Hoseop Shin,KeyEvent,115:83:0,Encapsulation,Editor,C:/Users/hoseop/CLionProjects/Encapsulation/Cell.h,,17,13,Default task
2023-01-10T21:51:27.969+09:00,Hoseop Shin,KeyEvent,116:84:0,Encapsulation,Editor,C:/Users/hoseop/CLionProjects/Encapsulation/Cell.h,,17,14,Default task
2023-01-10T21:51:28.546+09:00,Hoseop Shin,KeyEvent,114:82:0,Encapsulation,Editor,C:/Users/hoseop/CLionProjects/Encapsulation/Cell.h,,17,15,Default task
2023-01-10T21:51:28.565+09:00,Hoseop Shin,KeyEvent,105:73:0,Encapsulation,Editor,C:/Users/hoseop/CLionProjects/Encapsulation/Cell.h,,17,16,Default task
2023-01-10T21:51:28.578+09:00,Hoseop Shin,KeyEvent,110:78:0,Encapsulation,Editor,C:/Users/hoseop/CLionProjects/Encapsulation/Cell.h,,17,17,Default task
2023-01-10T21:51:28.592+09:00,Hoseop Shin,KeyEvent,103:71:0,Encapsulation,Editor,C:/Users/hoseop/CLionProjects/Encapsulation/Cell.h,,17,18,Default task
2023-01-10T21:51:29.966+09:00,Hoseop Shin,KeyEvent,32:32:0,Encapsulation,Editor,C:/Users/hoseop/CLionProjects/Encapsulation/Cell.h,,17,19,Default task
2023-01-10T21:51:31.118+09:00,Hoseop Shin,KeyEvent,115:83:0,Encapsulation,Editor,C:/Users/hoseop/CLionProjects/Encapsulation/Cell.h,,17,20,Default task
2023-01-10T21:51:31.278+09:00,Hoseop Shin,KeyEvent,116:84:0,Encapsulation,Editor,C:/Users/hoseop/CLionProjects/Encapsulation/Cell.h,,17,21,Default task
2023-01-10T21:51:31.577+09:00,Hoseop Shin,KeyEvent,114:82:0,Encapsulation,Editor,C:/Users/hoseop/CLionProjects/Encapsulation/Cell.h,,17,22,Default task
2023-01-10T21:51:31.622+09:00,Hoseop Shin,KeyEvent,105:73:0,Encapsulation,Editor,C:/Users/hoseop/CLionProjects/Encapsulation/Cell.h,,17,23,Default task
2023-01-10T21:51:31.644+09:00,Hoseop Shin,KeyEvent,110:78:0,Encapsulation,Editor,C:/Users/hoseop/CLionProjects/Encapsulation/Cell.h,,17,24,Default task
2023-01-10T21:51:31.768+09:00,Hoseop Shin,KeyEvent,103:71:0,Encapsulation,Editor,C:/Users/hoseop/CLionProjects/Encapsulation/Cell.h,,17,25,Default task
2023-01-10T21:51:32.291+09:00,Hoseop Shin,KeyEvent,65535:16:1,Encapsulation,Editor,C:/Users/hoseop/CLionProjects/Encapsulation/Cell.h,,17,26,Default task
2023-01-10T21:51:32.341+09:00,Hoseop Shin,KeyEvent,95:45:1,Encapsulation,Editor,C:/Users/hoseop/CLionProjects/Encapsulation/Cell.h,,17,26,Default task
2023-01-10T21:51:32.678+09:00,Hoseop Shin,KeyEvent,97:65:0,Encapsulation,Editor,C:/Users/hoseop/CLionProjects/Encapsulation/Cell.h,,17,27,Default task
2023-01-10T21:51:32.967+09:00,Hoseop Shin,KeyEvent,108:76:0,Encapsulation,Editor,C:/Users/hoseop/CLionProjects/Encapsulation/Cell.h,,17,28,Default task
2023-01-10T21:51:33.306+09:00,Hoseop Shin,Action,EditorBackSpace,Encapsulation,Editor,C:/Users/hoseop/CLionProjects/Encapsulation/Cell.h,,17,29,Default task
2023-01-10T21:51:33.326+09:00,Hoseop Shin,KeyEvent,8:8:0,Encapsulation,Editor,C:/Users/hoseop/CLionProjects/Encapsulation/Cell.h,,17,28,Default task
2023-01-10T21:51:33.583+09:00,Hoseop Shin,Action,EditorBackSpace,Encapsulation,Editor,C:/Users/hoseop/CLionProjects/Encapsulation/Cell.h,,17,28,Default task
2023-01-10T21:51:33.595+09:00,Hoseop Shin,KeyEvent,8:8:0,Encapsulation,Editor,C:/Users/hoseop/CLionProjects/Encapsulation/Cell.h,,17,27,Default task
2023-01-10T21:51:33.996+09:00,Hoseop Shin,KeyEvent,118:86:0,Encapsulation,Editor,C:/Users/hoseop/CLionProjects/Encapsulation/Cell.h,,17,27,Default task
2023-01-10T21:51:34.147+09:00,Hoseop Shin,KeyEvent,97:65:0,Encapsulation,Editor,C:/Users/hoseop/CLionProjects/Encapsulation/Cell.h,,17,28,Default task
2023-01-10T21:51:34.191+09:00,Hoseop Shin,KeyEvent,108:76:0,Encapsulation,Editor,C:/Users/hoseop/CLionProjects/Encapsulation/Cell.h,,17,29,Default task
2023-01-10T21:51:34.321+09:00,Hoseop Shin,KeyEvent,117:85:0,Encapsulation,Editor,C:/Users/hoseop/CLionProjects/Encapsulation/Cell.h,,17,30,Default task
2023-01-10T21:51:34.985+09:00,Hoseop Shin,KeyEvent,101:69:0,Encapsulation,Editor,C:/Users/hoseop/CLionProjects/Encapsulation/Cell.h,,17,31,Default task
2023-01-10T21:51:35.819+09:00,Hoseop Shin,KeyEvent,59:59:0,Encapsulation,Editor,C:/Users/hoseop/CLionProjects/Encapsulation/Cell.h,,17,32,Default task
2023-01-10T21:51:38.123+09:00,Hoseop Shin,Action,EditorEnter,Encapsulation,Editor,C:/Users/hoseop/CLionProjects/Encapsulation/Cell.h,,17,33,Default task
2023-01-10T21:51:38.162+09:00,Hoseop Shin,KeyEvent,10:10:0,Encapsulation,Editor,C:/Users/hoseop/CLionProjects/Encapsulation/Cell.h,,18,8,Default task
2023-01-10T21:51:38.814+09:00,Hoseop Shin,KeyEvent,100:68:0,Encapsulation,Editor,C:/Users/hoseop/CLionProjects/Encapsulation/Cell.h,,18,8,Default task
2023-01-10T21:51:38.926+09:00,Hoseop Shin,KeyEvent,111:79:0,Encapsulation,Editor,C:/Users/hoseop/CLionProjects/Encapsulation/Cell.h,,18,9,Default task
2023-01-10T21:51:38.973+09:00,Hoseop Shin,KeyEvent,117:85:0,Encapsulation,Editor,C:/Users/hoseop/CLionProjects/Encapsulation/Cell.h,,18,10,Default task
2023-01-10T21:51:39.025+09:00,Hoseop Shin,KeyEvent,98:66:0,Encapsulation,Editor,C:/Users/hoseop/CLionProjects/Encapsulation/Cell.h,,18,11,Default task
2023-01-10T21:51:39.146+09:00,Hoseop Shin,KeyEvent,108:76:0,Encapsulation,Editor,C:/Users/hoseop/CLionProjects/Encapsulation/Cell.h,,18,12,Default task
2023-01-10T21:51:39.250+09:00,Hoseop Shin,KeyEvent,101:69:0,Encapsulation,Editor,C:/Users/hoseop/CLionProjects/Encapsulation/Cell.h,,18,13,Default task
2023-01-10T21:51:39.801+09:00,Hoseop Shin,KeyEvent,32:32:0,Encapsulation,Editor,C:/Users/hoseop/CLionProjects/Encapsulation/Cell.h,,18,14,Default task
2023-01-10T21:51:40.021+09:00,Hoseop Shin,KeyEvent,110:78:0,Encapsulation,Editor,C:/Users/hoseop/CLionProjects/Encapsulation/Cell.h,,18,15,Default task
2023-01-10T21:51:40.151+09:00,Hoseop Shin,KeyEvent,117:85:0,Encapsulation,Editor,C:/Users/hoseop/CLionProjects/Encapsulation/Cell.h,,18,16,Default task
2023-01-10T21:51:40.354+09:00,Hoseop Shin,KeyEvent,109:77:0,Encapsulation,Editor,C:/Users/hoseop/CLionProjects/Encapsulation/Cell.h,,18,17,Default task
2023-01-10T21:51:40.525+09:00,Hoseop Shin,KeyEvent,98:66:0,Encapsulation,Editor,C:/Users/hoseop/CLionProjects/Encapsulation/Cell.h,,18,18,Default task
2023-01-10T21:51:40.841+09:00,Hoseop Shin,KeyEvent,101:69:0,Encapsulation,Editor,C:/Users/hoseop/CLionProjects/Encapsulation/Cell.h,,18,19,Default task
2023-01-10T21:51:40.897+09:00,Hoseop Shin,KeyEvent,114:82:0,Encapsulation,Editor,C:/Users/hoseop/CLionProjects/Encapsulation/Cell.h,,18,20,Default task
2023-01-10T21:51:44.288+09:00,Hoseop Shin,KeyEvent,65535:16:1,Encapsulation,Editor,C:/Users/hoseop/CLionProjects/Encapsulation/Cell.h,,18,21,Default task
2023-01-10T21:51:44.364+09:00,Hoseop Shin,KeyEvent,95:45:1,Encapsulation,Editor,C:/Users/hoseop/CLionProjects/Encapsulation/Cell.h,,18,21,Default task
2023-01-10T21:51:44.454+09:00,Hoseop Shin,KeyEvent,118:86:0,Encapsulation,Editor,C:/Users/hoseop/CLionProjects/Encapsulation/Cell.h,,18,22,Default task
2023-01-10T21:51:44.638+09:00,Hoseop Shin,KeyEvent,97:65:0,Encapsulation,Editor,C:/Users/hoseop/CLionProjects/Encapsulation/Cell.h,,18,23,Default task
2023-01-10T21:51:44.738+09:00,Hoseop Shin,KeyEvent,108:76:0,Encapsulation,Editor,C:/Users/hoseop/CLionProjects/Encapsulation/Cell.h,,18,24,Default task
2023-01-10T21:51:44.805+09:00,Hoseop Shin,KeyEvent,117:85:0,Encapsulation,Editor,C:/Users/hoseop/CLionProjects/Encapsulation/Cell.h,,18,25,Default task
2023-01-10T21:51:44.921+09:00,Hoseop Shin,KeyEvent,101:69:0,Encapsulation,Editor,C:/Users/hoseop/CLionProjects/Encapsulation/Cell.h,,18,26,Default task
2023-01-10T21:51:46.013+09:00,Hoseop Shin,KeyEvent,61:61:0,Encapsulation,Editor,C:/Users/hoseop/CLionProjects/Encapsulation/Cell.h,,18,27,Default task
2023-01-10T21:51:46.193+09:00,Hoseop Shin,KeyEvent,45:45:0,Encapsulation,Editor,C:/Users/hoseop/CLionProjects/Encapsulation/Cell.h,,18,28,Default task
2023-01-10T21:51:46.536+09:00,Hoseop Shin,Action,EditorBackSpace,Encapsulation,Editor,C:/Users/hoseop/CLionProjects/Encapsulation/Cell.h,,18,29,Default task
2023-01-10T21:51:46.543+09:00,Hoseop Shin,KeyEvent,8:8:0,Encapsulation,Editor,C:/Users/hoseop/CLionProjects/Encapsulation/Cell.h,,18,28,Default task
2023-01-10T21:51:46.984+09:00,Hoseop Shin,KeyEvent,48:48:0,Encapsulation,Editor,C:/Users/hoseop/CLionProjects/Encapsulation/Cell.h,,18,28,Default task
2023-01-10T21:51:47.141+09:00,Hoseop Shin,KeyEvent,59:59:0,Encapsulation,Editor,C:/Users/hoseop/CLionProjects/Encapsulation/Cell.h,,18,29,Default task
2023-01-10T21:51:52.572+09:00,Hoseop Shin,Action,EditorBackSpace,Encapsulation,Editor,C:/Users/hoseop/CLionProjects/Encapsulation/Cell.h,,19,8,Default task
2023-01-10T21:51:52.602+09:00,Hoseop Shin,KeyEvent,8:8:0,Encapsulation,Editor,C:/Users/hoseop/CLionProjects/Encapsulation/Cell.h,,19,8,Default task
2023-01-10T21:51:53.150+09:00,Hoseop Shin,Action,EditorBackSpace,Encapsulation,Editor,C:/Users/hoseop/CLionProjects/Encapsulation/Cell.h,,19,8,Default task
2023-01-10T21:51:53.198+09:00,Hoseop Shin,KeyEvent,8:8:0,Encapsulation,Editor,C:/Users/hoseop/CLionProjects/Encapsulation/Cell.h,,18,30,Default task
2023-01-10T21:52:00.718+09:00,Hoseop Shin,KeyEvent,65535:17:2,Encapsulation,Editor,C:/Users/hoseop/CLionProjects/Encapsulation/Cell.cpp,,7,9,Default task
2023-01-10T21:52:00.821+09:00,Hoseop Shin,Action,CommentByLineComment,Encapsulation,Editor,C:/Users/hoseop/CLionProjects/Encapsulation/Cell.cpp,,7,9,Default task
2023-01-10T21:52:00.831+09:00,Hoseop Shin,KeyEvent,47:47:2,Encapsulation,Editor,C:/Users/hoseop/CLionProjects/Encapsulation/Cell.cpp,,8,5,Default task
2023-01-10T21:52:01.458+09:00,Hoseop Shin,Action,EditorUp,Encapsulation,Editor,C:/Users/hoseop/CLionProjects/Encapsulation/Cell.cpp,,8,5,Default task
2023-01-10T21:52:01.461+09:00,Hoseop Shin,KeyEvent,65535:38:0,Encapsulation,Editor,C:/Users/hoseop/CLionProjects/Encapsulation/Cell.cpp,,7,11,Default task
2023-01-10T21:52:02.116+09:00,Hoseop Shin,Action,EditorLineStart,Encapsulation,Editor,C:/Users/hoseop/CLionProjects/Encapsulation/Cell.cpp,,7,11,Default task
2023-01-10T21:52:02.120+09:00,Hoseop Shin,KeyEvent,65535:36:0,Encapsulation,Editor,C:/Users/hoseop/CLionProjects/Encapsulation/Cell.cpp,,7,0,Default task
2023-01-10T21:52:02.491+09:00,Hoseop Shin,Action,EditorEnter,Encapsulation,Editor,C:/Users/hoseop/CLionProjects/Encapsulation/Cell.cpp,,7,0,Default task
2023-01-10T21:52:02.507+09:00,Hoseop Shin,KeyEvent,10:10:0,Encapsulation,Editor,C:/Users/hoseop/CLionProjects/Encapsulation/Cell.cpp,,8,8,Default task
2023-01-10T21:52:03.110+09:00,Hoseop Shin,Action,EditorUp,Encapsulation,Editor,C:/Users/hoseop/CLionProjects/Encapsulation/Cell.cpp,,8,8,Default task
2023-01-10T21:52:03.113+09:00,Hoseop Shin,KeyEvent,65535:38:0,Encapsulation,Editor,C:/Users/hoseop/CLionProjects/Encapsulation/Cell.cpp,,7,0,Default task
2023-01-10T21:52:03.417+09:00,Hoseop Shin,Action,EditorTab,Encapsulation,Editor,C:/Users/hoseop/CLionProjects/Encapsulation/Cell.cpp,,7,0,Default task
2023-01-10T21:52:03.425+09:00,Hoseop Shin,KeyEvent,9:9:0,Encapsulation,Editor,C:/Users/hoseop/CLionProjects/Encapsulation/Cell.cpp,,7,4,Default task
2023-01-10T21:52:03.941+09:00,Hoseop Shin,Action,EditorTab,Encapsulation,Editor,C:/Users/hoseop/CLionProjects/Encapsulation/Cell.cpp,,7,4,Default task
2023-01-10T21:52:03.948+09:00,Hoseop Shin,KeyEvent,9:9:0,Encapsulation,Editor,C:/Users/hoseop/CLionProjects/Encapsulation/Cell.cpp,,7,8,Default task
2023-01-10T21:52:10.983+09:00,Hoseop Shin,KeyEvent,110:78:0,Encapsulation,Editor,C:/Users/hoseop/CLionProjects/Encapsulation/Cell.cpp,,7,8,Default task
2023-01-10T21:52:11.083+09:00,Hoseop Shin,KeyEvent,117:85:0,Encapsulation,Editor,C:/Users/hoseop/CLionProjects/Encapsulation/Cell.cpp,,7,9,Default task
2023-01-10T21:52:11.217+09:00,Hoseop Shin,KeyEvent,109:77:0,Encapsulation,Editor,C:/Users/hoseop/CLionProjects/Encapsulation/Cell.cpp,,7,10,Default task
2023-01-10T21:52:11.400+09:00,Hoseop Shin,KeyEvent,98:66:0,Encapsulation,Editor,C:/Users/hoseop/CLionProjects/Encapsulation/Cell.cpp,,7,11,Default task
2023-01-10T21:52:11.655+09:00,Hoseop Shin,KeyEvent,101:69:0,Encapsulation,Editor,C:/Users/hoseop/CLionProjects/Encapsulation/Cell.cpp,,7,12,Default task
2023-01-10T21:52:11.790+09:00,Hoseop Shin,KeyEvent,114:82:0,Encapsulation,Editor,C:/Users/hoseop/CLionProjects/Encapsulation/Cell.cpp,,7,13,Default task
2023-01-10T21:52:12.467+09:00,Hoseop Shin,KeyEvent,65535:16:1,Encapsulation,Editor,C:/Users/hoseop/CLionProjects/Encapsulation/Cell.cpp,,7,14,Default task
2023-01-10T21:52:12.570+09:00,Hoseop Shin,KeyEvent,95:45:1,Encapsulation,Editor,C:/Users/hoseop/CLionProjects/Encapsulation/Cell.cpp,,7,14,Default task
2023-01-10T21:52:12.682+09:00,Hoseop Shin,KeyEvent,118:86:0,Encapsulation,Editor,C:/Users/hoseop/CLionProjects/Encapsulation/Cell.cpp,,7,15,Default task
2023-01-10T21:52:12.795+09:00,Hoseop Shin,KeyEvent,97:65:0,Encapsulation,Editor,C:/Users/hoseop/CLionProjects/Encapsulation/Cell.cpp,,7,16,Default task
2023-01-10T21:52:12.937+09:00,Hoseop Shin,KeyEvent,108:76:0,Encapsulation,Editor,C:/Users/hoseop/CLionProjects/Encapsulation/Cell.cpp,,7,17,Default task
2023-01-10T21:52:13.032+09:00,Hoseop Shin,KeyEvent,117:85:0,Encapsulation,Editor,C:/Users/hoseop/CLionProjects/Encapsulation/Cell.cpp,,7,18,Default task
2023-01-10T21:52:13.140+09:00,Hoseop Shin,KeyEvent,101:69:0,Encapsulation,Editor,C:/Users/hoseop/CLionProjects/Encapsulation/Cell.cpp,,7,19,Default task
2023-01-10T21:52:13.891+09:00,Hoseop Shin,KeyEvent,32:32:0,Encapsulation,Editor,C:/Users/hoseop/CLionProjects/Encapsulation/Cell.cpp,,7,20,Default task
2023-01-10T21:52:14.028+09:00,Hoseop Shin,KeyEvent,61:61:0,Encapsulation,Editor,C:/Users/hoseop/CLionProjects/Encapsulation/Cell.cpp,,7,21,Default task
2023-01-10T21:52:14.102+09:00,Hoseop Shin,KeyEvent,32:32:0,Encapsulation,Editor,C:/Users/hoseop/CLionProjects/Encapsulation/Cell.cpp,,7,22,Default task
2023-01-10T21:52:14.379+09:00,Hoseop Shin,KeyEvent,105:73:0,Encapsulation,Editor,C:/Users/hoseop/CLionProjects/Encapsulation/Cell.cpp,,7,23,Default task
2023-01-10T21:52:15.291+09:00,Hoseop Shin,KeyEvent,65535:20:0,Encapsulation,Editor,C:/Users/hoseop/CLionProjects/Encapsulation/Cell.cpp,,7,24,Default task
2023-01-10T21:52:15.453+09:00,Hoseop Shin,KeyEvent,86:86:0,Encapsulation,Editor,C:/Users/hoseop/CLionProjects/Encapsulation/Cell.cpp,,7,24,Default task
2023-01-10T21:52:15.888+09:00,Hoseop Shin,Action,EditorChooseLookupItem,Encapsulation,Editor,C:/Users/hoseop/CLionProjects/Encapsulation/Cell.cpp,,7,25,Default task
2023-01-10T21:52:16.002+09:00,Hoseop Shin,KeyEvent,10:10:0,Encapsulation,Editor,C:/Users/hoseop/CLionProjects/Encapsulation/Cell.cpp,,7,27,Default task
2023-01-10T21:52:16.118+09:00,Hoseop Shin,KeyEvent,65535:20:0,Encapsulation,Editor,C:/Users/hoseop/CLionProjects/Encapsulation/Cell.cpp,,7,27,Default task
2023-01-10T21:52:16.919+09:00,Hoseop Shin,KeyEvent,59:59:0,Encapsulation,Editor,C:/Users/hoseop/CLionProjects/Encapsulation/Cell.cpp,,7,27,Default task
2023-01-10T21:52:21.620+09:00,Hoseop Shin,Action,EditorBackSpace,Encapsulation,Editor,C:/Users/hoseop/CLionProjects/Encapsulation/Cell.cpp,,8,0,Default task
2023-01-10T21:52:21.628+09:00,Hoseop Shin,KeyEvent,8:8:0,Encapsulation,Editor,C:/Users/hoseop/CLionProjects/Encapsulation/Cell.cpp,,8,0,Default task
2023-01-10T21:52:21.796+09:00,Hoseop Shin,Action,EditorBackSpace,Encapsulation,Editor,C:/Users/hoseop/CLionProjects/Encapsulation/Cell.cpp,,8,0,Default task
2023-01-10T21:52:21.804+09:00,Hoseop Shin,KeyEvent,8:8:0,Encapsulation,Editor,C:/Users/hoseop/CLionProjects/Encapsulation/Cell.cpp,,7,28,Default task
2023-01-10T21:52:24.870+09:00,Hoseop Shin,KeyEvent,65535:17:2,Encapsulation,Editor,C:/Users/hoseop/CLionProjects/Encapsulation/Cell.cpp,,10,8,Default task
2023-01-10T21:52:25.060+09:00,Hoseop Shin,Action,CommentByLineComment,Encapsulation,Editor,C:/Users/hoseop/CLionProjects/Encapsulation/Cell.cpp,,10,8,Default task
2023-01-10T21:52:25.068+09:00,Hoseop Shin,KeyEvent,47:47:2,Encapsulation,Editor,C:/Users/hoseop/CLionProjects/Encapsulation/Cell.cpp,,10,10,Default task
2023-01-10T21:52:26.091+09:00,Hoseop Shin,Action,EditorLineStart,Encapsulation,Editor,C:/Users/hoseop/CLionProjects/Encapsulation/Cell.cpp,,10,10,Default task
2023-01-10T21:52:26.094+09:00,Hoseop Shin,KeyEvent,65535:36:0,Encapsulation,Editor,C:/Users/hoseop/CLionProjects/Encapsulation/Cell.cpp,,10,0,Default task
2023-01-10T21:52:26.333+09:00,Hoseop Shin,Action,EditorEnter,Encapsulation,Editor,C:/Users/hoseop/CLionProjects/Encapsulation/Cell.cpp,,10,0,Default task
2023-01-10T21:52:26.346+09:00,Hoseop Shin,KeyEvent,10:10:0,Encapsulation,Editor,C:/Users/hoseop/CLionProjects/Encapsulation/Cell.cpp,,11,8,Default task
2023-01-10T21:52:26.694+09:00,Hoseop Shin,Action,EditorUp,Encapsulation,Editor,C:/Users/hoseop/CLionProjects/Encapsulation/Cell.cpp,,11,8,Default task
2023-01-10T21:52:26.698+09:00,Hoseop Shin,KeyEvent,65535:38:0,Encapsulation,Editor,C:/Users/hoseop/CLionProjects/Encapsulation/Cell.cpp,,10,0,Default task
2023-01-10T21:52:27.158+09:00,Hoseop Shin,Action,EditorTab,Encapsulation,Editor,C:/Users/hoseop/CLionProjects/Encapsulation/Cell.cpp,,10,0,Default task
2023-01-10T21:52:27.175+09:00,Hoseop Shin,KeyEvent,9:9:0,Encapsulation,Editor,C:/Users/hoseop/CLionProjects/Encapsulation/Cell.cpp,,10,4,Default task
2023-01-10T21:52:27.552+09:00,Hoseop Shin,Action,EditorTab,Encapsulation,Editor,C:/Users/hoseop/CLionProjects/Encapsulation/Cell.cpp,,10,4,Default task
2023-01-10T21:52:27.570+09:00,Hoseop Shin,KeyEvent,9:9:0,Encapsulation,Editor,C:/Users/hoseop/CLionProjects/Encapsulation/Cell.cpp,,10,8,Default task
2023-01-10T21:52:28.215+09:00,Hoseop Shin,KeyEvent,115:83:0,Encapsulation,Editor,C:/Users/hoseop/CLionProjects/Encapsulation/Cell.cpp,,10,8,Default task
2023-01-10T21:52:28.376+09:00,Hoseop Shin,KeyEvent,116:84:0,Encapsulation,Editor,C:/Users/hoseop/CLionProjects/Encapsulation/Cell.cpp,,10,9,Default task
2023-01-10T21:52:28.553+09:00,Hoseop Shin,KeyEvent,114:82:0,Encapsulation,Editor,C:/Users/hoseop/CLionProjects/Encapsulation/Cell.cpp,,10,10,Default task
2023-01-10T21:52:29.225+09:00,Hoseop Shin,KeyEvent,105:73:0,Encapsulation,Editor,C:/Users/hoseop/CLionProjects/Encapsulation/Cell.cpp,,10,11,Default task
2023-01-10T21:52:29.333+09:00,Hoseop Shin,KeyEvent,110:78:0,Encapsulation,Editor,C:/Users/hoseop/CLionProjects/Encapsulation/Cell.cpp,,10,12,Default task
2023-01-10T21:52:29.471+09:00,Hoseop Shin,KeyEvent,103:71:0,Encapsulation,Editor,C:/Users/hoseop/CLionProjects/Encapsulation/Cell.cpp,,10,13,Default task
2023-01-10T21:52:29.530+09:00,Hoseop Shin,KeyEvent,32:32:0,Encapsulation,Editor,C:/Users/hoseop/CLionProjects/Encapsulation/Cell.cpp,,10,14,Default task
2023-01-10T21:52:30.043+09:00,Hoseop Shin,Action,EditorBackSpace,Encapsulation,Editor,C:/Users/hoseop/CLionProjects/Encapsulation/Cell.cpp,,10,15,Default task
2023-01-10T21:52:30.063+09:00,Hoseop Shin,KeyEvent,8:8:0,Encapsulation,Editor,C:/Users/hoseop/CLionProjects/Encapsulation/Cell.cpp,,10,14,Default task
2023-01-10T21:52:30.277+09:00,Hoseop Shin,KeyEvent,65535:16:1,Encapsulation,Editor,C:/Users/hoseop/CLionProjects/Encapsulation/Cell.cpp,,10,14,Default task
2023-01-10T21:52:30.386+09:00,Hoseop Shin,KeyEvent,95:45:1,Encapsulation,Editor,C:/Users/hoseop/CLionProjects/Encapsulation/Cell.cpp,,10,14,Default task
2023-01-10T21:52:30.576+09:00,Hoseop Shin,KeyEvent,118:86:0,Encapsulation,Editor,C:/Users/hoseop/CLionProjects/Encapsulation/Cell.cpp,,10,15,Default task
2023-01-10T21:52:30.680+09:00,Hoseop Shin,KeyEvent,97:65:0,Encapsulation,Editor,C:/Users/hoseop/CLionProjects/Encapsulation/Cell.cpp,,10,16,Default task
2023-01-10T21:52:30.849+09:00,Hoseop Shin,KeyEvent,108:76:0,Encapsulation,Editor,C:/Users/hoseop/CLionProjects/Encapsulation/Cell.cpp,,10,17,Default task
2023-01-10T21:52:30.943+09:00,Hoseop Shin,KeyEvent,117:85:0,Encapsulation,Editor,C:/Users/hoseop/CLionProjects/Encapsulation/Cell.cpp,,10,18,Default task
2023-01-10T21:52:31.056+09:00,Hoseop Shin,KeyEvent,101:69:0,Encapsulation,Editor,C:/Users/hoseop/CLionProjects/Encapsulation/Cell.cpp,,10,19,Default task
2023-01-10T21:52:31.500+09:00,Hoseop Shin,KeyEvent,32:32:0,Encapsulation,Editor,C:/Users/hoseop/CLionProjects/Encapsulation/Cell.cpp,,10,20,Default task
2023-01-10T21:52:31.598+09:00,Hoseop Shin,KeyEvent,61:61:0,Encapsulation,Editor,C:/Users/hoseop/CLionProjects/Encapsulation/Cell.cpp,,10,21,Default task
2023-01-10T21:52:31.723+09:00,Hoseop Shin,KeyEvent,32:32:0,Encapsulation,Editor,C:/Users/hoseop/CLionProjects/Encapsulation/Cell.cpp,,10,22,Default task
2023-01-10T21:52:32.231+09:00,Hoseop Shin,KeyEvent,115:83:0,Encapsulation,Editor,C:/Users/hoseop/CLionProjects/Encapsulation/Cell.cpp,,10,23,Default task
2023-01-10T21:52:32.744+09:00,Hoseop Shin,KeyEvent,65535:20:0,Encapsulation,Editor,C:/Users/hoseop/CLionProjects/Encapsulation/Cell.cpp,,10,24,Default task
2023-01-10T21:52:32.977+09:00,Hoseop Shin,KeyEvent,86:86:0,Encapsulation,Editor,C:/Users/hoseop/CLionProjects/Encapsulation/Cell.cpp,,10,24,Default task
2023-01-10T21:52:33.320+09:00,Hoseop Shin,KeyEvent,65:65:0,Encapsulation,Editor,C:/Users/hoseop/CLionProjects/Encapsulation/Cell.cpp,,10,25,Default task
2023-01-10T21:52:33.653+09:00,Hoseop Shin,KeyEvent,76:76:0,Encapsulation,Editor,C:/Users/hoseop/CLionProjects/Encapsulation/Cell.cpp,,10,26,Default task
2023-01-10T21:52:33.995+09:00,Hoseop Shin,Action,EditorBackSpace,Encapsulation,Editor,C:/Users/hoseop/CLionProjects/Encapsulation/Cell.cpp,,10,27,Default task
2023-01-10T21:52:34.012+09:00,Hoseop Shin,KeyEvent,8:8:0,Encapsulation,Editor,C:/Users/hoseop/CLionProjects/Encapsulation/Cell.cpp,,10,26,Default task
2023-01-10T21:52:34.108+09:00,Hoseop Shin,Action,EditorBackSpace,Encapsulation,Editor,C:/Users/hoseop/CLionProjects/Encapsulation/Cell.cpp,,10,26,Default task
2023-01-10T21:52:34.139+09:00,Hoseop Shin,KeyEvent,8:8:0,Encapsulation,Editor,C:/Users/hoseop/CLionProjects/Encapsulation/Cell.cpp,,10,25,Default task
2023-01-10T21:52:34.197+09:00,Hoseop Shin,KeyEvent,65535:20:0,Encapsulation,Editor,C:/Users/hoseop/CLionProjects/Encapsulation/Cell.cpp,,10,25,Default task
2023-01-10T21:52:34.359+09:00,Hoseop Shin,KeyEvent,97:65:0,Encapsulation,Editor,C:/Users/hoseop/CLionProjects/Encapsulation/Cell.cpp,,10,25,Default task
2023-01-10T21:52:34.454+09:00,Hoseop Shin,KeyEvent,108:76:0,Encapsulation,Editor,C:/Users/hoseop/CLionProjects/Encapsulation/Cell.cpp,,10,26,Default task
2023-01-10T21:52:34.936+09:00,Hoseop Shin,KeyEvent,59:59:0,Encapsulation,Editor,C:/Users/hoseop/CLionProjects/Encapsulation/Cell.cpp,,10,27,Default task
2023-01-10T21:52:37.810+09:00,Hoseop Shin,Action,EditorBackSpace,Encapsulation,Editor,C:/Users/hoseop/CLionProjects/Encapsulation/Cell.cpp,,11,0,Default task
2023-01-10T21:52:37.818+09:00,Hoseop Shin,KeyEvent,8:8:0,Encapsulation,Editor,C:/Users/hoseop/CLionProjects/Encapsulation/Cell.cpp,,11,0,Default task
2023-01-10T21:52:37.929+09:00,Hoseop Shin,Action,EditorBackSpace,Encapsulation,Editor,C:/Users/hoseop/CLionProjects/Encapsulation/Cell.cpp,,11,0,Default task
2023-01-10T21:52:37.938+09:00,Hoseop Shin,KeyEvent,8:8:0,Encapsulation,Editor,C:/Users/hoseop/CLionProjects/Encapsulation/Cell.cpp,,10,28,Default task
2023-01-10T21:52:41.154+09:00,Hoseop Shin,KeyEvent,65535:17:2,Encapsulation,Editor,C:/Users/hoseop/CLionProjects/Encapsulation/Cell.cpp,,19,9,Default task
2023-01-10T21:52:41.258+09:00,Hoseop Shin,Action,CommentByLineComment,Encapsulation,Editor,C:/Users/hoseop/CLionProjects/Encapsulation/Cell.cpp,,19,9,Default task
2023-01-10T21:52:41.279+09:00,Hoseop Shin,KeyEvent,47:47:2,Encapsulation,Editor,C:/Users/hoseop/CLionProjects/Encapsulation/Cell.cpp,,19,11,Default task
2023-01-10T21:52:41.725+09:00,Hoseop Shin,Action,EditorUp,Encapsulation,Editor,C:/Users/hoseop/CLionProjects/Encapsulation/Cell.cpp,,19,11,Default task
2023-01-10T21:52:41.729+09:00,Hoseop Shin,KeyEvent,65535:38:0,Encapsulation,Editor,C:/Users/hoseop/CLionProjects/Encapsulation/Cell.cpp,,12,10,Default task
2023-01-10T21:52:42.522+09:00,Hoseop Shin,Action,EditorDown,Encapsulation,Editor,C:/Users/hoseop/CLionProjects/Encapsulation/Cell.cpp,,12,10,Default task
2023-01-10T21:52:42.525+09:00,Hoseop Shin,KeyEvent,65535:40:0,Encapsulation,Editor,C:/Users/hoseop/CLionProjects/Encapsulation/Cell.cpp,,13,10,Default task
2023-01-10T21:52:42.817+09:00,Hoseop Shin,Action,EditorLineStart,Encapsulation,Editor,C:/Users/hoseop/CLionProjects/Encapsulation/Cell.cpp,,13,10,Default task
2023-01-10T21:52:42.820+09:00,Hoseop Shin,KeyEvent,65535:36:0,Encapsulation,Editor,C:/Users/hoseop/CLionProjects/Encapsulation/Cell.cpp,,13,0,Default task
2023-01-10T21:52:43.080+09:00,Hoseop Shin,KeyEvent,92:92:0,Encapsulation,Editor,C:/Users/hoseop/CLionProjects/Encapsulation/Cell.cpp,,13,0,Default task
2023-01-10T21:52:43.734+09:00,Hoseop Shin,Action,EditorBackSpace,Encapsulation,Editor,C:/Users/hoseop/CLionProjects/Encapsulation/Cell.cpp,,13,1,Default task
2023-01-10T21:52:43.751+09:00,Hoseop Shin,KeyEvent,8:8:0,Encapsulation,Editor,C:/Users/hoseop/CLionProjects/Encapsulation/Cell.cpp,,13,0,Default task
2023-01-10T21:52:44.054+09:00,Hoseop Shin,Action,EditorEnter,Encapsulation,Editor,C:/Users/hoseop/CLionProjects/Encapsulation/Cell.cpp,,13,0,Default task
2023-01-10T21:52:44.067+09:00,Hoseop Shin,KeyEvent,10:10:0,Encapsulation,Editor,C:/Users/hoseop/CLionProjects/Encapsulation/Cell.cpp,,14,8,Default task
2023-01-10T21:52:44.615+09:00,Hoseop Shin,Action,EditorUp,Encapsulation,Editor,C:/Users/hoseop/CLionProjects/Encapsulation/Cell.cpp,,14,8,Default task
2023-01-10T21:52:44.619+09:00,Hoseop Shin,KeyEvent,65535:38:0,Encapsulation,Editor,C:/Users/hoseop/CLionProjects/Encapsulation/Cell.cpp,,13,0,Default task
2023-01-10T21:52:45.037+09:00,Hoseop Shin,Action,EditorTab,Encapsulation,Editor,C:/Users/hoseop/CLionProjects/Encapsulation/Cell.cpp,,13,0,Default task
2023-01-10T21:52:45.043+09:00,Hoseop Shin,KeyEvent,9:9:0,Encapsulation,Editor,C:/Users/hoseop/CLionProjects/Encapsulation/Cell.cpp,,13,4,Default task
2023-01-10T21:52:45.401+09:00,Hoseop Shin,Action,EditorTab,Encapsulation,Editor,C:/Users/hoseop/CLionProjects/Encapsulation/Cell.cpp,,13,4,Default task
2023-01-10T21:52:45.409+09:00,Hoseop Shin,KeyEvent,9:9:0,Encapsulation,Editor,C:/Users/hoseop/CLionProjects/Encapsulation/Cell.cpp,,13,8,Default task
2023-01-10T21:52:46.260+09:00,Hoseop Shin,KeyEvent,105:73:0,Encapsulation,Editor,C:/Users/hoseop/CLionProjects/Encapsulation/Cell.cpp,,13,8,Default task
2023-01-10T21:52:46.340+09:00,Hoseop Shin,KeyEvent,102:70:0,Encapsulation,Editor,C:/Users/hoseop/CLionProjects/Encapsulation/Cell.cpp,,13,9,Default task
2023-01-10T21:52:46.464+09:00,Hoseop Shin,KeyEvent,32:32:0,Encapsulation,Editor,C:/Users/hoseop/CLionProjects/Encapsulation/Cell.cpp,,13,10,Default task
2023-01-10T21:52:47.053+09:00,Hoseop Shin,KeyEvent,65535:16:1,Encapsulation,Editor,C:/Users/hoseop/CLionProjects/Encapsulation/Cell.cpp,,13,11,Default task
2023-01-10T21:52:47.220+09:00,Hoseop Shin,KeyEvent,40:57:1,Encapsulation,Editor,C:/Users/hoseop/CLionProjects/Encapsulation/Cell.cpp,,13,11,Default task
2023-01-10T21:52:47.508+09:00,Hoseop Shin,KeyEvent,110:78:0,Encapsulation,Editor,C:/Users/hoseop/CLionProjects/Encapsulation/Cell.cpp,,13,12,Default task
2023-01-10T21:52:47.635+09:00,Hoseop Shin,KeyEvent,117:85:0,Encapsulation,Editor,C:/Users/hoseop/CLionProjects/Encapsulation/Cell.cpp,,13,13,Default task
2023-01-10T21:52:47.780+09:00,Hoseop Shin,KeyEvent,109:77:0,Encapsulation,Editor,C:/Users/hoseop/CLionProjects/Encapsulation/Cell.cpp,,13,14,Default task
2023-01-10T21:52:47.860+09:00,Hoseop Shin,KeyEvent,98:66:0,Encapsulation,Editor,C:/Users/hoseop/CLionProjects/Encapsulation/Cell.cpp,,13,15,Default task
2023-01-10T21:52:48.072+09:00,Hoseop Shin,KeyEvent,101:69:0,Encapsulation,Editor,C:/Users/hoseop/CLionProjects/Encapsulation/Cell.cpp,,13,16,Default task
2023-01-10T21:52:48.140+09:00,Hoseop Shin,KeyEvent,114:82:0,Encapsulation,Editor,C:/Users/hoseop/CLionProjects/Encapsulation/Cell.cpp,,13,17,Default task
2023-01-10T21:52:48.704+09:00,Hoseop Shin,KeyEvent,65535:16:1,Encapsulation,Editor,C:/Users/hoseop/CLionProjects/Encapsulation/Cell.cpp,,13,18,Default task
2023-01-10T21:52:48.766+09:00,Hoseop Shin,KeyEvent,95:45:1,Encapsulation,Editor,C:/Users/hoseop/CLionProjects/Encapsulation/Cell.cpp,,13,18,Default task
2023-01-10T21:52:48.878+09:00,Hoseop Shin,KeyEvent,118:86:0,Encapsulation,Editor,C:/Users/hoseop/CLionProjects/Encapsulation/Cell.cpp,,13,19,Default task
2023-01-10T21:52:48.987+09:00,Hoseop Shin,KeyEvent,97:65:0,Encapsulation,Editor,C:/Users/hoseop/CLionProjects/Encapsulation/Cell.cpp,,13,20,Default task
2023-01-10T21:52:49.107+09:00,Hoseop Shin,KeyEvent,108:76:0,Encapsulation,Editor,C:/Users/hoseop/CLionProjects/Encapsulation/Cell.cpp,,13,21,Default task
2023-01-10T21:52:49.184+09:00,Hoseop Shin,KeyEvent,117:85:0,Encapsulation,Editor,C:/Users/hoseop/CLionProjects/Encapsulation/Cell.cpp,,13,22,Default task
2023-01-10T21:52:49.274+09:00,Hoseop Shin,KeyEvent,101:69:0,Encapsulation,Editor,C:/Users/hoseop/CLionProjects/Encapsulation/Cell.cpp,,13,23,Default task
2023-01-10T21:52:50.199+09:00,Hoseop Shin,KeyEvent,32:32:0,Encapsulation,Editor,C:/Users/hoseop/CLionProjects/Encapsulation/Cell.cpp,,13,24,Default task
2023-01-10T21:52:50.352+09:00,Hoseop Shin,KeyEvent,65535:16:1,Encapsulation,Editor,C:/Users/hoseop/CLionProjects/Encapsulation/Cell.cpp,,13,25,Default task
2023-01-10T21:52:50.486+09:00,Hoseop Shin,KeyEvent,33:49:1,Encapsulation,Editor,C:/Users/hoseop/CLionProjects/Encapsulation/Cell.cpp,,13,25,Default task
2023-01-10T21:52:50.675+09:00,Hoseop Shin,KeyEvent,61:61:0,Encapsulation,Editor,C:/Users/hoseop/CLionProjects/Encapsulation/Cell.cpp,,13,26,Default task
2023-01-10T21:52:50.899+09:00,Hoseop Shin,KeyEvent,48:48:0,Encapsulation,Editor,C:/Users/hoseop/CLionProjects/Encapsulation/Cell.cpp,,13,27,Default task
2023-01-10T21:52:51.890+09:00,Hoseop Shin,KeyEvent,32:32:0,Encapsulation,Editor,C:/Users/hoseop/CLionProjects/Encapsulation/Cell.cpp,,13,28,Default task
2023-01-10T21:52:52.670+09:00,Hoseop Shin,Action,EditorLeft,Encapsulation,Editor,C:/Users/hoseop/CLionProjects/Encapsulation/Cell.cpp,,13,29,Default task
2023-01-10T21:52:52.673+09:00,Hoseop Shin,KeyEvent,65535:37:0,Encapsulation,Editor,C:/Users/hoseop/CLionProjects/Encapsulation/Cell.cpp,,13,28,Default task
2023-01-10T21:52:52.935+09:00,Hoseop Shin,Action,EditorRight,Encapsulation,Editor,C:/Users/hoseop/CLionProjects/Encapsulation/Cell.cpp,,13,28,Default task
2023-01-10T21:52:52.938+09:00,Hoseop Shin,KeyEvent,65535:39:0,Encapsulation,Editor,C:/Users/hoseop/CLionProjects/Encapsulation/Cell.cpp,,13,29,Default task
2023-01-10T21:52:53.239+09:00,Hoseop Shin,Action,EditorBackSpace,Encapsulation,Editor,C:/Users/hoseop/CLionProjects/Encapsulation/Cell.cpp,,13,29,Default task
2023-01-10T21:52:53.246+09:00,Hoseop Shin,KeyEvent,8:8:0,Encapsulation,Editor,C:/Users/hoseop/CLionProjects/Encapsulation/Cell.cpp,,13,28,Default task
2023-01-10T21:52:54.166+09:00,Hoseop Shin,Action,EditorLeft,Encapsulation,Editor,C:/Users/hoseop/CLionProjects/Encapsulation/Cell.cpp,,13,28,Default task
2023-01-10T21:52:54.169+09:00,Hoseop Shin,KeyEvent,65535:37:0,Encapsulation,Editor,C:/Users/hoseop/CLionProjects/Encapsulation/Cell.cpp,,13,27,Default task
2023-01-10T21:52:54.430+09:00,Hoseop Shin,KeyEvent,32:32:0,Encapsulation,Editor,C:/Users/hoseop/CLionProjects/Encapsulation/Cell.cpp,,13,27,Default task
2023-01-10T21:52:54.637+09:00,Hoseop Shin,Action,EditorRight,Encapsulation,Editor,C:/Users/hoseop/CLionProjects/Encapsulation/Cell.cpp,,13,28,Default task
2023-01-10T21:52:54.640+09:00,Hoseop Shin,KeyEvent,65535:39:0,Encapsulation,Editor,C:/Users/hoseop/CLionProjects/Encapsulation/Cell.cpp,,13,29,Default task
2023-01-10T21:52:55.622+09:00,Hoseop Shin,Action,EditorRight,Encapsulation,Editor,C:/Users/hoseop/CLionProjects/Encapsulation/Cell.cpp,,13,29,Default task
2023-01-10T21:52:55.624+09:00,Hoseop Shin,KeyEvent,65535:39:0,Encapsulation,Editor,C:/Users/hoseop/CLionProjects/Encapsulation/Cell.cpp,,13,30,Default task
2023-01-10T21:52:56.122+09:00,Hoseop Shin,KeyEvent,32:32:0,Encapsulation,Editor,C:/Users/hoseop/CLionProjects/Encapsulation/Cell.cpp,,13,30,Default task
2023-01-10T21:52:56.291+09:00,Hoseop Shin,KeyEvent,65535:16:1,Encapsulation,Editor,C:/Users/hoseop/CLionProjects/Encapsulation/Cell.cpp,,13,31,Default task
2023-01-10T21:52:56.742+09:00,Hoseop Shin,KeyEvent,65535:16:1,Encapsulation,Editor,C:/Users/hoseop/CLionProjects/Encapsulation/Cell.cpp,,13,31,Default task
2023-01-10T21:52:56.796+09:00,Hoseop Shin,KeyEvent,123:91:1,Encapsulation,Editor,C:/Users/hoseop/CLionProjects/Encapsulation/Cell.cpp,,13,31,Default task
2023-01-10T21:52:56.984+09:00,Hoseop Shin,Action,EditorEnter,Encapsulation,Editor,C:/Users/hoseop/CLionProjects/Encapsulation/Cell.cpp,,13,32,Default task
2023-01-10T21:52:57.006+09:00,Hoseop Shin,KeyEvent,10:10:0,Encapsulation,Editor,C:/Users/hoseop/CLionProjects/Encapsulation/Cell.cpp,,14,12,Default task
2023-01-10T21:52:58.333+09:00,Hoseop Shin,KeyEvent,115:83:0,Encapsulation,Editor,C:/Users/hoseop/CLionProjects/Encapsulation/Cell.cpp,,14,12,Default task
2023-01-10T21:52:58.608+09:00,Hoseop Shin,KeyEvent,116:84:0,Encapsulation,Editor,C:/Users/hoseop/CLionProjects/Encapsulation/Cell.cpp,,14,13,Default task
2023-01-10T21:52:58.814+09:00,Hoseop Shin,KeyEvent,100:68:0,Encapsulation,Editor,C:/Users/hoseop/CLionProjects/Encapsulation/Cell.cpp,,14,14,Default task
2023-01-10T21:52:59.006+09:00,Hoseop Shin,KeyEvent,65535:16:1,Encapsulation,Editor,C:/Users/hoseop/CLionProjects/Encapsulation/Cell.cpp,,14,15,Default task
2023-01-10T21:52:59.176+09:00,Hoseop Shin,KeyEvent,58:59:1,Encapsulation,Editor,C:/Users/hoseop/CLionProjects/Encapsulation/Cell.cpp,,14,15,Default task
2023-01-10T21:52:59.338+09:00,Hoseop Shin,KeyEvent,58:59:1,Encapsulation,Editor,C:/Users/hoseop/CLionProjects/Encapsulation/Cell.cpp,,14,16,Default task
2023-01-10T21:52:59.601+09:00,Hoseop Shin,KeyEvent,116:84:0,Encapsulation,Editor,C:/Users/hoseop/CLionProjects/Encapsulation/Cell.cpp,,14,17,Default task
2023-01-10T21:52:59.784+09:00,Hoseop Shin,KeyEvent,114:82:0,Encapsulation,Editor,C:/Users/hoseop/CLionProjects/Encapsulation/Cell.cpp,,14,18,Default task
2023-01-10T21:53:00.124+09:00,Hoseop Shin,Action,EditorBackSpace,Encapsulation,Editor,C:/Users/hoseop/CLionProjects/Encapsulation/Cell.cpp,,14,19,Default task
2023-01-10T21:53:00.149+09:00,Hoseop Shin,KeyEvent,8:8:0,Encapsulation,Editor,C:/Users/hoseop/CLionProjects/Encapsulation/Cell.cpp,,14,18,Default task
2023-01-10T21:53:00.216+09:00,Hoseop Shin,Action,EditorBackSpace,Encapsulation,Editor,C:/Users/hoseop/CLionProjects/Encapsulation/Cell.cpp,,14,18,Default task
2023-01-10T21:53:00.225+09:00,Hoseop Shin,KeyEvent,8:8:0,Encapsulation,Editor,C:/Users/hoseop/CLionProjects/Encapsulation/Cell.cpp,,14,17,Default task
2023-01-10T21:53:00.261+09:00,Hoseop Shin,KeyEvent,115:83:0,Encapsulation,Editor,C:/Users/hoseop/CLionProjects/Encapsulation/Cell.cpp,,14,17,Default task
2023-01-10T21:53:00.369+09:00,Hoseop Shin,KeyEvent,116:84:0,Encapsulation,Editor,C:/Users/hoseop/CLionProjects/Encapsulation/Cell.cpp,,14,18,Default task
2023-01-10T21:53:00.537+09:00,Hoseop Shin,KeyEvent,114:82:0,Encapsulation,Editor,C:/Users/hoseop/CLionProjects/Encapsulation/Cell.cpp,,14,19,Default task
2023-01-10T21:53:00.688+09:00,Hoseop Shin,KeyEvent,105:73:0,Encapsulation,Editor,C:/Users/hoseop/CLionProjects/Encapsulation/Cell.cpp,,14,20,Default task
2023-01-10T21:53:00.804+09:00,Hoseop Shin,KeyEvent,110:78:0,Encapsulation,Editor,C:/Users/hoseop/CLionProjects/Encapsulation/Cell.cpp,,14,21,Default task
2023-01-10T21:53:00.909+09:00,Hoseop Shin,KeyEvent,103:71:0,Encapsulation,Editor,C:/Users/hoseop/CLionProjects/Encapsulation/Cell.cpp,,14,22,Default task
2023-01-10T21:53:01.157+09:00,Hoseop Shin,KeyEvent,32:32:0,Encapsulation,Editor,C:/Users/hoseop/CLionProjects/Encapsulation/Cell.cpp,,14,23,Default task
2023-01-10T21:53:01.773+09:00,Hoseop Shin,Action,EditorBackSpace,Encapsulation,Editor,C:/Users/hoseop/CLionProjects/Encapsulation/Cell.cpp,,14,24,Default task
2023-01-10T21:53:01.778+09:00,Hoseop Shin,KeyEvent,8:8:0,Encapsulation,Editor,C:/Users/hoseop/CLionProjects/Encapsulation/Cell.cpp,,14,23,Default task
2023-01-10T21:53:02.146+09:00,Hoseop Shin,KeyEvent,32:32:0,Encapsulation,Editor,C:/Users/hoseop/CLionProjects/Encapsulation/Cell.cpp,,14,23,Default task
2023-01-10T21:53:02.338+09:00,Hoseop Shin,KeyEvent,115:83:0,Encapsulation,Editor,C:/Users/hoseop/CLionProjects/Encapsulation/Cell.cpp,,14,24,Default task
2023-01-10T21:53:02.626+09:00,Hoseop Shin,KeyEvent,32:32:0,Encapsulation,Editor,C:/Users/hoseop/CLionProjects/Encapsulation/Cell.cpp,,14,25,Default task
2023-01-10T21:53:02.743+09:00,Hoseop Shin,KeyEvent,61:61:0,Encapsulation,Editor,C:/Users/hoseop/CLionProjects/Encapsulation/Cell.cpp,,14,26,Default task
2023-01-10T21:53:02.833+09:00,Hoseop Shin,KeyEvent,32:32:0,Encapsulation,Editor,C:/Users/hoseop/CLionProjects/Encapsulation/Cell.cpp,,14,27,Default task
2023-01-10T21:53:03.651+09:00,Hoseop Shin,KeyEvent,115:83:0,Encapsulation,Editor,C:/Users/hoseop/CLionProjects/Encapsulation/Cell.cpp,,14,28,Default task
2023-01-10T21:53:03.790+09:00,Hoseop Shin,KeyEvent,116:84:0,Encapsulation,Editor,C:/Users/hoseop/CLionProjects/Encapsulation/Cell.cpp,,14,29,Default task
2023-01-10T21:53:03.992+09:00,Hoseop Shin,KeyEvent,100:68:0,Encapsulation,Editor,C:/Users/hoseop/CLionProjects/Encapsulation/Cell.cpp,,14,30,Default task
2023-01-10T21:53:04.175+09:00,Hoseop Shin,KeyEvent,65535:16:1,Encapsulation,Editor,C:/Users/hoseop/CLionProjects/Encapsulation/Cell.cpp,,14,31,Default task
2023-01-10T21:53:04.342+09:00,Hoseop Shin,KeyEvent,58:59:1,Encapsulation,Editor,C:/Users/hoseop/CLionProjects/Encapsulation/Cell.cpp,,14,31,Default task
2023-01-10T21:53:04.465+09:00,Hoseop Shin,KeyEvent,58:59:1,Encapsulation,Editor,C:/Users/hoseop/CLionProjects/Encapsulation/Cell.cpp,,14,32,Default task
2023-01-10T21:53:04.676+09:00,Hoseop Shin,KeyEvent,32:32:0,Encapsulation,Editor,C:/Users/hoseop/CLionProjects/Encapsulation/Cell.cpp,,14,33,Default task
2023-01-10T21:53:05.056+09:00,Hoseop Shin,Action,EditorBackSpace,Encapsulation,Editor,C:/Users/hoseop/CLionProjects/Encapsulation/Cell.cpp,,14,34,Default task
2023-01-10T21:53:05.088+09:00,Hoseop Shin,KeyEvent,8:8:0,Encapsulation,Editor,C:/Users/hoseop/CLionProjects/Encapsulation/Cell.cpp,,14,33,Default task
2023-01-10T21:53:05.232+09:00,Hoseop Shin,KeyEvent,116:84:0,Encapsulation,Editor,C:/Users/hoseop/CLionProjects/Encapsulation/Cell.cpp,,14,33,Default task
2023-01-10T21:53:05.378+09:00,Hoseop Shin,KeyEvent,111:79:0,Encapsulation,Editor,C:/Users/hoseop/CLionProjects/Encapsulation/Cell.cpp,,14,34,Default task
2023-01-10T21:53:05.842+09:00,Hoseop Shin,KeyEvent,65535:16:1,Encapsulation,Editor,C:/Users/hoseop/CLionProjects/Encapsulation/Cell.cpp,,14,35,Default task
2023-01-10T21:53:05.923+09:00,Hoseop Shin,KeyEvent,95:45:1,Encapsulation,Editor,C:/Users/hoseop/CLionProjects/Encapsulation/Cell.cpp,,14,35,Default task
2023-01-10T21:53:06.471+09:00,Hoseop Shin,KeyEvent,115:83:0,Encapsulation,Editor,C:/Users/hoseop/CLionProjects/Encapsulation/Cell.cpp,,14,36,Default task
2023-01-10T21:53:06.591+09:00,Hoseop Shin,KeyEvent,116:84:0,Encapsulation,Editor,C:/Users/hoseop/CLionProjects/Encapsulation/Cell.cpp,,14,37,Default task
2023-01-10T21:53:06.892+09:00,Hoseop Shin,KeyEvent,114:82:0,Encapsulation,Editor,C:/Users/hoseop/CLionProjects/Encapsulation/Cell.cpp,,14,38,Default task
2023-01-10T21:53:07.098+09:00,Hoseop Shin,KeyEvent,105:73:0,Encapsulation,Editor,C:/Users/hoseop/CLionProjects/Encapsulation/Cell.cpp,,14,39,Default task
2023-01-10T21:53:07.224+09:00,Hoseop Shin,KeyEvent,110:78:0,Encapsulation,Editor,C:/Users/hoseop/CLionProjects/Encapsulation/Cell.cpp,,14,40,Default task
2023-01-10T21:53:07.344+09:00,Hoseop Shin,KeyEvent,103:71:0,Encapsulation,Editor,C:/Users/hoseop/CLionProjects/Encapsulation/Cell.cpp,,14,41,Default task
2023-01-10T21:53:08.208+09:00,Hoseop Shin,KeyEvent,65535:16:1,Encapsulation,Editor,C:/Users/hoseop/CLionProjects/Encapsulation/Cell.cpp,,14,42,Default task
2023-01-10T21:53:08.369+09:00,Hoseop Shin,KeyEvent,40:57:1,Encapsulation,Editor,C:/Users/hoseop/CLionProjects/Encapsulation/Cell.cpp,,14,42,Default task
2023-01-10T21:53:09.133+09:00,Hoseop Shin,KeyEvent,110:78:0,Encapsulation,Editor,C:/Users/hoseop/CLionProjects/Encapsulation/Cell.cpp,,14,43,Default task
2023-01-10T21:53:09.248+09:00,Hoseop Shin,KeyEvent,117:85:0,Encapsulation,Editor,C:/Users/hoseop/CLionProjects/Encapsulation/Cell.cpp,,14,44,Default task
2023-01-10T21:53:09.372+09:00,Hoseop Shin,KeyEvent,109:77:0,Encapsulation,Editor,C:/Users/hoseop/CLionProjects/Encapsulation/Cell.cpp,,14,45,Default task
2023-01-10T21:53:09.462+09:00,Hoseop Shin,KeyEvent,98:66:0,Encapsulation,Editor,C:/Users/hoseop/CLionProjects/Encapsulation/Cell.cpp,,14,46,Default task
2023-01-10T21:53:09.681+09:00,Hoseop Shin,KeyEvent,101:69:0,Encapsulation,Editor,C:/Users/hoseop/CLionProjects/Encapsulation/Cell.cpp,,14,47,Default task
2023-01-10T21:53:09.756+09:00,Hoseop Shin,KeyEvent,114:82:0,Encapsulation,Editor,C:/Users/hoseop/CLionProjects/Encapsulation/Cell.cpp,,14,48,Default task
2023-01-10T21:53:10.133+09:00,Hoseop Shin,KeyEvent,65535:16:1,Encapsulation,Editor,C:/Users/hoseop/CLionProjects/Encapsulation/Cell.cpp,,14,49,Default task
2023-01-10T21:53:10.228+09:00,Hoseop Shin,KeyEvent,95:45:1,Encapsulation,Editor,C:/Users/hoseop/CLionProjects/Encapsulation/Cell.cpp,,14,49,Default task
2023-01-10T21:53:10.382+09:00,Hoseop Shin,KeyEvent,118:86:0,Encapsulation,Editor,C:/Users/hoseop/CLionProjects/Encapsulation/Cell.cpp,,14,50,Default task
2023-01-10T21:53:10.458+09:00,Hoseop Shin,KeyEvent,97:65:0,Encapsulation,Editor,C:/Users/hoseop/CLionProjects/Encapsulation/Cell.cpp,,14,51,Default task
2023-01-10T21:53:10.784+09:00,Hoseop Shin,KeyEvent,108:76:0,Encapsulation,Editor,C:/Users/hoseop/CLionProjects/Encapsulation/Cell.cpp,,14,52,Default task
2023-01-10T21:53:10.932+09:00,Hoseop Shin,KeyEvent,101:69:0,Encapsulation,Editor,C:/Users/hoseop/CLionProjects/Encapsulation/Cell.cpp,,14,53,Default task
2023-01-10T21:53:11.335+09:00,Hoseop Shin,KeyEvent,117:85:0,Encapsulation,Editor,C:/Users/hoseop/CLionProjects/Encapsulation/Cell.cpp,,14,54,Default task
2023-01-10T21:53:11.640+09:00,Hoseop Shin,Action,EditorBackSpace,Encapsulation,Editor,C:/Users/hoseop/CLionProjects/Encapsulation/Cell.cpp,,14,55,Default task
2023-01-10T21:53:11.650+09:00,Hoseop Shin,KeyEvent,8:8:0,Encapsulation,Editor,C:/Users/hoseop/CLionProjects/Encapsulation/Cell.cpp,,14,54,Default task
2023-01-10T21:53:11.773+09:00,Hoseop Shin,Action,EditorBackSpace,Encapsulation,Editor,C:/Users/hoseop/CLionProjects/Encapsulation/Cell.cpp,,14,54,Default task
2023-01-10T21:53:11.788+09:00,Hoseop Shin,KeyEvent,8:8:0,Encapsulation,Editor,C:/Users/hoseop/CLionProjects/Encapsulation/Cell.cpp,,14,53,Default task
2023-01-10T21:53:11.985+09:00,Hoseop Shin,KeyEvent,117:85:0,Encapsulation,Editor,C:/Users/hoseop/CLionProjects/Encapsulation/Cell.cpp,,14,53,Default task
2023-01-10T21:53:12.075+09:00,Hoseop Shin,KeyEvent,101:69:0,Encapsulation,Editor,C:/Users/hoseop/CLionProjects/Encapsulation/Cell.cpp,,14,54,Default task
2023-01-10T21:53:12.580+09:00,Hoseop Shin,Action,EditorRight,Encapsulation,Editor,C:/Users/hoseop/CLionProjects/Encapsulation/Cell.cpp,,14,55,Default task
2023-01-10T21:53:12.583+09:00,Hoseop Shin,KeyEvent,65535:39:0,Encapsulation,Editor,C:/Users/hoseop/CLionProjects/Encapsulation/Cell.cpp,,14,56,Default task
2023-01-10T21:53:12.889+09:00,Hoseop Shin,KeyEvent,59:59:0,Encapsulation,Editor,C:/Users/hoseop/CLionProjects/Encapsulation/Cell.cpp,,14,56,Default task
2023-01-10T21:53:14.396+09:00,Hoseop Shin,Action,EditorEnter,Encapsulation,Editor,C:/Users/hoseop/CLionProjects/Encapsulation/Cell.cpp,,14,57,Default task
2023-01-10T21:53:14.405+09:00,Hoseop Shin,KeyEvent,10:10:0,Encapsulation,Editor,C:/Users/hoseop/CLionProjects/Encapsulation/Cell.cpp,,15,12,Default task
2023-01-10T21:53:14.584+09:00,Hoseop Shin,KeyEvent,114:82:0,Encapsulation,Editor,C:/Users/hoseop/CLionProjects/Encapsulation/Cell.cpp,,15,12,Default task
2023-01-10T21:53:14.713+09:00,Hoseop Shin,KeyEvent,101:69:0,Encapsulation,Editor,C:/Users/hoseop/CLionProjects/Encapsulation/Cell.cpp,,15,13,Default task
2023-01-10T21:53:14.866+09:00,Hoseop Shin,KeyEvent,116:84:0,Encapsulation,Editor,C:/Users/hoseop/CLionProjects/Encapsulation/Cell.cpp,,15,14,Default task
2023-01-10T21:53:14.952+09:00,Hoseop Shin,KeyEvent,117:85:0,Encapsulation,Editor,C:/Users/hoseop/CLionProjects/Encapsulation/Cell.cpp,,15,15,Default task
2023-01-10T21:53:15.059+09:00,Hoseop Shin,KeyEvent,114:82:0,Encapsulation,Editor,C:/Users/hoseop/CLionProjects/Encapsulation/Cell.cpp,,15,16,Default task
2023-01-10T21:53:15.167+09:00,Hoseop Shin,KeyEvent,110:78:0,Encapsulation,Editor,C:/Users/hoseop/CLionProjects/Encapsulation/Cell.cpp,,15,17,Default task
2023-01-10T21:53:15.300+09:00,Hoseop Shin,KeyEvent,32:32:0,Encapsulation,Editor,C:/Users/hoseop/CLionProjects/Encapsulation/Cell.cpp,,15,18,Default task
2023-01-10T21:53:15.587+09:00,Hoseop Shin,KeyEvent,115:83:0,Encapsulation,Editor,C:/Users/hoseop/CLionProjects/Encapsulation/Cell.cpp,,15,19,Default task
2023-01-10T21:53:16.060+09:00,Hoseop Shin,KeyEvent,59:59:0,Encapsulation,Editor,C:/Users/hoseop/CLionProjects/Encapsulation/Cell.cpp,,15,20,Default task
2023-01-10T21:53:16.644+09:00,Hoseop Shin,Action,EditorDown,Encapsulation,Editor,C:/Users/hoseop/CLionProjects/Encapsulation/Cell.cpp,,15,21,Default task
2023-01-10T21:53:16.647+09:00,Hoseop Shin,KeyEvent,65535:40:0,Encapsulation,Editor,C:/Users/hoseop/CLionProjects/Encapsulation/Cell.cpp,,16,9,Default task
2023-01-10T21:53:18.381+09:00,Hoseop Shin,Action,EditorEnter,Encapsulation,Editor,C:/Users/hoseop/CLionProjects/Encapsulation/Cell.cpp,,16,9,Default task
2023-01-10T21:53:18.413+09:00,Hoseop Shin,KeyEvent,10:10:0,Encapsulation,Editor,C:/Users/hoseop/CLionProjects/Encapsulation/Cell.cpp,,17,8,Default task
2023-01-10T21:53:18.653+09:00,Hoseop Shin,KeyEvent,115:83:0,Encapsulation,Editor,C:/Users/hoseop/CLionProjects/Encapsulation/Cell.cpp,,17,8,Default task
2023-01-10T21:53:19.048+09:00,Hoseop Shin,Action,EditorBackSpace,Encapsulation,Editor,C:/Users/hoseop/CLionProjects/Encapsulation/Cell.cpp,,17,9,Default task
2023-01-10T21:53:19.068+09:00,Hoseop Shin,KeyEvent,8:8:0,Encapsulation,Editor,C:/Users/hoseop/CLionProjects/Encapsulation/Cell.cpp,,17,8,Default task
2023-01-10T21:53:19.125+09:00,Hoseop Shin,KeyEvent,101:69:0,Encapsulation,Editor,C:/Users/hoseop/CLionProjects/Encapsulation/Cell.cpp,,17,8,Default task
2023-01-10T21:53:19.258+09:00,Hoseop Shin,KeyEvent,115:83:0,Encapsulation,Editor,C:/Users/hoseop/CLionProjects/Encapsulation/Cell.cpp,,17,9,Default task
2023-01-10T21:53:19.361+09:00,Hoseop Shin,KeyEvent,101:69:0,Encapsulation,Editor,C:/Users/hoseop/CLionProjects/Encapsulation/Cell.cpp,,17,10,Default task
2023-01-10T21:53:19.382+09:00,Hoseop Shin,KeyEvent,108:76:0,Encapsulation,Editor,C:/Users/hoseop/CLionProjects/Encapsulation/Cell.cpp,,17,11,Default task
2023-01-10T21:53:19.828+09:00,Hoseop Shin,Action,EditorBackSpace,Encapsulation,Editor,C:/Users/hoseop/CLionProjects/Encapsulation/Cell.cpp,,17,12,Default task
2023-01-10T21:53:19.841+09:00,Hoseop Shin,KeyEvent,8:8:0,Encapsulation,Editor,C:/Users/hoseop/CLionProjects/Encapsulation/Cell.cpp,,17,11,Default task
2023-01-10T21:53:19.954+09:00,Hoseop Shin,Action,EditorBackSpace,Encapsulation,Editor,C:/Users/hoseop/CLionProjects/Encapsulation/Cell.cpp,,17,11,Default task
2023-01-10T21:53:19.964+09:00,Hoseop Shin,KeyEvent,8:8:0,Encapsulation,Editor,C:/Users/hoseop/CLionProjects/Encapsulation/Cell.cpp,,17,10,Default task
2023-01-10T21:53:20.095+09:00,Hoseop Shin,Action,EditorBackSpace,Encapsulation,Editor,C:/Users/hoseop/CLionProjects/Encapsulation/Cell.cpp,,17,10,Default task
2023-01-10T21:53:20.104+09:00,Hoseop Shin,KeyEvent,8:8:0,Encapsulation,Editor,C:/Users/hoseop/CLionProjects/Encapsulation/Cell.cpp,,17,9,Default task
2023-01-10T21:53:21.037+09:00,Hoseop Shin,KeyEvent,108:76:0,Encapsulation,Editor,C:/Users/hoseop/CLionProjects/Encapsulation/Cell.cpp,,17,9,Default task
2023-01-10T21:53:21.166+09:00,Hoseop Shin,KeyEvent,115:83:0,Encapsulation,Editor,C:/Users/hoseop/CLionProjects/Encapsulation/Cell.cpp,,17,10,Default task
2023-01-10T21:53:21.253+09:00,Hoseop Shin,KeyEvent,101:69:0,Encapsulation,Editor,C:/Users/hoseop/CLionProjects/Encapsulation/Cell.cpp,,17,11,Default task
2023-01-10T21:53:21.398+09:00,Hoseop Shin,KeyEvent,32:32:0,Encapsulation,Editor,C:/Users/hoseop/CLionProjects/Encapsulation/Cell.cpp,,17,12,Default task
2023-01-10T21:53:22.062+09:00,Hoseop Shin,KeyEvent,65535:16:1,Encapsulation,Editor,C:/Users/hoseop/CLionProjects/Encapsulation/Cell.cpp,,17,13,Default task
2023-01-10T21:53:22.133+09:00,Hoseop Shin,KeyEvent,123:91:1,Encapsulation,Editor,C:/Users/hoseop/CLionProjects/Encapsulation/Cell.cpp,,17,13,Default task
2023-01-10T21:53:22.322+09:00,Hoseop Shin,Action,EditorEnter,Encapsulation,Editor,C:/Users/hoseop/CLionProjects/Encapsulation/Cell.cpp,,17,14,Default task
2023-01-10T21:53:22.336+09:00,Hoseop Shin,KeyEvent,10:10:0,Encapsulation,Editor,C:/Users/hoseop/CLionProjects/Encapsulation/Cell.cpp,,18,12,Default task
2023-01-10T21:53:23.111+09:00,Hoseop Shin,KeyEvent,114:82:0,Encapsulation,Editor,C:/Users/hoseop/CLionProjects/Encapsulation/Cell.cpp,,18,12,Default task
2023-01-10T21:53:23.210+09:00,Hoseop Shin,KeyEvent,101:69:0,Encapsulation,Editor,C:/Users/hoseop/CLionProjects/Encapsulation/Cell.cpp,,18,13,Default task
2023-01-10T21:53:23.349+09:00,Hoseop Shin,KeyEvent,116:84:0,Encapsulation,Editor,C:/Users/hoseop/CLionProjects/Encapsulation/Cell.cpp,,18,14,Default task
2023-01-10T21:53:23.454+09:00,Hoseop Shin,KeyEvent,117:85:0,Encapsulation,Editor,C:/Users/hoseop/CLionProjects/Encapsulation/Cell.cpp,,18,15,Default task
2023-01-10T21:53:23.533+09:00,Hoseop Shin,KeyEvent,114:82:0,Encapsulation,Editor,C:/Users/hoseop/CLionProjects/Encapsulation/Cell.cpp,,18,16,Default task
2023-01-10T21:53:23.623+09:00,Hoseop Shin,KeyEvent,110:78:0,Encapsulation,Editor,C:/Users/hoseop/CLionProjects/Encapsulation/Cell.cpp,,18,17,Default task
2023-01-10T21:53:23.724+09:00,Hoseop Shin,KeyEvent,32:32:0,Encapsulation,Editor,C:/Users/hoseop/CLionProjects/Encapsulation/Cell.cpp,,18,18,Default task
2023-01-10T21:53:24.478+09:00,Hoseop Shin,KeyEvent,115:83:0,Encapsulation,Editor,C:/Users/hoseop/CLionProjects/Encapsulation/Cell.cpp,,18,19,Default task
2023-01-10T21:53:24.619+09:00,Hoseop Shin,KeyEvent,116:84:0,Encapsulation,Editor,C:/Users/hoseop/CLionProjects/Encapsulation/Cell.cpp,,18,20,Default task
2023-01-10T21:53:24.775+09:00,Hoseop Shin,KeyEvent,114:82:0,Encapsulation,Editor,C:/Users/hoseop/CLionProjects/Encapsulation/Cell.cpp,,18,21,Default task
2023-01-10T21:53:24.829+09:00,Hoseop Shin,KeyEvent,105:73:0,Encapsulation,Editor,C:/Users/hoseop/CLionProjects/Encapsulation/Cell.cpp,,18,22,Default task
2023-01-10T21:53:24.947+09:00,Hoseop Shin,KeyEvent,110:78:0,Encapsulation,Editor,C:/Users/hoseop/CLionProjects/Encapsulation/Cell.cpp,,18,23,Default task
2023-01-10T21:53:25.037+09:00,Hoseop Shin,KeyEvent,103:71:0,Encapsulation,Editor,C:/Users/hoseop/CLionProjects/Encapsulation/Cell.cpp,,18,24,Default task
2023-01-10T21:53:25.414+09:00,Hoseop Shin,KeyEvent,65535:16:1,Encapsulation,Editor,C:/Users/hoseop/CLionProjects/Encapsulation/Cell.cpp,,18,25,Default task
2023-01-10T21:53:25.539+09:00,Hoseop Shin,KeyEvent,95:45:1,Encapsulation,Editor,C:/Users/hoseop/CLionProjects/Encapsulation/Cell.cpp,,18,25,Default task
2023-01-10T21:53:25.637+09:00,Hoseop Shin,KeyEvent,118:86:0,Encapsulation,Editor,C:/Users/hoseop/CLionProjects/Encapsulation/Cell.cpp,,18,26,Default task
2023-01-10T21:53:25.733+09:00,Hoseop Shin,KeyEvent,97:65:0,Encapsulation,Editor,C:/Users/hoseop/CLionProjects/Encapsulation/Cell.cpp,,18,27,Default task
2023-01-10T21:53:25.845+09:00,Hoseop Shin,KeyEvent,108:76:0,Encapsulation,Editor,C:/Users/hoseop/CLionProjects/Encapsulation/Cell.cpp,,18,28,Default task
2023-01-10T21:53:25.903+09:00,Hoseop Shin,KeyEvent,117:85:0,Encapsulation,Editor,C:/Users/hoseop/CLionProjects/Encapsulation/Cell.cpp,,18,29,Default task
2023-01-10T21:53:26.002+09:00,Hoseop Shin,KeyEvent,101:69:0,Encapsulation,Editor,C:/Users/hoseop/CLionProjects/Encapsulation/Cell.cpp,,18,30,Default task
2023-01-10T21:53:26.488+09:00,Hoseop Shin,KeyEvent,59:59:0,Encapsulation,Editor,C:/Users/hoseop/CLionProjects/Encapsulation/Cell.cpp,,18,31,Default task
2023-01-10T21:53:48.422+09:00,Hoseop Shin,Action,EditorBackSpace,Encapsulation,Editor,C:/Users/hoseop/CLionProjects/Encapsulation/Cell.cpp,,20,7,Default task
2023-01-10T21:53:48.431+09:00,Hoseop Shin,KeyEvent,8:8:0,Encapsulation,Editor,C:/Users/hoseop/CLionProjects/Encapsulation/Cell.cpp,,20,7,Default task
2023-01-10T21:53:49.133+09:00,Hoseop Shin,Action,EditorBackSpace,Encapsulation,Editor,C:/Users/hoseop/CLionProjects/Encapsulation/Cell.cpp,,20,7,Default task
2023-01-10T21:53:49.141+09:00,Hoseop Shin,KeyEvent,8:8:0,Encapsulation,Editor,C:/Users/hoseop/CLionProjects/Encapsulation/Cell.cpp,,19,9,Default task
2023-01-10T21:54:21.445+09:00,Hoseop Shin,KeyEvent,65535:16:1,Encapsulation,Editor,C:/Users/hoseop/CLionProjects/Encapsulation/Cell.cpp,,19,9,Default task
2023-01-10T21:54:21.847+09:00,Hoseop Shin,Action,Run,Encapsulation,Editor,C:/Users/hoseop/CLionProjects/Encapsulation/Cell.cpp,,19,9,Default task
2023-01-10T21:54:21.918+09:00,Hoseop Shin,KeyEvent,65535:121:1,Encapsulation,Editor,C:/Users/hoseop/CLionProjects/Encapsulation/Cell.cpp,,19,9,Default task
2023-01-10T21:54:27.941+09:00,Hoseop Shin,KeyEvent,65535:17:2,Encapsulation,Editor,C:/Users/hoseop/CLionProjects/Encapsulation/Cell.cpp,,17,14,Default task
2023-01-10T21:54:28.085+09:00,Hoseop Shin,KeyEvent,65535:18:10,Encapsulation,Editor,C:/Users/hoseop/CLionProjects/Encapsulation/Cell.cpp,,17,14,Default task
2023-01-10T21:54:28.216+09:00,Hoseop Shin,KeyEvent,65535:16:11,Encapsulation,Editor,C:/Users/hoseop/CLionProjects/Encapsulation/Cell.cpp,,17,14,Default task
2023-01-10T21:54:28.468+09:00,Hoseop Shin,Action,ActivityTracker-Popup,Encapsulation,Editor,C:/Users/hoseop/CLionProjects/Encapsulation/Cell.cpp,,17,14,Default task
2023-01-10T21:54:28.585+09:00,Hoseop Shin,KeyEvent,65535:79:11,Encapsulation,Editor,C:/Users/hoseop/CLionProjects/Encapsulation/Cell.cpp,,17,14,Default task
2023-01-10T21:54:36.991+09:00,Hoseop Shin,Action,RevealIn,Encapsulation,Popup,C:/Users/hoseop/AppData/Roaming/JetBrains/CLion2022.3/plugins/activity-tracker/ide-events.csv,,0,0,Default task
