2023-01-12T00:42:30.414+09:00,Hoseop Shin,KeyEvent,65535:17:2,071,Project,C:/Users/hoseop/CLionProjects/071/Complex.cpp,,9,1,Default task
2023-01-12T00:42:30.512+09:00,Hoseop Shin,Action,$Copy,071,Project,C:/Users/hoseop/CLionProjects/071/Complex.cpp,,9,1,Default task
2023-01-12T00:42:30.531+09:00,Hoseop Shin,KeyEvent,3:67:2,071,Project,C:/Users/hoseop/CLionProjects/071/Complex.cpp,,9,1,Default task
2023-01-12T00:45:43.882+09:00,Hoseop Shin,Action,HideAllWindows,071,Editor,C:/Users/hoseop/CLionProjects/071/Complex.h,,8,74,Default task
2023-01-12T00:49:22.054+09:00,Hoseop Shin,Action,RenameFile,071,Popup,C:/Users/hoseop/CLionProjects/071/ComplexTest.cpp,,5,19,Default task
2023-01-12T00:49:23.617+09:00,Hoseop Shin,KeyEvent,65535:20:0,071,Popup,C:/Users/hoseop/CLionProjects/071/Complex.cpp,,9,1,Default task
2023-01-12T00:49:23.841+09:00,Hoseop Shin,KeyEvent,67:67:0,071,Popup,C:/Users/hoseop/CLionProjects/071/Complex.cpp,,9,1,Default task
2023-01-12T00:49:24.318+09:00,Hoseop Shin,KeyEvent,65535:20:0,071,Popup,C:/Users/hoseop/CLionProjects/071/Complex.cpp,,9,1,Default task
2023-01-12T00:49:24.492+09:00,Hoseop Shin,KeyEvent,111:79:0,071,Popup,C:/Users/hoseop/CLionProjects/071/Complex.cpp,,9,1,Default task
2023-01-12T00:49:24.629+09:00,Hoseop Shin,KeyEvent,109:77:0,071,Popup,C:/Users/hoseop/CLionProjects/071/Complex.cpp,,9,1,Default task
2023-01-12T00:49:25.694+09:00,Hoseop Shin,KeyEvent,112:80:0,071,Popup,C:/Users/hoseop/CLionProjects/071/Complex.cpp,,9,1,Default task
2023-01-12T00:49:25.916+09:00,Hoseop Shin,KeyEvent,108:76:0,071,Popup,C:/Users/hoseop/CLionProjects/071/Complex.cpp,,9,1,Default task
2023-01-12T00:49:26.059+09:00,Hoseop Shin,KeyEvent,101:69:0,071,Popup,C:/Users/hoseop/CLionProjects/071/Complex.cpp,,9,1,Default task
2023-01-12T00:49:26.316+09:00,Hoseop Shin,KeyEvent,120:88:0,071,Popup,C:/Users/hoseop/CLionProjects/071/Complex.cpp,,9,1,Default task
2023-01-12T00:49:27.408+09:00,Hoseop Shin,KeyEvent,65535:20:0,071,Popup,C:/Users/hoseop/CLionProjects/071/Complex.cpp,,9,1,Default task
2023-01-12T00:49:27.666+09:00,Hoseop Shin,KeyEvent,65:65:0,071,Popup,C:/Users/hoseop/CLionProjects/071/Complex.cpp,,9,1,Default task
2023-01-12T00:49:28.066+09:00,Hoseop Shin,KeyEvent,65535:20:0,071,Popup,C:/Users/hoseop/CLionProjects/071/Complex.cpp,,9,1,Default task
2023-01-12T00:49:28.483+09:00,Hoseop Shin,KeyEvent,100:68:0,071,Popup,C:/Users/hoseop/CLionProjects/071/Complex.cpp,,9,1,Default task
2023-01-12T00:49:28.642+09:00,Hoseop Shin,KeyEvent,100:68:0,071,Popup,C:/Users/hoseop/CLionProjects/071/Complex.cpp,,9,1,Default task
2023-01-12T00:49:29.041+09:00,Hoseop Shin,KeyEvent,65535:20:0,071,Popup,C:/Users/hoseop/CLionProjects/071/Complex.cpp,,9,1,Default task
2023-01-12T00:49:29.310+09:00,Hoseop Shin,KeyEvent,84:84:0,071,Popup,C:/Users/hoseop/CLionProjects/071/Complex.cpp,,9,1,Default task
2023-01-12T00:49:29.592+09:00,Hoseop Shin,KeyEvent,65535:20:0,071,Popup,C:/Users/hoseop/CLionProjects/071/Complex.cpp,,9,1,Default task
2023-01-12T00:49:29.798+09:00,Hoseop Shin,KeyEvent,101:69:0,071,Popup,C:/Users/hoseop/CLionProjects/071/Complex.cpp,,9,1,Default task
2023-01-12T00:49:30.005+09:00,Hoseop Shin,KeyEvent,115:83:0,071,Popup,C:/Users/hoseop/CLionProjects/071/Complex.cpp,,9,1,Default task
2023-01-12T00:49:30.149+09:00,Hoseop Shin,KeyEvent,116:84:0,071,Popup,C:/Users/hoseop/CLionProjects/071/Complex.cpp,,9,1,Default task
2023-01-12T00:49:44.225+09:00,Hoseop Shin,KeyEvent,65535:17:2,071,Editor,C:/Users/hoseop/CLionProjects/071/ComplexAddTest.cpp,,3,0,Default task
2023-01-12T00:49:44.310+09:00,Hoseop Shin,Action,EditorPaste,071,Editor,C:/Users/hoseop/CLionProjects/071/ComplexAddTest.cpp,,3,0,Default task
2023-01-12T00:49:44.351+09:00,Hoseop Shin,KeyEvent,22:86:2,071,Editor,C:/Users/hoseop/CLionProjects/071/ComplexAddTest.cpp,,12,1,Default task
2023-01-12T00:49:55.902+09:00,Hoseop Shin,KeyEvent,65535:17:2,071,Editor,C:/Users/hoseop/CLionProjects/071/Complex.h,,6,0,Default task
2023-01-12T00:49:55.955+09:00,Hoseop Shin,Action,EditorPaste,071,Editor,C:/Users/hoseop/CLionProjects/071/Complex.h,,6,0,Default task
2023-01-12T00:49:56.011+09:00,Hoseop Shin,KeyEvent,22:86:2,071,Editor,C:/Users/hoseop/CLionProjects/071/Complex.h,,16,63,Default task
2023-01-12T00:50:09.740+09:00,Hoseop Shin,KeyEvent,27:27:0,071,Editor,C:/Users/hoseop/CLionProjects/071/Complex.h,,16,33,Default task
2023-01-12T00:50:54.805+09:00,Hoseop Shin,KeyEvent,65535:18:8,071,Editor,C:/Users/hoseop/CLionProjects/071/Complex.h,,9,18,Default task
2023-01-12T00:50:54.957+09:00,Hoseop Shin,KeyEvent,10:10:8,071,Editor,C:/Users/hoseop/CLionProjects/071/Complex.h,,9,18,Default task
2023-01-12T00:50:59.069+09:00,Hoseop Shin,KeyEvent,65535:18:8,071,Editor,C:/Users/hoseop/CLionProjects/071/Complex.h,,10,18,Default task
2023-01-12T00:50:59.179+09:00,Hoseop Shin,Action,ShowIntentionActions,071,Editor,C:/Users/hoseop/CLionProjects/071/Complex.h,,10,18,Default task
2023-01-12T00:50:59.271+09:00,Hoseop Shin,KeyEvent,10:10:8,071,Editor,C:/Users/hoseop/CLionProjects/071/Complex.h,,10,18,Default task
2023-01-12T00:51:00.263+09:00,Hoseop Shin,KeyEvent,10:10:0,071,Editor,C:/Users/hoseop/CLionProjects/071/Complex.cpp,,16,4,Default task
2023-01-12T00:51:08.763+09:00,Hoseop Shin,Action,EditorBackSpace,071,Editor,C:/Users/hoseop/CLionProjects/071/Complex.cpp,,12,11,Default task
2023-01-12T00:51:08.769+09:00,Hoseop Shin,KeyEvent,8:8:0,071,Editor,C:/Users/hoseop/CLionProjects/071/Complex.cpp,,12,11,Default task
2023-01-12T00:51:12.424+09:00,Hoseop Shin,Action,EditorBackSpace,071,Editor,C:/Users/hoseop/CLionProjects/071/Complex.cpp,,16,11,Default task
2023-01-12T00:51:12.446+09:00,Hoseop Shin,KeyEvent,8:8:0,071,Editor,C:/Users/hoseop/CLionProjects/071/Complex.cpp,,16,11,Default task
2023-01-12T00:51:12.948+09:00,Hoseop Shin,Action,EditorUp,071,Editor,C:/Users/hoseop/CLionProjects/071/Complex.cpp,,16,11,Default task
2023-01-12T00:51:12.956+09:00,Hoseop Shin,KeyEvent,65535:38:0,071,Editor,C:/Users/hoseop/CLionProjects/071/Complex.cpp,,15,11,Default task
2023-01-12T00:51:13.104+09:00,Hoseop Shin,Action,EditorUp,071,Editor,C:/Users/hoseop/CLionProjects/071/Complex.cpp,,15,11,Default task
2023-01-12T00:51:13.107+09:00,Hoseop Shin,KeyEvent,65535:38:0,071,Editor,C:/Users/hoseop/CLionProjects/071/Complex.cpp,,14,0,Default task
2023-01-12T00:51:13.255+09:00,Hoseop Shin,Action,EditorUp,071,Editor,C:/Users/hoseop/CLionProjects/071/Complex.cpp,,14,0,Default task
2023-01-12T00:51:13.258+09:00,Hoseop Shin,KeyEvent,65535:38:0,071,Editor,C:/Users/hoseop/CLionProjects/071/Complex.cpp,,13,1,Default task
2023-01-12T00:51:13.396+09:00,Hoseop Shin,Action,EditorUp,071,Editor,C:/Users/hoseop/CLionProjects/071/Complex.cpp,,13,1,Default task
2023-01-12T00:51:13.402+09:00,Hoseop Shin,KeyEvent,65535:38:0,071,Editor,C:/Users/hoseop/CLionProjects/071/Complex.cpp,,12,11,Default task
2023-01-12T00:51:14.178+09:00,Hoseop Shin,Action,EditorLineStart,071,Editor,C:/Users/hoseop/CLionProjects/071/Complex.cpp,,12,11,Default task
2023-01-12T00:51:14.186+09:00,Hoseop Shin,KeyEvent,65535:36:0,071,Editor,C:/Users/hoseop/CLionProjects/071/Complex.cpp,,12,4,Default task
2023-01-12T00:51:14.397+09:00,Hoseop Shin,Action,EditorEnter,071,Editor,C:/Users/hoseop/CLionProjects/071/Complex.cpp,,12,4,Default task
2023-01-12T00:51:14.405+09:00,Hoseop Shin,KeyEvent,10:10:0,071,Editor,C:/Users/hoseop/CLionProjects/071/Complex.cpp,,13,4,Default task
2023-01-12T00:51:14.766+09:00,Hoseop Shin,Action,EditorUp,071,Editor,C:/Users/hoseop/CLionProjects/071/Complex.cpp,,13,4,Default task
2023-01-12T00:51:14.769+09:00,Hoseop Shin,KeyEvent,65535:38:0,071,Editor,C:/Users/hoseop/CLionProjects/071/Complex.cpp,,12,4,Default task
2023-01-12T00:51:52.271+09:00,Hoseop Shin,Action,EditorDown,071,Editor,C:/Users/hoseop/CLionProjects/071/Complex.cpp,,12,4,Default task
2023-01-12T00:51:52.278+09:00,Hoseop Shin,KeyEvent,65535:40:0,071,Editor,C:/Users/hoseop/CLionProjects/071/Complex.cpp,,13,4,Default task
2023-01-12T00:51:52.629+09:00,Hoseop Shin,Action,EditorBackSpace,071,Editor,C:/Users/hoseop/CLionProjects/071/Complex.cpp,,13,4,Default task
2023-01-12T00:51:52.639+09:00,Hoseop Shin,KeyEvent,8:8:0,071,Editor,C:/Users/hoseop/CLionProjects/071/Complex.cpp,,12,4,Default task
2023-01-12T00:51:53.272+09:00,Hoseop Shin,Action,EditorLineEnd,071,Editor,C:/Users/hoseop/CLionProjects/071/Complex.cpp,,12,4,Default task
2023-01-12T00:51:53.275+09:00,Hoseop Shin,KeyEvent,65535:35:0,071,Editor,C:/Users/hoseop/CLionProjects/071/Complex.cpp,,12,12,Default task
2023-01-12T00:51:53.485+09:00,Hoseop Shin,Action,EditorLeft,071,Editor,C:/Users/hoseop/CLionProjects/071/Complex.cpp,,12,12,Default task
2023-01-12T00:51:53.489+09:00,Hoseop Shin,KeyEvent,65535:37:0,071,Editor,C:/Users/hoseop/CLionProjects/071/Complex.cpp,,12,11,Default task
2023-01-12T00:51:55.650+09:00,Hoseop Shin,KeyEvent,65535:20:0,071,Editor,C:/Users/hoseop/CLionProjects/071/Complex.cpp,,12,11,Default task
2023-01-12T00:51:55.868+09:00,Hoseop Shin,KeyEvent,67:67:0,071,Editor,C:/Users/hoseop/CLionProjects/071/Complex.cpp,,12,11,Default task
2023-01-12T00:51:56.265+09:00,Hoseop Shin,KeyEvent,65535:20:0,071,Editor,C:/Users/hoseop/CLionProjects/071/Complex.cpp,,12,12,Default task
2023-01-12T00:51:56.770+09:00,Hoseop Shin,KeyEvent,111:79:0,071,Editor,C:/Users/hoseop/CLionProjects/071/Complex.cpp,,12,12,Default task
2023-01-12T00:51:56.925+09:00,Hoseop Shin,KeyEvent,109:77:0,071,Editor,C:/Users/hoseop/CLionProjects/071/Complex.cpp,,12,13,Default task
2023-01-12T00:51:57.735+09:00,Hoseop Shin,KeyEvent,112:80:0,071,Editor,C:/Users/hoseop/CLionProjects/071/Complex.cpp,,12,14,Default task
2023-01-12T00:51:58.009+09:00,Hoseop Shin,KeyEvent,108:76:0,071,Editor,C:/Users/hoseop/CLionProjects/071/Complex.cpp,,12,15,Default task
2023-01-12T00:51:58.269+09:00,Hoseop Shin,KeyEvent,101:69:0,071,Editor,C:/Users/hoseop/CLionProjects/071/Complex.cpp,,12,16,Default task
2023-01-12T00:51:58.516+09:00,Hoseop Shin,KeyEvent,120:88:0,071,Editor,C:/Users/hoseop/CLionProjects/071/Complex.cpp,,12,17,Default task
2023-01-12T00:51:59.603+09:00,Hoseop Shin,KeyEvent,32:32:0,071,Editor,C:/Users/hoseop/CLionProjects/071/Complex.cpp,,12,18,Default task
2023-01-12T00:52:17.662+09:00,Hoseop Shin,Action,EditorBackSpace,071,Editor,C:/Users/hoseop/CLionProjects/071/Complex.cpp,,12,19,Default task
2023-01-12T00:52:17.676+09:00,Hoseop Shin,KeyEvent,8:8:0,071,Editor,C:/Users/hoseop/CLionProjects/071/Complex.cpp,,12,18,Default task
2023-01-12T00:52:17.907+09:00,Hoseop Shin,KeyEvent,65535:16:1,071,Editor,C:/Users/hoseop/CLionProjects/071/Complex.cpp,,12,18,Default task
2023-01-12T00:52:17.979+09:00,Hoseop Shin,KeyEvent,40:57:1,071,Editor,C:/Users/hoseop/CLionProjects/071/Complex.cpp,,12,18,Default task
2023-01-12T00:53:29.840+09:00,Hoseop Shin,KeyEvent,114:82:0,071,Editor,C:/Users/hoseop/CLionProjects/071/Complex.cpp,,12,19,Default task
2023-01-12T00:53:30.269+09:00,Hoseop Shin,KeyEvent,65535:16:1,071,Editor,C:/Users/hoseop/CLionProjects/071/Complex.cpp,,12,20,Default task
2023-01-12T00:53:30.360+09:00,Hoseop Shin,KeyEvent,43:61:1,071,Editor,C:/Users/hoseop/CLionProjects/071/Complex.cpp,,12,20,Default task
2023-01-12T00:53:31.887+09:00,Hoseop Shin,KeyEvent,114:82:0,071,Editor,C:/Users/hoseop/CLionProjects/071/Complex.cpp,,12,21,Default task
2023-01-12T00:53:32.106+09:00,Hoseop Shin,KeyEvent,104:72:0,071,Editor,C:/Users/hoseop/CLionProjects/071/Complex.cpp,,12,22,Default task
2023-01-12T00:53:32.284+09:00,Hoseop Shin,KeyEvent,115:83:0,071,Editor,C:/Users/hoseop/CLionProjects/071/Complex.cpp,,12,23,Default task
2023-01-12T00:53:32.815+09:00,Hoseop Shin,KeyEvent,46:46:0,071,Editor,C:/Users/hoseop/CLionProjects/071/Complex.cpp,,12,24,Default task
2023-01-12T00:53:33.165+09:00,Hoseop Shin,KeyEvent,114:82:0,071,Editor,C:/Users/hoseop/CLionProjects/071/Complex.cpp,,12,25,Default task
2023-01-12T00:53:35.612+09:00,Hoseop Shin,KeyEvent,44:44:0,071,Editor,C:/Users/hoseop/CLionProjects/071/Complex.cpp,,12,26,Default task
2023-01-12T00:53:39.834+09:00,Hoseop Shin,KeyEvent,105:73:0,071,Editor,C:/Users/hoseop/CLionProjects/071/Complex.cpp,,12,27,Default task
2023-01-12T00:53:41.390+09:00,Hoseop Shin,KeyEvent,65535:16:1,071,Editor,C:/Users/hoseop/CLionProjects/071/Complex.cpp,,12,28,Default task
2023-01-12T00:53:41.466+09:00,Hoseop Shin,KeyEvent,43:61:1,071,Editor,C:/Users/hoseop/CLionProjects/071/Complex.cpp,,12,28,Default task
2023-01-12T00:53:43.678+09:00,Hoseop Shin,KeyEvent,114:82:0,071,Editor,C:/Users/hoseop/CLionProjects/071/Complex.cpp,,12,29,Default task
2023-01-12T00:53:43.788+09:00,Hoseop Shin,KeyEvent,104:72:0,071,Editor,C:/Users/hoseop/CLionProjects/071/Complex.cpp,,12,30,Default task
2023-01-12T00:53:43.914+09:00,Hoseop Shin,KeyEvent,105:73:0,071,Editor,C:/Users/hoseop/CLionProjects/071/Complex.cpp,,12,31,Default task
2023-01-12T00:53:44.370+09:00,Hoseop Shin,Action,EditorBackSpace,071,Editor,C:/Users/hoseop/CLionProjects/071/Complex.cpp,,12,32,Default task
2023-01-12T00:53:44.390+09:00,Hoseop Shin,KeyEvent,8:8:0,071,Editor,C:/Users/hoseop/CLionProjects/071/Complex.cpp,,12,31,Default task
2023-01-12T00:53:44.511+09:00,Hoseop Shin,KeyEvent,115:83:0,071,Editor,C:/Users/hoseop/CLionProjects/071/Complex.cpp,,12,31,Default task
2023-01-12T00:53:45.094+09:00,Hoseop Shin,KeyEvent,46:46:0,071,Editor,C:/Users/hoseop/CLionProjects/071/Complex.cpp,,12,32,Default task
2023-01-12T00:53:45.762+09:00,Hoseop Shin,KeyEvent,105:73:0,071,Editor,C:/Users/hoseop/CLionProjects/071/Complex.cpp,,12,33,Default task
2023-01-12T00:53:47.084+09:00,Hoseop Shin,Action,EditorRight,071,Editor,C:/Users/hoseop/CLionProjects/071/Complex.cpp,,12,34,Default task
2023-01-12T00:53:47.102+09:00,Hoseop Shin,KeyEvent,65535:39:0,071,Editor,C:/Users/hoseop/CLionProjects/071/Complex.cpp,,12,35,Default task
2023-01-12T00:53:47.520+09:00,Hoseop Shin,Action,EditorRight,071,Editor,C:/Users/hoseop/CLionProjects/071/Complex.cpp,,12,35,Default task
2023-01-12T00:53:47.523+09:00,Hoseop Shin,KeyEvent,65535:39:0,071,Editor,C:/Users/hoseop/CLionProjects/071/Complex.cpp,,12,36,Default task
2023-01-12T00:53:53.128+09:00,Hoseop Shin,KeyEvent,65535:16:1,071,Editor,C:/Users/hoseop/CLionProjects/071/Complex.cpp,,16,11,Default task
2023-01-12T00:53:53.219+09:00,Hoseop Shin,KeyEvent,40:57:1,071,Editor,C:/Users/hoseop/CLionProjects/071/Complex.cpp,,16,11,Default task
2023-01-12T00:53:54.449+09:00,Hoseop Shin,KeyEvent,114:82:0,071,Editor,C:/Users/hoseop/CLionProjects/071/Complex.cpp,,16,12,Default task
2023-01-12T00:53:57.700+09:00,Hoseop Shin,KeyEvent,45:45:0,071,Editor,C:/Users/hoseop/CLionProjects/071/Complex.cpp,,16,13,Default task
2023-01-12T00:53:59.327+09:00,Hoseop Shin,KeyEvent,114:82:0,071,Editor,C:/Users/hoseop/CLionProjects/071/Complex.cpp,,16,14,Default task
2023-01-12T00:53:59.478+09:00,Hoseop Shin,KeyEvent,104:72:0,071,Editor,C:/Users/hoseop/CLionProjects/071/Complex.cpp,,16,15,Default task
2023-01-12T00:53:59.740+09:00,Hoseop Shin,KeyEvent,115:83:0,071,Editor,C:/Users/hoseop/CLionProjects/071/Complex.cpp,,16,16,Default task
2023-01-12T00:54:00.747+09:00,Hoseop Shin,KeyEvent,46:46:0,071,Editor,C:/Users/hoseop/CLionProjects/071/Complex.cpp,,16,17,Default task
2023-01-12T00:54:00.972+09:00,Hoseop Shin,KeyEvent,114:82:0,071,Editor,C:/Users/hoseop/CLionProjects/071/Complex.cpp,,16,18,Default task
2023-01-12T00:54:01.687+09:00,Hoseop Shin,KeyEvent,44:44:0,071,Editor,C:/Users/hoseop/CLionProjects/071/Complex.cpp,,16,19,Default task
2023-01-12T00:54:03.017+09:00,Hoseop Shin,KeyEvent,105:73:0,071,Editor,C:/Users/hoseop/CLionProjects/071/Complex.cpp,,16,20,Default task
2023-01-12T00:54:03.600+09:00,Hoseop Shin,KeyEvent,65535:16:1,071,Editor,C:/Users/hoseop/CLionProjects/071/Complex.cpp,,16,21,Default task
2023-01-12T00:54:03.674+09:00,Hoseop Shin,KeyEvent,95:45:1,071,Editor,C:/Users/hoseop/CLionProjects/071/Complex.cpp,,16,21,Default task
2023-01-12T00:54:03.900+09:00,Hoseop Shin,KeyEvent,114:82:0,071,Editor,C:/Users/hoseop/CLionProjects/071/Complex.cpp,,16,22,Default task
2023-01-12T00:54:04.139+09:00,Hoseop Shin,KeyEvent,104:72:0,071,Editor,C:/Users/hoseop/CLionProjects/071/Complex.cpp,,16,23,Default task
2023-01-12T00:54:04.283+09:00,Hoseop Shin,KeyEvent,115:83:0,071,Editor,C:/Users/hoseop/CLionProjects/071/Complex.cpp,,16,24,Default task
2023-01-12T00:54:05.423+09:00,Hoseop Shin,Action,EditorBackSpace,071,Editor,C:/Users/hoseop/CLionProjects/071/Complex.cpp,,16,25,Default task
2023-01-12T00:54:05.438+09:00,Hoseop Shin,KeyEvent,8:8:0,071,Editor,C:/Users/hoseop/CLionProjects/071/Complex.cpp,,16,24,Default task
2023-01-12T00:54:05.586+09:00,Hoseop Shin,Action,EditorBackSpace,071,Editor,C:/Users/hoseop/CLionProjects/071/Complex.cpp,,16,24,Default task
2023-01-12T00:54:05.604+09:00,Hoseop Shin,KeyEvent,8:8:0,071,Editor,C:/Users/hoseop/CLionProjects/071/Complex.cpp,,16,23,Default task
2023-01-12T00:54:05.755+09:00,Hoseop Shin,Action,EditorBackSpace,071,Editor,C:/Users/hoseop/CLionProjects/071/Complex.cpp,,16,23,Default task
2023-01-12T00:54:05.769+09:00,Hoseop Shin,KeyEvent,8:8:0,071,Editor,C:/Users/hoseop/CLionProjects/071/Complex.cpp,,16,22,Default task
2023-01-12T00:54:05.904+09:00,Hoseop Shin,Action,EditorBackSpace,071,Editor,C:/Users/hoseop/CLionProjects/071/Complex.cpp,,16,22,Default task
2023-01-12T00:54:05.922+09:00,Hoseop Shin,KeyEvent,8:8:0,071,Editor,C:/Users/hoseop/CLionProjects/071/Complex.cpp,,16,21,Default task
2023-01-12T00:54:08.582+09:00,Hoseop Shin,KeyEvent,105:73:0,071,Editor,C:/Users/hoseop/CLionProjects/071/Complex.cpp,,16,21,Default task
2023-01-12T00:54:09.556+09:00,Hoseop Shin,KeyEvent,45:45:0,071,Editor,C:/Users/hoseop/CLionProjects/071/Complex.cpp,,16,22,Default task
2023-01-12T00:54:10.437+09:00,Hoseop Shin,Action,EditorBackSpace,071,Editor,C:/Users/hoseop/CLionProjects/071/Complex.cpp,,16,23,Default task
2023-01-12T00:54:10.443+09:00,Hoseop Shin,KeyEvent,8:8:0,071,Editor,C:/Users/hoseop/CLionProjects/071/Complex.cpp,,16,22,Default task
2023-01-12T00:54:10.564+09:00,Hoseop Shin,Action,EditorBackSpace,071,Editor,C:/Users/hoseop/CLionProjects/071/Complex.cpp,,16,22,Default task
2023-01-12T00:54:10.579+09:00,Hoseop Shin,KeyEvent,8:8:0,071,Editor,C:/Users/hoseop/CLionProjects/071/Complex.cpp,,16,21,Default task
2023-01-12T00:54:11.207+09:00,Hoseop Shin,KeyEvent,45:45:0,071,Editor,C:/Users/hoseop/CLionProjects/071/Complex.cpp,,16,21,Default task
2023-01-12T00:54:11.739+09:00,Hoseop Shin,KeyEvent,105:73:0,071,Editor,C:/Users/hoseop/CLionProjects/071/Complex.cpp,,16,22,Default task
2023-01-12T00:54:12.192+09:00,Hoseop Shin,KeyEvent,46:46:0,071,Editor,C:/Users/hoseop/CLionProjects/071/Complex.cpp,,16,23,Default task
2023-01-12T00:54:12.721+09:00,Hoseop Shin,Action,EditorBackSpace,071,Editor,C:/Users/hoseop/CLionProjects/071/Complex.cpp,,16,24,Default task
2023-01-12T00:54:12.759+09:00,Hoseop Shin,KeyEvent,8:8:0,071,Editor,C:/Users/hoseop/CLionProjects/071/Complex.cpp,,16,23,Default task
2023-01-12T00:54:12.845+09:00,Hoseop Shin,Action,EditorBackSpace,071,Editor,C:/Users/hoseop/CLionProjects/071/Complex.cpp,,16,23,Default task
2023-01-12T00:54:12.859+09:00,Hoseop Shin,KeyEvent,8:8:0,071,Editor,C:/Users/hoseop/CLionProjects/071/Complex.cpp,,16,22,Default task
2023-01-12T00:54:13.278+09:00,Hoseop Shin,KeyEvent,114:82:0,071,Editor,C:/Users/hoseop/CLionProjects/071/Complex.cpp,,16,22,Default task
2023-01-12T00:54:13.420+09:00,Hoseop Shin,KeyEvent,104:72:0,071,Editor,C:/Users/hoseop/CLionProjects/071/Complex.cpp,,16,23,Default task
2023-01-12T00:54:13.562+09:00,Hoseop Shin,KeyEvent,115:83:0,071,Editor,C:/Users/hoseop/CLionProjects/071/Complex.cpp,,16,24,Default task
2023-01-12T00:54:14.265+09:00,Hoseop Shin,KeyEvent,46:46:0,071,Editor,C:/Users/hoseop/CLionProjects/071/Complex.cpp,,16,25,Default task
2023-01-12T00:54:14.541+09:00,Hoseop Shin,KeyEvent,105:73:0,071,Editor,C:/Users/hoseop/CLionProjects/071/Complex.cpp,,16,26,Default task
2023-01-12T00:54:15.151+09:00,Hoseop Shin,Action,EditorRight,071,Editor,C:/Users/hoseop/CLionProjects/071/Complex.cpp,,16,27,Default task
2023-01-12T00:54:15.169+09:00,Hoseop Shin,KeyEvent,65535:39:0,071,Editor,C:/Users/hoseop/CLionProjects/071/Complex.cpp,,16,28,Default task
2023-01-12T00:54:15.528+09:00,Hoseop Shin,Action,EditorRight,071,Editor,C:/Users/hoseop/CLionProjects/071/Complex.cpp,,16,28,Default task
2023-01-12T00:54:15.530+09:00,Hoseop Shin,KeyEvent,65535:39:0,071,Editor,C:/Users/hoseop/CLionProjects/071/Complex.cpp,,16,29,Default task
2023-01-12T00:54:16.543+09:00,Hoseop Shin,KeyEvent,65535:16:1,071,Editor,C:/Users/hoseop/CLionProjects/071/Complex.cpp,,16,29,Default task
2023-01-12T00:54:16.649+09:00,Hoseop Shin,Action,Run,071,Editor,C:/Users/hoseop/CLionProjects/071/Complex.cpp,,16,29,Default task
2023-01-12T00:54:16.733+09:00,Hoseop Shin,KeyEvent,65535:121:1,071,Editor,C:/Users/hoseop/CLionProjects/071/Complex.cpp,,16,29,Default task
2023-01-12T00:55:12.005+09:00,Hoseop Shin,KeyEvent,65535:20:0,071,Editor,C:/Users/hoseop/CLionProjects/071/Complex.cpp,,16,11,Default task
2023-01-12T00:55:12.259+09:00,Hoseop Shin,KeyEvent,67:67:0,071,Editor,C:/Users/hoseop/CLionProjects/071/Complex.cpp,,16,11,Default task
2023-01-12T00:55:12.455+09:00,Hoseop Shin,KeyEvent,65535:20:0,071,Editor,C:/Users/hoseop/CLionProjects/071/Complex.cpp,,16,12,Default task
2023-01-12T00:55:12.633+09:00,Hoseop Shin,KeyEvent,111:79:0,071,Editor,C:/Users/hoseop/CLionProjects/071/Complex.cpp,,16,12,Default task
2023-01-12T00:55:12.753+09:00,Hoseop Shin,KeyEvent,109:77:0,071,Editor,C:/Users/hoseop/CLionProjects/071/Complex.cpp,,16,13,Default task
2023-01-12T00:55:12.911+09:00,Hoseop Shin,KeyEvent,112:80:0,071,Editor,C:/Users/hoseop/CLionProjects/071/Complex.cpp,,16,14,Default task
2023-01-12T00:55:13.140+09:00,Hoseop Shin,KeyEvent,108:76:0,071,Editor,C:/Users/hoseop/CLionProjects/071/Complex.cpp,,16,15,Default task
2023-01-12T00:55:13.278+09:00,Hoseop Shin,KeyEvent,101:69:0,071,Editor,C:/Users/hoseop/CLionProjects/071/Complex.cpp,,16,16,Default task
2023-01-12T00:55:13.505+09:00,Hoseop Shin,KeyEvent,115:83:0,071,Editor,C:/Users/hoseop/CLionProjects/071/Complex.cpp,,16,17,Default task
2023-01-12T00:55:14.369+09:00,Hoseop Shin,Action,EditorBackSpace,071,Editor,C:/Users/hoseop/CLionProjects/071/Complex.cpp,,16,18,Default task
2023-01-12T00:55:14.374+09:00,Hoseop Shin,KeyEvent,8:8:0,071,Editor,C:/Users/hoseop/CLionProjects/071/Complex.cpp,,16,17,Default task
2023-01-12T00:55:14.481+09:00,Hoseop Shin,KeyEvent,120:88:0,071,Editor,C:/Users/hoseop/CLionProjects/071/Complex.cpp,,16,17,Default task
2023-01-12T00:55:15.960+09:00,Hoseop Shin,KeyEvent,65535:16:1,071,Editor,C:/Users/hoseop/CLionProjects/071/Complex.cpp,,16,18,Default task
2023-01-12T00:55:16.077+09:00,Hoseop Shin,Action,Run,071,Editor,C:/Users/hoseop/CLionProjects/071/Complex.cpp,,16,18,Default task
2023-01-12T00:55:16.082+09:00,Hoseop Shin,KeyEvent,65535:121:1,071,Editor,C:/Users/hoseop/CLionProjects/071/Complex.cpp,,16,18,Default task
2023-01-12T00:55:41.995+09:00,Hoseop Shin,KeyEvent,65535:17:2,071,Editor,C:/Users/hoseop/CLionProjects/071/Complex.cpp,,8,14,Default task
2023-01-12T00:55:42.072+09:00,Hoseop Shin,Action,CommentByLineComment,071,Editor,C:/Users/hoseop/CLionProjects/071/Complex.cpp,,8,14,Default task
2023-01-12T00:55:42.096+09:00,Hoseop Shin,KeyEvent,47:47:2,071,Editor,C:/Users/hoseop/CLionProjects/071/Complex.cpp,,8,16,Default task
2023-01-12T00:55:42.470+09:00,Hoseop Shin,Action,EditorUp,071,Editor,C:/Users/hoseop/CLionProjects/071/Complex.cpp,,8,16,Default task
2023-01-12T00:55:42.473+09:00,Hoseop Shin,KeyEvent,65535:38:0,071,Editor,C:/Users/hoseop/CLionProjects/071/Complex.cpp,,6,6,Default task
2023-01-12T00:55:43.284+09:00,Hoseop Shin,Action,EditorDown,071,Editor,C:/Users/hoseop/CLionProjects/071/Complex.cpp,,6,6,Default task
2023-01-12T00:55:43.292+09:00,Hoseop Shin,KeyEvent,65535:40:0,071,Editor,C:/Users/hoseop/CLionProjects/071/Complex.cpp,,7,6,Default task
2023-01-12T00:55:43.604+09:00,Hoseop Shin,Action,EditorLineStart,071,Editor,C:/Users/hoseop/CLionProjects/071/Complex.cpp,,7,6,Default task
2023-01-12T00:55:43.607+09:00,Hoseop Shin,KeyEvent,65535:36:0,071,Editor,C:/Users/hoseop/CLionProjects/071/Complex.cpp,,7,0,Default task
2023-01-12T00:55:43.868+09:00,Hoseop Shin,Action,EditorEnter,071,Editor,C:/Users/hoseop/CLionProjects/071/Complex.cpp,,7,0,Default task
2023-01-12T00:55:43.876+09:00,Hoseop Shin,KeyEvent,10:10:0,071,Editor,C:/Users/hoseop/CLionProjects/071/Complex.cpp,,8,4,Default task
2023-01-12T00:55:44.385+09:00,Hoseop Shin,Action,EditorUp,071,Editor,C:/Users/hoseop/CLionProjects/071/Complex.cpp,,8,4,Default task
2023-01-12T00:55:44.388+09:00,Hoseop Shin,KeyEvent,65535:38:0,071,Editor,C:/Users/hoseop/CLionProjects/071/Complex.cpp,,7,0,Default task
2023-01-12T00:55:44.812+09:00,Hoseop Shin,Action,EditorTab,071,Editor,C:/Users/hoseop/CLionProjects/071/Complex.cpp,,7,0,Default task
2023-01-12T00:55:44.818+09:00,Hoseop Shin,KeyEvent,9:9:0,071,Editor,C:/Users/hoseop/CLionProjects/071/Complex.cpp,,7,4,Default task
2023-01-12T00:55:45.507+09:00,Hoseop Shin,KeyEvent,115:83:0,071,Editor,C:/Users/hoseop/CLionProjects/071/Complex.cpp,,7,4,Default task
2023-01-12T00:55:46.161+09:00,Hoseop Shin,Action,EditorBackSpace,071,Editor,C:/Users/hoseop/CLionProjects/071/Complex.cpp,,7,5,Default task
2023-01-12T00:55:46.197+09:00,Hoseop Shin,KeyEvent,8:8:0,071,Editor,C:/Users/hoseop/CLionProjects/071/Complex.cpp,,7,4,Default task
2023-01-12T00:55:46.391+09:00,Hoseop Shin,KeyEvent,111:79:0,071,Editor,C:/Users/hoseop/CLionProjects/071/Complex.cpp,,7,4,Default task
2023-01-12T00:55:46.496+09:00,Hoseop Shin,KeyEvent,115:83:0,071,Editor,C:/Users/hoseop/CLionProjects/071/Complex.cpp,,7,5,Default task
2023-01-12T00:55:46.828+09:00,Hoseop Shin,KeyEvent,32:32:0,071,Editor,C:/Users/hoseop/CLionProjects/071/Complex.cpp,,7,6,Default task
2023-01-12T00:55:46.984+09:00,Hoseop Shin,KeyEvent,65535:16:1,071,Editor,C:/Users/hoseop/CLionProjects/071/Complex.cpp,,7,7,Default task
2023-01-12T00:55:47.100+09:00,Hoseop Shin,KeyEvent,60:44:1,071,Editor,C:/Users/hoseop/CLionProjects/071/Complex.cpp,,7,7,Default task
2023-01-12T00:55:47.240+09:00,Hoseop Shin,KeyEvent,60:44:1,071,Editor,C:/Users/hoseop/CLionProjects/071/Complex.cpp,,7,8,Default task
2023-01-12T00:55:47.481+09:00,Hoseop Shin,KeyEvent,32:32:0,071,Editor,C:/Users/hoseop/CLionProjects/071/Complex.cpp,,7,9,Default task
2023-01-12T00:55:48.100+09:00,Hoseop Shin,KeyEvent,99:67:0,071,Editor,C:/Users/hoseop/CLionProjects/071/Complex.cpp,,7,10,Default task
2023-01-12T00:55:48.259+09:00,Hoseop Shin,KeyEvent,46:46:0,071,Editor,C:/Users/hoseop/CLionProjects/071/Complex.cpp,,7,11,Default task
2023-01-12T00:55:48.377+09:00,Hoseop Shin,KeyEvent,114:82:0,071,Editor,C:/Users/hoseop/CLionProjects/071/Complex.cpp,,7,12,Default task
2023-01-12T00:55:48.883+09:00,Hoseop Shin,KeyEvent,32:32:0,071,Editor,C:/Users/hoseop/CLionProjects/071/Complex.cpp,,7,13,Default task
2023-01-12T00:55:48.979+09:00,Hoseop Shin,KeyEvent,65535:16:1,071,Editor,C:/Users/hoseop/CLionProjects/071/Complex.cpp,,7,14,Default task
2023-01-12T00:55:49.100+09:00,Hoseop Shin,KeyEvent,60:44:1,071,Editor,C:/Users/hoseop/CLionProjects/071/Complex.cpp,,7,14,Default task
2023-01-12T00:55:49.232+09:00,Hoseop Shin,KeyEvent,60:44:1,071,Editor,C:/Users/hoseop/CLionProjects/071/Complex.cpp,,7,15,Default task
2023-01-12T00:55:49.329+09:00,Hoseop Shin,KeyEvent,32:32:0,071,Editor,C:/Users/hoseop/CLionProjects/071/Complex.cpp,,7,16,Default task
2023-01-12T00:55:49.467+09:00,Hoseop Shin,KeyEvent,65535:16:1,071,Editor,C:/Users/hoseop/CLionProjects/071/Complex.cpp,,7,17,Default task
2023-01-12T00:55:49.571+09:00,Hoseop Shin,KeyEvent,34:222:1,071,Editor,C:/Users/hoseop/CLionProjects/071/Complex.cpp,,7,17,Default task
2023-01-12T00:55:49.997+09:00,Hoseop Shin,KeyEvent,32:32:0,071,Editor,C:/Users/hoseop/CLionProjects/071/Complex.cpp,,7,18,Default task
2023-01-12T00:55:50.535+09:00,Hoseop Shin,KeyEvent,65535:16:1,071,Editor,C:/Users/hoseop/CLionProjects/071/Complex.cpp,,7,19,Default task
2023-01-12T00:55:50.746+09:00,Hoseop Shin,KeyEvent,43:61:1,071,Editor,C:/Users/hoseop/CLionProjects/071/Complex.cpp,,7,19,Default task
2023-01-12T00:55:50.948+09:00,Hoseop Shin,KeyEvent,32:32:0,071,Editor,C:/Users/hoseop/CLionProjects/071/Complex.cpp,,7,20,Default task
2023-01-12T00:55:51.434+09:00,Hoseop Shin,Action,EditorRight,071,Editor,C:/Users/hoseop/CLionProjects/071/Complex.cpp,,7,21,Default task
2023-01-12T00:55:51.437+09:00,Hoseop Shin,KeyEvent,65535:39:0,071,Editor,C:/Users/hoseop/CLionProjects/071/Complex.cpp,,7,22,Default task
2023-01-12T00:55:51.838+09:00,Hoseop Shin,KeyEvent,32:32:0,071,Editor,C:/Users/hoseop/CLionProjects/071/Complex.cpp,,7,22,Default task
2023-01-12T00:55:51.975+09:00,Hoseop Shin,KeyEvent,65535:16:1,071,Editor,C:/Users/hoseop/CLionProjects/071/Complex.cpp,,7,23,Default task
2023-01-12T00:55:52.083+09:00,Hoseop Shin,KeyEvent,60:44:1,071,Editor,C:/Users/hoseop/CLionProjects/071/Complex.cpp,,7,23,Default task
2023-01-12T00:55:52.245+09:00,Hoseop Shin,KeyEvent,60:44:1,071,Editor,C:/Users/hoseop/CLionProjects/071/Complex.cpp,,7,24,Default task
2023-01-12T00:55:52.404+09:00,Hoseop Shin,KeyEvent,32:32:0,071,Editor,C:/Users/hoseop/CLionProjects/071/Complex.cpp,,7,25,Default task
2023-01-12T00:55:52.823+09:00,Hoseop Shin,KeyEvent,99:67:0,071,Editor,C:/Users/hoseop/CLionProjects/071/Complex.cpp,,7,26,Default task
2023-01-12T00:55:53.812+09:00,Hoseop Shin,KeyEvent,46:46:0,071,Editor,C:/Users/hoseop/CLionProjects/071/Complex.cpp,,7,27,Default task
2023-01-12T00:55:54.162+09:00,Hoseop Shin,KeyEvent,105:73:0,071,Editor,C:/Users/hoseop/CLionProjects/071/Complex.cpp,,7,28,Default task
2023-01-12T00:55:54.732+09:00,Hoseop Shin,KeyEvent,32:32:0,071,Editor,C:/Users/hoseop/CLionProjects/071/Complex.cpp,,7,29,Default task
2023-01-12T00:55:55.034+09:00,Hoseop Shin,KeyEvent,65535:16:1,071,Editor,C:/Users/hoseop/CLionProjects/071/Complex.cpp,,7,30,Default task
2023-01-12T00:55:55.150+09:00,Hoseop Shin,KeyEvent,60:44:1,071,Editor,C:/Users/hoseop/CLionProjects/071/Complex.cpp,,7,30,Default task
2023-01-12T00:55:55.292+09:00,Hoseop Shin,KeyEvent,60:44:1,071,Editor,C:/Users/hoseop/CLionProjects/071/Complex.cpp,,7,31,Default task
2023-01-12T00:55:55.480+09:00,Hoseop Shin,KeyEvent,32:32:0,071,Editor,C:/Users/hoseop/CLionProjects/071/Complex.cpp,,7,32,Default task
2023-01-12T00:55:57.160+09:00,Hoseop Shin,KeyEvent,65535:16:1,071,Editor,C:/Users/hoseop/CLionProjects/071/Complex.cpp,,7,33,Default task
2023-01-12T00:55:57.217+09:00,Hoseop Shin,KeyEvent,34:222:1,071,Editor,C:/Users/hoseop/CLionProjects/071/Complex.cpp,,7,33,Default task
2023-01-12T00:55:57.739+09:00,Hoseop Shin,KeyEvent,105:73:0,071,Editor,C:/Users/hoseop/CLionProjects/071/Complex.cpp,,7,34,Default task
2023-01-12T00:55:58.295+09:00,Hoseop Shin,Action,EditorRight,071,Editor,C:/Users/hoseop/CLionProjects/071/Complex.cpp,,7,35,Default task
2023-01-12T00:55:58.298+09:00,Hoseop Shin,KeyEvent,65535:39:0,071,Editor,C:/Users/hoseop/CLionProjects/071/Complex.cpp,,7,36,Default task
2023-01-12T00:55:58.891+09:00,Hoseop Shin,KeyEvent,59:59:0,071,Editor,C:/Users/hoseop/CLionProjects/071/Complex.cpp,,7,36,Default task
2023-01-12T00:56:00.585+09:00,Hoseop Shin,Action,EditorEnter,071,Editor,C:/Users/hoseop/CLionProjects/071/Complex.cpp,,7,37,Default task
2023-01-12T00:56:00.593+09:00,Hoseop Shin,KeyEvent,10:10:0,071,Editor,C:/Users/hoseop/CLionProjects/071/Complex.cpp,,8,4,Default task
2023-01-12T00:56:00.847+09:00,Hoseop Shin,KeyEvent,114:82:0,071,Editor,C:/Users/hoseop/CLionProjects/071/Complex.cpp,,8,4,Default task
2023-01-12T00:56:00.959+09:00,Hoseop Shin,KeyEvent,101:69:0,071,Editor,C:/Users/hoseop/CLionProjects/071/Complex.cpp,,8,5,Default task
2023-01-12T00:56:01.160+09:00,Hoseop Shin,KeyEvent,116:84:0,071,Editor,C:/Users/hoseop/CLionProjects/071/Complex.cpp,,8,6,Default task
2023-01-12T00:56:01.249+09:00,Hoseop Shin,KeyEvent,117:85:0,071,Editor,C:/Users/hoseop/CLionProjects/071/Complex.cpp,,8,7,Default task
2023-01-12T00:56:01.358+09:00,Hoseop Shin,KeyEvent,114:82:0,071,Editor,C:/Users/hoseop/CLionProjects/071/Complex.cpp,,8,8,Default task
2023-01-12T00:56:01.462+09:00,Hoseop Shin,KeyEvent,110:78:0,071,Editor,C:/Users/hoseop/CLionProjects/071/Complex.cpp,,8,9,Default task
2023-01-12T00:56:02.029+09:00,Hoseop Shin,KeyEvent,32:32:0,071,Editor,C:/Users/hoseop/CLionProjects/071/Complex.cpp,,8,10,Default task
2023-01-12T00:56:02.353+09:00,Hoseop Shin,KeyEvent,111:79:0,071,Editor,C:/Users/hoseop/CLionProjects/071/Complex.cpp,,8,11,Default task
2023-01-12T00:56:02.441+09:00,Hoseop Shin,KeyEvent,115:83:0,071,Editor,C:/Users/hoseop/CLionProjects/071/Complex.cpp,,8,12,Default task
2023-01-12T00:56:02.686+09:00,Hoseop Shin,KeyEvent,59:59:0,071,Editor,C:/Users/hoseop/CLionProjects/071/Complex.cpp,,8,13,Default task
2023-01-12T00:56:06.157+09:00,Hoseop Shin,Action,EditorBackSpace,071,Editor,C:/Users/hoseop/CLionProjects/071/Complex.cpp,,9,0,Default task
2023-01-12T00:56:06.162+09:00,Hoseop Shin,KeyEvent,8:8:0,071,Editor,C:/Users/hoseop/CLionProjects/071/Complex.cpp,,9,0,Default task
2023-01-12T00:56:07.091+09:00,Hoseop Shin,KeyEvent,65535:16:1,071,Editor,C:/Users/hoseop/CLionProjects/071/Complex.cpp,,9,0,Default task
2023-01-12T00:56:07.273+09:00,Hoseop Shin,Action,Run,071,Editor,C:/Users/hoseop/CLionProjects/071/Complex.cpp,,9,0,Default task
2023-01-12T00:56:07.283+09:00,Hoseop Shin,KeyEvent,65535:121:1,071,Editor,C:/Users/hoseop/CLionProjects/071/Complex.cpp,,9,0,Default task
2023-01-12T00:56:08.590+09:00,Hoseop Shin,Action,EditorBackSpace,071,Editor,C:/Users/hoseop/CLionProjects/071/Complex.cpp,,9,0,Default task
2023-01-12T00:56:08.597+09:00,Hoseop Shin,KeyEvent,8:8:0,071,Editor,C:/Users/hoseop/CLionProjects/071/Complex.cpp,,8,14,Default task
2023-01-12T00:56:15.231+09:00,Hoseop Shin,KeyEvent,65535:17:2,071,Editor,C:/Users/hoseop/CLionProjects/071/Complex.cpp,,8,14,Default task
2023-01-12T00:56:15.386+09:00,Hoseop Shin,KeyEvent,65535:18:10,071,Editor,C:/Users/hoseop/CLionProjects/071/Complex.cpp,,8,14,Default task
2023-01-12T00:56:15.536+09:00,Hoseop Shin,KeyEvent,65535:16:11,071,Editor,C:/Users/hoseop/CLionProjects/071/Complex.cpp,,8,14,Default task
2023-01-12T00:56:15.754+09:00,Hoseop Shin,Action,ActivityTracker-Popup,071,Editor,C:/Users/hoseop/CLionProjects/071/Complex.cpp,,8,14,Default task
2023-01-12T00:56:15.790+09:00,Hoseop Shin,KeyEvent,65535:79:11,071,Editor,C:/Users/hoseop/CLionProjects/071/Complex.cpp,,8,14,Default task
2023-01-12T00:56:22.652+09:00,Hoseop Shin,Action,RevealIn,071,Popup,C:/Users/hoseop/AppData/Roaming/JetBrains/CLion2022.3/plugins/activity-tracker/ide-events.csv,,0,46,Default task
